model_name,cluster_id_30,global_mae,perturbed_auroc,perturbed_auprc,derived_radius_mae,derived_class_macro_f1,mae_shell_0,mae_shell_1,mae_shell_2,mae_shell_3,mae_shell_4,shell_mae
base_v5,1ct1_E,0.2773535816057411,0.8610941212870408,0.3134563158590995,26.22122393282663,0.003952569169960474,1.2628807015511705,0.5174328573017497,0.1945839198773436,0.2870774289819651,0.2220862017714054,0.4968122218967269
base_v5,1gyr_C,0.3646523220836434,0.7235054894237146,0.24137613426451912,39.562649726867676,0.0,0.22957182344463137,0.20392445445592916,0.241905531190325,0.36045961734856924,0.37452730653472427,0.2820777465948358
base_v5,1h7x_D,0.18513522668236604,0.8471307048275749,0.19274419423603859,80.03887315229936,0.09090909090909091,1.8505888068766303,1.6837927090495635,0.5391034245009283,0.1283092986371746,0.1490293136504596,0.8701647105429514
base_v5,1ild_A,0.15970983367833647,0.9735294117647059,0.5645833333333333,32.0631103515625,0.0,0.22269087284803393,0.2452095313505693,0.14290783488575148,0.09296541795905294,0.16525187552315632,0.1738051065133128
base_v5,1jll_E,0.22554619104010712,0.8024943337397807,0.23809012511812375,31.290436137806285,0.9090909090909091,0.07784312308737727,0.10256879112655017,0.1554162416693638,0.18679325418527826,0.24479236203235102,0.1534827544201841
base_v5,1me5_B,0.2598359432817941,0.742599395151012,0.25466488198553144,34.087395985921226,0.0,0.2772959735658434,0.16272102923442922,0.17260951508676967,0.197604791971145,0.28809191326161915,0.2196646446239613
base_v5,1mjy_A,0.39436258041871747,0.8185107174674621,0.4541484793144144,23.571336327937612,0.0,0.37409241586291825,0.42810656818086906,0.37998313560771363,0.4040924489963398,0.40254278446460856,0.39776347062248985
base_v5,1u5o_A,0.3115856679339157,0.7991134054911228,0.4696348553005658,8.679454061720106,0.5555555555555556,0.41995209179542686,0.21096763887937053,0.24287035714825075,0.2415799904560697,0.3442143939697142,0.29191689444976643
base_v5,1vyd_B,0.14097670481363633,0.9173913043478261,0.525,11.682313919067383,0.5,0.185364971558253,0.24056543875485661,0.13205738624350893,0.13522597813668352,0.13772342282301578,0.16618743950326356
base_v5,1vzi_B,0.18632298683961854,0.6731104084420821,0.03600564523406963,16.99758849143982,0.35,0.20788758783601224,0.12925288187605993,0.16420760608764579,0.1610299897057352,0.2252506946202042,0.1775257520251315
base_v5,1y39_A,0.2109787290462771,0.5753424657534247,0.03125,0.0,0.0,0.4903542399406433,0.24606779093543688,0.25449194452341867,0.19531310140155256,0.16292449389584363,0.269830314139379
base_v5,1z73_A,0.06641552078324449,,,0.0,1.0,0.05823793510595956,0.05666548179255593,0.07248799130320549,0.07377745226025581,0.06442254234026087,0.06511828056044752
base_v5,1z8u_A,0.2822472388493932,0.9561101549053357,0.738429427715142,40.69789493083954,0.0,2.231290191411972,1.0114511772990227,0.28292371332645416,0.1600573013226191,0.19758110287585767,0.7766606972471851
base_v5,2a6x_B,0.16920783346068097,0.8767441860465116,0.08354174561071112,17.218212127685547,0.0,0.05500937004884085,0.16590384062793523,0.29778177145382634,0.12933275575439135,0.16352084963816962,0.16230971750463266
base_v5,2awi_L,0.2255493866764519,0.7981949662070474,0.41920676212018826,41.47215805053711,0.0,0.1511533960700035,0.1191267105666074,0.11847744189823668,0.16260379797926075,0.25497298137181335,0.16126686557718434
base_v5,2bek_D,0.17516712583325134,0.8854174787646041,0.32037350802098347,31.227688831753202,0.011111111111111112,0.14035763370769996,0.12639506183429827,0.17560604944879316,0.1572676685234487,0.18366153785512068,0.15665759027387216
base_v5,2d5g_D,0.27948298327714566,0.8648182620446209,0.37400157590947064,22.99198627471924,0.0,0.18378829459349316,0.16707266246279082,0.11509292386472225,0.19971445446404126,0.41859988475011456,0.21685364402703242
base_v5,2eyp_A,0.19452737293423103,0.8301709385653973,0.19286477542122732,14.493084315595956,0.39655172413793105,0.16470323228973083,0.16163558764418326,0.15552996322898857,0.17671100918213048,0.222886490397788,0.17629325654856423
base_v5,2hlp_A,0.31801972003764456,0.8691670583217437,0.416640731516609,43.031165418608175,0.043782837127845885,0.28168257692708076,0.24447019946396467,0.24715589359237766,0.3283691453266604,0.32402254711035045,0.28514007248408674
base_v5,2o94_B,0.2224696957410368,0.7925209616254392,0.11005739930191405,28.4301016330719,0.375,0.15856844807664555,0.21826681719782454,0.1990038399429371,0.17519334825642763,0.23651672290281844,0.19750983527533064
base_v5,2ouv_B,0.19517570462503883,0.722688871682231,0.1498679132296457,30.5053034695712,0.045454545454545456,0.2324874782652566,0.14396321942376628,0.12012554074364173,0.14954910030764354,0.2209928220346428,0.17342363215499018
base_v5,2pp3_B,0.11384525143993303,0.9655510992964901,0.20226953438104806,40.51922728220622,0.0,0.1296841738952531,0.28297881849787454,0.2074888619824603,0.14154507959190726,0.09315624626251924,0.1709706360460029
base_v5,2xhn_B,0.13406192656518437,,,0.0,1.0,0.12203917528192207,0.11571097972669772,0.12170965967699886,0.09183837665030016,0.14081896225930807,0.11842343071904537
base_v5,2ygp_A,0.2289951940109932,1.0,1.0,30.54112434387207,0.0,0.04620158672332764,0.21640247665345674,0.2463881585460443,0.24812734223181201,0.2272028896003598,0.1968644907510001
base_v5,3a9w_A,0.1395984046544669,0.921042047766516,0.40328074227772776,27.943183263142902,0.0,0.08929659922917683,0.1745038103489649,0.13818362136681875,0.16201947575466205,0.13474997028611593,0.13975069539714768
base_v5,3ax3_A,0.666376341360085,0.7349799139571168,0.6341463820877774,22.731449445088703,0.0,1.4452089253399107,0.8846263661980629,0.700106753470997,0.7212468399721033,0.45900023175564447,0.8420378233473437
base_v5,3b8t_A,0.12208701594584816,0.8856150251520142,0.4191750743020686,25.997915074510395,0.2830188679245283,0.17480659480177382,0.12959163692221576,0.11317668710742615,0.11314328471149332,0.1230462670947072,0.13075289412752325
base_v5,3cfh_B,0.12510215774407757,0.8651912780920759,0.11305187783231262,17.798782634735108,0.375,0.12891218308359384,0.0811314096622583,0.08683244452820908,0.11570403693747697,0.1374391276578682,0.11000384037388129
base_v5,3cyi_A,2.2016246515526396,0.6249051582187416,0.9132953742525431,16.565554089016384,0.7777777777777778,1.51076340675354,1.4952702169853545,1.3995163734757798,2.170548135553577,2.659359641827825,1.847091554919215
base_v5,3dl5_C,0.22750206837714657,0.8528157036954089,0.2510934664403442,16.4854181910816,0.7631578947368421,0.4200661052345184,0.19646378715212148,0.13426847966267785,0.2109585970675999,0.23549923092740893,0.2394512400088653
base_v5,3e44_A,0.6680758691503252,0.8274705134211588,0.6584517001764231,46.82238006591797,0.0,0.9437649363563174,1.9791310727596283,0.7649135369017268,0.9022867090060993,0.6204595924262797,1.0421111694900103
base_v5,3g7j_B,0.1579529561543645,0.7792377629021038,0.29363711535523923,12.49513041973114,0.5,0.385010340057003,0.3353143662770486,0.267954756576063,0.19512344053402847,0.12377450377064933,0.2614354814429585
base_v5,3jtq_B,0.10887245888379313,0.9822695008511673,0.6946923123862778,25.843168258666992,0.5,0.15193674340844154,0.06823945045471191,0.0794726938295823,0.11410477616253399,0.10976296493073634,0.10470332575720122
base_v5,3lze_A,0.37830967451245784,,,50.91887664794922,0.0,0.5247624003224903,0.32393136707444986,0.6223609869982744,0.3938307391127393,0.35077122425834956,0.44313134355326067
base_v5,3m0o_B,0.13532201675194958,0.7646202688746683,0.23637662732995787,20.690383830992115,0.453781512605042,0.21510890538410313,0.1599956677692667,0.11956443300933436,0.11706460734108118,0.13904638026429228,0.15015599875361552
base_v5,3o98_B,0.14449740752614848,0.9700996677740864,0.05263157894736842,42.439449310302734,0.0,0.09716747204462688,0.15839644453742288,0.15738200010924502,0.1693019089102745,0.14131156859517682,0.14471187883934922
base_v5,3pnv_A,0.607757563176388,0.7990441042746781,0.4606789480311611,67.00126775105794,0.0,0.32733604311943054,0.26852274216987465,0.3721770398375211,0.5244357414164246,0.6379373769561444,0.42608178869987906
base_v5,3wfz_C,0.1075864451297589,0.7857410558731723,0.02477802828022464,41.76523303985596,0.0,0.09486684451500577,0.05284842656045739,0.1222346083365352,0.07140486061858176,0.11061178737400029,0.09039330548091608
base_v5,3x2y_C,0.22677185228771413,0.7793669047299656,0.2024684907048265,17.662153879801433,0.0,0.2783454932548382,0.3667323637269249,0.4695211930835361,0.3664797684325498,0.11616714305334384,0.3194491923102386
base_v5,3zwb_B,0.1983591088345334,0.8435742619046597,0.17676873920407704,49.847237723214285,0.0,0.13588287220114753,0.15434319568531854,0.13665929578534258,0.1637785744750026,0.20563323281017093,0.15925943419139646
base_v5,4bl2_B,0.584999478793932,0.8449548611072263,0.4475071927738763,5.883495431197317,1.0,0.47672214110692346,0.4959528517142253,0.4678398843601453,0.4417772744133725,0.6059682696554731,0.49765208425002794
base_v5,4cj8_I,0.3564385893049752,0.7915866936008753,0.4322200560802091,33.61017608642578,0.0,1.01970954594158,0.3087400019701038,0.3697913270286382,0.3102847073594086,0.35978144212820373,0.4736614048855869
base_v5,4cv1_E,0.37975315782082864,0.9015915105082256,0.5245755378539387,31.12730160471081,0.25920542635658916,0.8440052591244995,0.6174124710927752,0.5172215064852608,0.34972598965814394,0.3632685667008103,0.538326758612298
base_v5,4dfx_E,0.2898443682722239,0.8936972059779077,0.23410649964651975,18.141690254211426,1.0,1.5988564623726738,2.0158387074867883,0.8353189220031103,0.20793325106302898,0.24578256893400863,0.9807459823719219
base_v5,4f4m_D,0.20020841111311807,0.8594172107652942,0.35512330728714153,18.310216406117316,0.17391304347826086,0.12328263890484105,0.13061024041881697,0.1909092025508162,0.16245587231526476,0.25201471337939135,0.17185453351382607
base_v5,4gvr_C,0.3212424949851262,0.7860093419178203,0.16628815812281608,13.69410228729248,0.7777777777777778,0.1520653478111382,0.12327278989056747,0.12335809146734704,0.20507275654684098,0.4107940869168225,0.20291261452654324
base_v5,4hgq_E,0.2732562752530427,0.9109582910118712,0.30187471546570144,15.087509373823801,0.6875,0.5260664949374687,0.29936866227071735,0.30737517052862695,0.23514656698634648,0.26999052676746416,0.32758948429812473
base_v5,4ok4_B,0.23306438645586205,0.7904495668652988,0.26028795345241335,44.203465938568115,0.125,0.24098012580846748,0.22272254483153422,0.19715878617962992,0.1818761795248307,0.2395510107952936,0.2164577294279512
base_v5,4p4h_A,0.38567433642481075,0.6351099587152728,0.28941630789667905,36.8932728767395,0.0,0.24196731764823198,0.18393359685109723,0.23083145236459507,0.38157944287419976,0.4201116423178035,0.2916846904111855
base_v5,4wef_A,0.1732691669003636,0.875943270550995,0.3476600579622031,31.315160179138182,0.15,0.1291534165541331,0.08218155272352771,0.09902203367679241,0.12366429208149557,0.1928519877851205,0.12537465656421384
base_v5,4x88_A,0.14920851065491764,0.9643196004993758,0.5341269841269841,2.240385084441214,0.9242424242424242,0.2662947099618238,0.1439620154881568,0.17457697151675203,0.12418117636102137,0.14565302646417902,0.1709335799583866
base_v5,4xy5_A,0.11527890528195613,0.9792843691148776,0.9165743816906607,26.470184961954754,0.0,0.11322946432563995,0.05864908342205346,0.09932512091852595,0.10540547488760564,0.14504762132500493,0.10433135297576597
base_v5,5hgv_C,0.23305079830615874,0.6352771751870935,0.005489916339113827,14.587264060974121,0.75,0.26928737107664347,0.2505651098930023,0.20584083248065407,0.22311732917678653,0.23435620269040747,0.23663336906349877
base_v5,5mdw_6,0.34166685526724905,0.44,0.20772910812384499,11.302181243896484,1.0,0.4346736172835031,0.5746167659759521,0.12245399753252667,0.06591479480266571,0.32931805813783094,0.30539544674649577
base_v5,5tnf_C,0.11320378969898846,0.9072515359645585,0.35437640503574763,19.2394905949043,0.2319915254237288,0.13901024781783128,0.12064708884442056,0.09968105668334226,0.11931580092384314,0.11482666445910784,0.11869617174570901
base_v5,5vec_B,0.14456858636836695,0.8747573345789293,0.316316608887617,52.37406857808431,0.0,0.15863230948646864,0.13495945141961177,0.2490032769725982,0.2070281737986536,0.13250879559192122,0.1764264014538507
base_v5,5xuh_A,0.5760296253363292,0.7431487152378614,0.42530367640676636,23.93380355834961,0.0,0.09880284923646186,0.23724075324005547,0.2644462876283286,0.4841644894309116,0.7504127992567532,0.36701343575850215
base_v5,6a1v_A,0.22020014407853314,0.8656301046796446,0.5693776249893892,23.122143665949505,0.22916666666666666,0.2902803701193382,0.19042950227553476,0.1612817413766369,0.151021632285679,0.2532841557879674,0.20925948036903128
base_v5,6bau_B,0.20071101557650584,0.5703680464094099,0.060704107376824946,8.02792485555013,0.0,0.13015154687066874,0.19812552622031598,0.2083713806863092,0.1576869609788921,0.2083099244809118,0.1805290678474196
base_v5,6bl6_B,1.496539377481055,0.6452190779471717,0.5058179560023025,25.89215047308739,0.851063829787234,1.358514822940243,1.1758304805633952,1.2222295909028829,1.2561082446027738,1.5394575358008886,1.3104281349620368
base_v5,6e2j_A,0.35938112904256747,0.7157894736842104,0.43377014312288825,0.5886077880859375,1.0,0.5545284648736317,0.6276527245839437,0.30830590724945073,0.5423669517040253,0.32936271598164957,0.4724433528785402
base_v5,6ej6_A,0.12171006549640999,,,0.0,0.0,0.18813326458136248,0.11848871341596048,0.09376764639971717,0.09121446781641535,0.1292856257641688,0.12417794359552485
base_v5,6i7u_A,0.24966517722694784,0.7331168831168832,0.15127060641658846,45.484169006347656,0.0,0.08630477388699849,0.15855641121214087,0.14314635071371282,0.21597275327552448,0.27267567939379,0.17533119369643332
base_v5,6k0q_A,0.11887270909598079,0.7696255863786413,0.013250233357724493,11.812048435211182,0.5,0.06452022523929676,0.06447524230522043,0.06538982776892355,0.08355008148633644,0.12858403692993617,0.08130388274594266
base_v5,6l7d_A,0.3692663837677002,0.8862787173598624,0.5562057273643677,34.66973231537173,0.0,1.4923805449195582,0.7894570880349772,0.531806200389324,0.451428318519053,0.3326517392583309,0.7195447782242487
base_v5,6m4l_A,0.1165020644773669,0.8461818460874759,0.04396722539477236,36.23588180541992,0.0,0.13051990792155269,0.07265132162719966,0.10381141867643845,0.14268462699979093,0.11388878272396083,0.1127112115897885
base_v5,6o4b_G,0.3181105623589912,0.7638538251163601,0.31028265128272947,53.127310793411326,0.04830917874396135,0.3886998481802559,0.22000272420192465,0.2023238092148739,0.19958680176652704,0.34554006876865545,0.2712306504264474
base_v5,6r6n_B,0.1186655711568892,0.9242424242424243,0.53125,24.782733917236328,0.0,0.11737109720706942,0.08361638523638248,0.11885985717918092,0.08460273677419475,0.1478972771170973,0.11046947070278496
base_v5,6uau_A,0.10585406285814973,0.9420951572072543,0.464815479955423,26.013817469278973,0.0,0.08361143039332497,0.0542692567682778,0.07690457265778088,0.0879063932028928,0.1219085972469632,0.08492005005384794
base_v5,6zy0_A,0.10935278160872201,0.9957142857142857,0.25,9.435430526733398,1.0,0.09777582188447319,0.15989705398678783,0.09216948166008919,0.09459463733115368,0.11083102875238846,0.11105360472297847
base_v5,7bbx_A,0.3022926254780032,,,0.0,0.0,0.32046042879422504,0.218506195065048,0.22089221372323883,0.19516837816028035,0.3221044105036139,0.2554263252492812
base_v5,7bxo_B,0.33140145483440453,0.8662738214208074,0.5671835714169473,26.726096066561613,0.18181818181818182,2.82308395545591,1.2012928527187219,0.504780693284948,0.23054465501053614,0.21754601566449258,0.9954496344269217
base_v5,7dwo_B,1.6817211286477387,0.7176079046642234,0.7370618658274425,13.742589950561523,0.0,1.623792356501023,1.5818757792742597,1.3722506460645014,1.2755821258135334,1.783028202411991,1.5273058220130618
base_v5,7m8h_C,0.15242819164020957,0.9244042124681999,0.3235575285049727,17.537354826927185,0.4375,0.14057252982941768,0.15097080008681155,0.13222006238225462,0.15912422601735066,0.1534715057818557,0.14727182481953804
base_v5,7n6n_A,0.47928447139671065,0.8139427478516865,0.41569272473665453,28.33567015319512,0.5088289019687436,0.30893193642958244,0.3285615091914962,0.3070526403618273,0.3164656625681153,0.5417801127567343,0.36055837226155113
base_v5,7nlg_C,0.1969653345447098,0.8224932249322494,0.3271109246972894,2.919854300362723,0.8571428571428571,0.2537239846729097,0.3554887179817472,0.20994667012860127,0.21103447622486524,0.17009054239449334,0.24005687828052338
base_v5,7o58_B,0.838045751018682,0.8107163859441752,0.8292801124814776,32.793346325556435,0.125,0.869056730841597,0.8651126422213786,0.6370958390618512,0.777184603169308,0.8704501510491579,0.8037799932686585
base_v5,7sj1_C,0.5855085484027787,0.39163537755527744,0.4658852781411746,0.0,1.0,0.3338131007427971,0.4952581107305984,0.6795285679917369,0.970116651079689,0.5128121704084577,0.5983057201906559
base_v5,7sp0_B,0.22377520304967147,1.0,1.0,0.0,1.0,0.7513674919803938,0.6451122518628836,0.5322181284427643,0.3487517088651657,0.20898475093727417,0.4972868664176963
base_v5,7vns_A,0.25772351983964953,0.8670875755964237,0.3863549499268197,3.4188308715820317,0.5,0.26395090762525797,0.2768841078863121,0.26408178665013493,0.33378914559542067,0.2232244521620936,0.27238607998384384
base_v5,8eip_B,0.11624156235966236,0.9891267543169854,0.6496415770609318,13.936768531799316,0.5,0.17128283302817082,0.1584145767717726,0.09657371213299927,0.0865094095749203,0.12238491046224219,0.12703308839402103
base_v5,8eqo_B,0.43725983768684534,0.7789789165607846,0.45511964665825894,17.24411379650411,0.42021625163827,0.7305833842754774,0.4021713949807938,0.38041728909334904,0.39477178551222886,0.46078753706606285,0.4737462781855824
base_v5,8f79_A,1.8473180905251987,0.6889192202329246,0.7577481810936562,131.24072202046713,0.0,2.782734044724041,2.3664896277089915,2.0276508966253863,1.785317337970773,1.840273798264637,2.1604931410587658
base_v5,8jce_G,0.1505736293622286,0.9340513983371126,0.25845124157362576,56.53575642903646,0.0,0.23926665813282685,0.08918328767780354,0.11320848254900841,0.07977537943663755,0.15768232832947204,0.13582322722514967
base_v5,8ka0_C,0.7364720822254449,0.7395655330728077,0.6830820760715498,50.01686096191406,0.0,0.1138577957948049,0.23424222841858863,0.22019997136346225,0.31327894528178457,0.8685990127593373,0.3500355907235956
base_v5,8r3c_A,0.18723240817210088,0.9703168073676552,0.48837488015340363,20.020714925130207,0.006666666666666667,0.35002478049861063,0.19228302742665015,0.16957448742104075,0.10634652010599772,0.18705242969076305,0.20105624902861247
base_v5,8t06_A,0.252083155249325,0.8138251248161528,0.304490000486448,33.49544906616211,0.0,0.2692699112618963,0.6094786842863652,0.4199290867685341,0.1881307855134442,0.22437668337233804,0.34223703024051555
base_v5,8up8_C,0.19189950744478615,0.8502256131118564,0.292335079973897,15.527965545654297,0.0,0.6189974486827851,0.38512311047454784,0.19226605281135753,0.18579346196463284,0.16786052169627574,0.3100081191259198
base_v5,8wkd_A,0.5407187705859542,0.7350971638655461,0.4651381020279811,39.22949421405792,0.0,1.010215938091278,0.23359236617883047,0.8960583160320919,1.1406798420044093,0.48149766152103746,0.7524088247655294
base_v5,8x84_C,0.2788792166836301,0.9380940314627081,0.4893810559083164,30.234486937522888,1.0,1.3865551445633173,1.4906855306277673,1.3327572679845616,0.604530291604426,0.20809835688142583,1.0045253183322995
base_v5,9bc6_C,0.5078691858220999,0.5957757321211979,0.3527197917904569,1.589249610900879,1.0,0.26785785270233947,0.3261954278818199,0.6388607469524377,0.4558913086085037,0.5092844421309172,0.43961795565520356
base_v5,9cp9_B,0.11530324536932855,0.8830449362478148,0.15481458251344615,32.01237678527832,0.0,0.19875870976183152,0.0754748327243659,0.07229645083271245,0.09443214698846823,0.12290614478361984,0.11277365701819958
base_v5,9hkm_C,0.5177179713747252,0.7328595259325902,0.3500768660556095,48.152000427246094,0.0,2.480551461378733,1.2015640272625856,0.6537828939105209,0.5714936936645597,0.4680219287713176,1.0750828009975433
base_v5,9j83_A,2.187089989350049,0.6606153846153846,0.9304033035264607,3.1034088134765625,1.0,0.3192666570345561,0.7497790970585563,1.0873730218410491,1.3020472832628198,2.4197207418432263,1.1756373602080417
base_v5,9m80_B,0.3900951056492751,0.8410553615741218,0.44420128174524687,52.29926013946533,0.0,0.09598290920257571,0.2117496979023729,0.2502732178623671,0.2943736571454225,0.40404681430679457,0.25128525928390655
base_v5,9r2f_C,7.49932209374728,,,2.5916116502549915,1.0,6.804853156025026,8.57886606261686,6.492850889320727,6.422033670402708,7.679384488743669,7.195597653421799
base_v5,9sd5_A,0.11746324800802042,0.7985074626865672,0.29644565022536384,52.14410018920898,0.0,0.09787210822105404,0.37857275425146025,0.10910929289336006,0.07184441997966867,0.11624664664889375,0.15472904439888732
base_v5,9swq_B,0.8965268671698288,0.5936964504420585,0.5986789016398075,40.45744609832764,1.0,0.4687586004535357,0.38328307033294723,0.42980046644806863,0.6739694897766998,0.9451746685903203,0.5801972591203144
base_v5,9va6_A,0.49435491479481714,0.6320734797297297,0.31198783134284896,31.261920928955085,0.0,2.03446114808321,0.432315331697464,0.3077429264945828,0.3712858321337864,0.5423838258984517,0.737637812861499
zero_response,1ct1_E,0.47069559035232306,0.5,0.07775615169435732,27.009650470271254,0.11014492753623188,1.4255496796339153,0.7303541278989301,0.3812410903600653,0.4889382194144626,0.41099750120888373,0.6874161237032514
zero_response,1gyr_C,0.5917014396892718,0.5,0.11978021978021978,39.562649726867676,0.0,0.6204508753286467,0.5256548443454362,0.5343006647292197,0.596688979540328,0.5949837253078355,0.5744158178502932
zero_response,1h7x_D,0.29857426096102685,0.5,0.02603921167116132,80.03887315229936,0.09090909090909091,2.0505166324702175,1.832224689415762,0.6863139848163672,0.25200972571187286,0.2604086359662484,1.0162947336760935
zero_response,1ild_A,0.24092630123002054,0.5,0.007782101167315175,32.0631103515625,0.0,0.20529226213693613,0.23156402327797626,0.18314372945357768,0.20684857428844633,0.25199454984046177,0.21576862779947964
zero_response,1jll_E,0.4749467782214554,0.5,0.05413831716549617,52.85120912031694,0.0,0.2532235279001973,0.29857040312084737,0.3531892966210777,0.3859697255772163,0.5109827743967141,0.36038714552321055
zero_response,1me5_B,0.4821270910667719,0.5,0.08477842003853564,34.087395985921226,0.0,0.5539192176527447,0.330564894216756,0.37266828862304235,0.39372189382631,0.5234699195059433,0.43486884276495924
zero_response,1mjy_A,0.5842136343130678,0.5,0.15729323308270676,23.571336327937612,0.0,0.6386003551612559,0.6600440087899113,0.5755169172056367,0.6035433487943849,0.5964933608395185,0.6148395981581415
zero_response,1u5o_A,0.5244810037639105,0.5,0.1451741757753488,21.056103282504612,0.3333333333333333,0.35609811599607816,0.35948620138023,0.44082820866227385,0.46789658778075627,0.5724031874249154,0.4393424602488507
zero_response,1vyd_B,0.23811524612267085,0.5,0.008620689655172414,11.682313919067383,0.5,0.45975639174381894,0.2663769116625189,0.21340767428692842,0.19074207431015866,0.25595067806358707,0.2772467460134024
zero_response,1vzi_B,0.22607778405407442,0.5,0.011384615384615384,16.99758849143982,0.35,0.18190905959345396,0.17942123477835029,0.1554188657847163,0.1655409696714074,0.28137097613944656,0.1927322211934749
zero_response,1y39_A,0.24596405578022068,0.5,0.013513513513513514,0.0,0.0,0.8163516322771708,0.19888523345192274,0.17791991286418013,0.21614550822414458,0.25237522437237203,0.33233550223795805
zero_response,1z73_A,0.1454163810900266,,,0.0,1.0,0.17319463690121964,0.16132448779212102,0.17433216305715693,0.16112544283270833,0.1368035590315753,0.16135605792295624
zero_response,1z8u_A,0.5522233519340969,0.5,0.07777777777777778,43.61150932312012,0.0,3.2379408081372576,1.3755795285105705,0.5312467068433762,0.5261648930609226,0.4173355746163946,1.2176535022337043
zero_response,2a6x_B,0.24320817518486007,0.5,0.0182648401826484,17.218212127685547,0.0,0.27575132747491193,0.3018326535820961,0.47910028291137324,0.18494053706526753,0.2185410922728211,0.29203317866129397
zero_response,2awi_L,0.47304202545791457,0.5,0.07808219178082192,41.47215805053711,0.0,0.29094902426004404,0.3327461676164107,0.28816323798770704,0.34429741350835874,0.525907393945036,0.3564126474635113
zero_response,2bek_D,0.39353199786459947,0.5,0.04451821586653047,31.227688831753202,0.011111111111111112,0.3511342512788596,0.3502383203742718,0.3405957373904938,0.3647717959871518,0.4136178942976495,0.3640715998656853
zero_response,2d5g_D,0.5660794755241957,0.5,0.06927710843373494,22.99198627471924,0.0,0.5763582910100619,0.3506168834865093,0.37465228233486414,0.4688563160598278,0.7351591302495863,0.5011285806281699
zero_response,2eyp_A,0.26942808151399616,0.5,0.05074134592108449,15.423744070118872,0.3793103448275862,0.23621143297902467,0.23183374509182283,0.22364788817328576,0.2420259905263455,0.3051855285938498,0.2477809170728657
zero_response,2hlp_A,0.5098075126340319,0.5,0.07543627183078343,43.73156566920506,0.02626970227670753,0.5171233596784751,0.42326093954789473,0.42578012644897656,0.49890906307923555,0.5193530967502347,0.4768853171009633
zero_response,2o94_B,0.3885220028665465,0.5,0.023529411764705882,28.4301016330719,0.375,0.483919620513916,0.3584664717782289,0.35741417412646115,0.3810655090824834,0.3913780968337105,0.39444877446696
zero_response,2ouv_B,0.39044671237937717,0.5,0.04452494008049564,30.5053034695712,0.045454545454545456,0.19287995971513514,0.202720176258492,0.23789913878575106,0.2642668464260027,0.4592644749130898,0.27140611921969415
zero_response,2pp3_B,0.1585987464476864,0.5,0.0090014064697609,41.932623291015624,0.4,0.13588919722371626,0.17180435129187321,0.14644347512794115,0.16076319419920673,0.15922792682758796,0.15482562893406507
zero_response,2xhn_B,0.07095957670624797,,,0.0,1.0,0.10637567068139706,0.07371596499745331,0.07918968560174103,0.07458501848248905,0.06965737039524753,0.0807047420316656
zero_response,2ygp_A,0.193251080152675,0.5,0.005747126436781609,30.54112434387207,0.0,0.5924257437388102,0.34953141398727894,0.19908280040209106,0.14314549392269502,0.19044470197210708,0.2949260308045965
zero_response,3a9w_A,0.20201612918046588,0.5,0.007496602642233711,27.943183263142902,0.0,0.147681035929256,0.17112376682815092,0.202796219587326,0.1990673145530997,0.20499595715079452,0.18513285880972544
zero_response,3ax3_A,1.064634849703071,0.5,0.3434343434343434,22.731449445088703,0.0,2.0058560570081077,1.2677972830004163,1.1198945390649586,1.1168402026681339,0.8323711477289045,1.268551845894104
zero_response,3b8t_A,0.1632900983394355,0.5,0.0054453590510541066,25.997915074510395,0.2830188679245283,0.4583166393468965,0.2270886904877792,0.16073837668546448,0.14501192668435667,0.16130041828487565,0.23049121029787448
zero_response,3cfh_B,0.1675874547235829,0.5,0.015691543741784723,17.798782634735108,0.375,0.19453573493907844,0.1562596578409688,0.12395993840920254,0.1188845828741106,0.1861558690310347,0.15595915661887902
zero_response,3cyi_A,2.57427188657758,0.5,0.8504672897196262,29.79861217074924,0.0,1.8863305162500454,1.8355805116986472,1.7525003660492033,2.476618820202109,3.0837938263573403,2.206964808111469
zero_response,3dl5_C,0.3623804074969996,0.5,0.039587318412025216,63.004932503951224,0.0,0.488688577097236,0.45015118534987175,0.39658667535087166,0.4242077642606768,0.3658533079175337,0.425097501995238
zero_response,3e44_A,0.8880354921667574,0.5,0.3141151291878304,46.82238006591797,0.0,1.3437688648700714,2.382021448441914,0.9972988325796086,1.0962001353221742,0.838408913338298,1.3315396389104135
zero_response,3g7j_B,0.2251235135253137,0.5,0.03949158657905962,12.49513041973114,0.5625,0.49647174763958896,0.4902752957061036,0.3596057627559067,0.2082004787292616,0.19981170198215964,0.35087299736260413
zero_response,3jtq_B,0.20338847306271535,0.5,0.017241379310344827,25.843168258666992,0.5,0.21679748222231865,0.16901023965328926,0.18654131416517955,0.24905348644261396,0.2013289366402051,0.2045462918247213
zero_response,3lze_A,0.20341838786858446,,,0.0,1.0,0.33166514999336666,0.40961240244408453,0.23662094391951885,0.17053431140681827,0.194703037608107,0.26862716907437906
zero_response,3m0o_B,0.20709256563521852,0.5,0.01917907644464552,34.8729331874046,0.16806722689075632,0.2080324414167918,0.15534496366956818,0.15456856994927756,0.1595562001012614,0.22199253565296354,0.1798989421579725
zero_response,3o98_B,0.3235211462295223,0.5,0.001658374792703151,42.439449310302734,0.0,0.3666133979956309,0.3575953936034983,0.3986884828271537,0.3974348333477974,0.31101206663411624,0.3662688348816393
zero_response,3pnv_A,0.8246955361522158,0.5,0.23385987097327302,67.00126775105794,0.0,0.7044591936800216,0.4668023277212072,0.5986698536540974,0.7444366189138306,0.8533816664359047,0.6735499320810123
zero_response,3wfz_C,0.22118155667724826,0.5,0.011759851826227335,41.76523303985596,0.0,0.24269033099214235,0.16395569733706197,0.19277541961349903,0.18710403586470234,0.22630495018907223,0.20256608679929558
zero_response,3x2y_C,0.3912493555406104,0.5,0.03659776347001017,17.662153879801433,0.2777777777777778,0.5159700579113431,0.5824234300655209,0.6464529640382723,0.5203727597564949,0.2740326138522054,0.5078503651247673
zero_response,3zwb_B,0.4263042180283877,0.5,0.03237211590360952,49.847237723214285,0.0,0.3377273167882647,0.3277585736342839,0.33925625774031115,0.35479313947843266,0.43917923628063854,0.3597429047843862
zero_response,4bl2_B,0.8375990435212186,0.5,0.1717137590578811,86.55384876853542,0.0,0.9726808650190369,0.7522724934233989,0.6967756742040658,0.664620265358666,0.8607349720697247,0.7894168540149785
zero_response,4cj8_I,0.6254432051143269,0.5,0.1610761939106692,33.61017608642578,0.0,1.270909397375016,0.5102884625749928,0.6096037768383289,0.5524515260638662,0.6487782680104812,0.718406286172537
zero_response,4cv1_E,0.5754217349998573,0.5,0.10221094541551694,35.2492806001227,0.006298449612403101,1.227508368962673,0.8971018817244504,0.7761253813716814,0.5320999385102606,0.5519445157506345,0.7969560172639399
zero_response,4dfx_E,0.29977861275103773,0.5,0.03554274735830932,36.39386908213297,0.0,2.3320069313049316,2.3482265025377274,1.2850377569595972,0.308896541595459,0.23268773796011533,1.3013710940715661
zero_response,4f4m_D,0.34281847640328084,0.5,0.06378715869909607,18.310216406117316,0.21739130434782608,0.23176939321168954,0.24346609238142403,0.3169568475061224,0.2998012964001823,0.4171261562281982,0.3018239571455233
zero_response,4gvr_C,0.444292160296875,0.5,0.07120181405895691,21.827998797098797,0.2222222222222222,0.2850054057521952,0.25197361935344004,0.2116614177720668,0.31394132452457835,0.5450006967594005,0.3215164928323362
zero_response,4hgq_E,0.23522842442702593,0.5,0.009885439763488544,24.832160731156666,0.3125,0.4741251958766952,0.32356138526617234,0.21505527914078673,0.1972707035962951,0.2382216902229998,0.2896468508205899
zero_response,4ok4_B,0.37410598161529424,0.5,0.0926470526751483,44.203465938568115,0.125,0.3365854585232834,0.35689987840337883,0.32796782730750496,0.30539948509999865,0.38299416784425533,0.34196936343568424
zero_response,4p4h_A,0.6845883444655052,0.5,0.1848404255319149,36.8932728767395,0.0,0.5349793645242851,0.4678246558954318,0.49062988633522764,0.6961755648851121,0.7229477208471461,0.5825114384974406
zero_response,4wef_A,0.3122008644190256,0.5,0.029070560938992768,31.315160179138182,0.15,0.2947509748240312,0.21520717406931977,0.21592719623098056,0.25050367429856635,0.3359018686103487,0.2624581776066493
zero_response,4x88_A,0.22269376131994975,0.5,0.013163454902585336,2.240385084441214,0.9242424242424242,0.23572158542546356,0.2107450405248638,0.19621298677357266,0.18733480792635387,0.23650238384273314,0.21330336089859742
zero_response,4xy5_A,0.2575395621741627,0.5,0.013774104683195593,26.470184961954754,0.0,0.13728957788811785,0.1430485676974058,0.20439600676362368,0.2096024233153828,0.3636143584699594,0.2115901868268979
zero_response,5hgv_C,0.13157347841453082,0.5,0.002442912139131425,23.316757202148438,0.25,0.1015698056047161,0.10598526967858722,0.10830166376948752,0.09839111835805635,0.13497489126358447,0.10984454973488635
zero_response,5mdw_6,0.6888241028646007,0.5,0.21875,33.24297332763672,0.0,0.8771422406037649,1.1066885948181153,0.6143179833889008,0.47476331889629364,0.5834221583055822,0.7312668592025313
zero_response,5tnf_C,0.22103292718377685,0.5,0.01304021949268418,19.2394905949043,0.2319915254237288,0.2915530039963054,0.2524012450672011,0.21661075187248213,0.24633022881980754,0.21469287160743405,0.24431762027264603
zero_response,5vec_B,0.2763103825003283,0.5,0.022754137115839245,52.37406857808431,0.0,0.21113693838318184,0.2751848982647061,0.3949016808590173,0.3590828579365994,0.2616887353640505,0.30039902216151104
zero_response,5xuh_A,0.8298913893898328,0.5,0.208,23.93380355834961,0.0,0.30932525669535,0.42817036283236964,0.4750805929172457,0.7130375573039055,1.0335444319271894,0.5918316403352121
zero_response,6a1v_A,0.3205481253299635,0.5,0.03256794854852209,21.02190645535787,0.3333333333333333,0.24350319267250595,0.23956662933108655,0.24792848437230733,0.25036730423227277,0.3643579387954526,0.26914470988072503
zero_response,6bau_B,0.2325360540660506,0.5,0.02696078431372549,8.02792485555013,0.75,0.32977261311478084,0.17234478119228566,0.23133523851272317,0.21538238137923119,0.2374567566440797,0.2372583541686201
zero_response,6bl6_B,1.8023263590189267,0.5,0.45577691428570655,80.12193574296667,0.14893617021276595,1.694099788045418,1.4781931851611627,1.515001347405883,1.5706872427893153,1.844690853396622,1.6205344833596802
zero_response,6e2j_A,0.6654358023655749,0.5,0.11214953271028037,145.72537231445312,0.0,0.8958869278430939,0.9164790312449137,0.8974891066551208,0.5367352366447449,0.6334911168793614,0.776016283853447
zero_response,6ej6_A,0.09048270098660342,,,0.0,1.0,0.08820355435212446,0.06935399143646155,0.06465934619547856,0.05852083595950272,0.09951156061846586,0.07604985771240662
zero_response,6i7u_A,0.39655204182390563,0.5,0.05913978494623656,45.484169006347656,0.0,0.24083344141642252,0.18423062698407602,0.3705122148884194,0.3880769374695691,0.41108999548987907,0.3189486432496732
zero_response,6k0q_A,0.10934010812120752,0.5,0.0026833631484794278,11.812048435211182,0.5,0.17298181758572656,0.10470497809658912,0.10143242392182297,0.10415010264393298,0.11028135467934301,0.11871013538548293
zero_response,6l7d_A,0.5667518786876222,0.5,0.12442015434147968,34.66973231537173,0.0,1.7119231264448729,1.0216537904639764,0.7344589813971617,0.6528966006724138,0.5292376915765018,0.9300340381109853
zero_response,6m4l_A,0.20914108374328805,0.5,0.010080645161290322,36.23588180541992,0.0,0.24897761767109233,0.17867406886070963,0.2020184614617998,0.25721407618204295,0.20197387249860677,0.2177716193348503
zero_response,6o4b_G,0.4846479384588457,0.5,0.04113936599210557,53.127310793411326,0.04830917874396135,0.6201435586386593,0.3651047250608299,0.3549682196494344,0.34862033710845614,0.5158192125322484,0.4409312105979256
zero_response,6r6n_B,0.2535838308744133,0.5,0.01,24.782733917236328,0.0,0.5488266398509343,0.4109278731048107,0.26074271737352794,0.21653947941339843,0.24195658946193235,0.3357986598409207
zero_response,6uau_A,0.27241924422358993,0.5,0.017980636237897647,26.013817469278973,0.0,0.13538743555545804,0.19132225211860251,0.21776452840570312,0.2262703074477658,0.3070736455732471,0.21556363382015534
zero_response,6zy0_A,0.17156273584159226,0.5,0.0014265335235378032,28.01908302307129,0.0,0.17984987795352927,0.11139292344450946,0.14675121898612667,0.13254412064062693,0.177438004013653,0.14959522900768904
zero_response,7bbx_A,0.10590890336210243,,,0.0,1.0,0.1806119084358215,0.16978181277712184,0.13215370213284205,0.14303294656907806,0.09723297170779073,0.14456266832453085
zero_response,7bxo_B,0.6133240534617952,0.5,0.13173192371665654,33.93557288429954,0.045454545454545456,3.758794128669031,1.7760327572398114,0.8370095062984607,0.4759296537819928,0.4674014129484338,1.4630334917875458
zero_response,7dwo_B,2.113476752561887,0.5,0.634417808219178,68.64007949829102,0.0,2.0279898568987846,2.0492712064527923,1.7390133672315016,1.640398856626787,2.231622872820306,1.9376592320060344
zero_response,7m8h_C,0.17138476045545842,0.5,0.009070294784580497,17.537354826927185,0.4375,0.20311659830622372,0.11613747608914435,0.10478943132620237,0.12438810956288729,0.19534440480844412,0.14875520401858036
zero_response,7n6n_A,0.7550451794432813,0.5,0.1814450993774359,47.60965616577541,0.0042960557472430825,0.6111861928696076,0.6043766040533997,0.546253853944458,0.5671672550534355,0.8301337522424264,0.6318235316326655
zero_response,7nlg_C,0.3358686676029439,0.5,0.0989010989010989,2.919854300362723,0.8571428571428571,0.5597701342332931,0.4504847573382514,0.34166898378053634,0.3117158662092376,0.3258938431299435,0.39790671693825236
zero_response,7o58_B,1.055044735607867,0.5,0.49724517906336085,32.793346325556435,0.125,1.191866580603851,1.1152480149810964,0.8207937489936247,1.0002878196608063,1.08653725342539,1.0429466835329537
zero_response,7sj1_C,1.0056096708820181,0.5,0.47959183673469385,48.44914722442627,0.0,0.624931284536918,0.7167281800260147,0.9294901468480626,1.2119517790583463,0.9977815640582279,0.8961765909055139
zero_response,7sp0_B,0.2455091711561211,0.5,0.004098360655737705,56.826961517333984,0.0,0.3022670323650042,0.0648965779691934,0.1557829678058624,0.1924147754907608,0.2476931056602204,0.19261089185820823
zero_response,7vns_A,0.3593610429718881,0.5,0.04955621301775148,22.53256058692932,0.0,0.2485703953231374,0.5136715348881598,0.3781448810630919,0.4584201992006336,0.3106128882872302,0.3818839797524506
zero_response,8eip_B,0.2179171637842133,0.5,0.007320989512770336,13.936768531799316,0.5,0.1021100951151715,0.11266219559022118,0.1234208203649322,0.16145802020996777,0.2465353205572444,0.1492372903675074
zero_response,8eqo_B,0.7137669486522097,0.5,0.1869368647312343,28.58547497670585,0.015727391874180863,1.010989151791244,0.652747261777423,0.6152414043810384,0.6460635834207865,0.7595903869180423,0.7369263576577068
zero_response,8f79_A,2.2141386971727814,0.5,0.668580749171432,131.24072202046713,0.0,3.4263655510213638,2.724088428542018,2.3434891291790536,2.071824970596634,2.208682784202226,2.554890172708259
zero_response,8jce_G,0.2901503291628206,0.5,0.026490066225165563,56.53575642903646,0.0,0.6783917629056506,0.26788022454805027,0.3147587026262449,0.3026909232047194,0.2859177774170415,0.36992787814034134
zero_response,8ka0_C,1.0937515588684215,0.5,0.4012345679012346,50.01686096191406,0.0,0.39557076493899024,0.5120148420333862,0.5141509987156967,0.6303075888848051,1.2409103955260088,0.6585909180197774
zero_response,8r3c_A,0.2658439593562024,0.5,0.026131657860916747,20.020714925130207,0.006666666666666667,0.38597191830476124,0.30649524106954534,0.3374730110435436,0.19626830663283662,0.2517204145095699,0.2955857783120513
zero_response,8t06_A,0.48264311023065865,0.5,0.06972361809045226,33.49544906616211,0.0,0.5288771269842982,0.976881862632812,0.7071794098701017,0.40466602183863615,0.44269899816148445,0.6120606838974665
zero_response,8up8_C,0.30965237913001903,0.5,0.06339468302658487,18.71684398651123,0.4,0.3018829484780629,0.4312226454287276,0.2690910655034608,0.23556300819230575,0.31407069616829414,0.3103660727541703
zero_response,8wkd_A,0.9039109718675414,0.5,0.2916666666666667,43.032684326171875,0.0,3.0934178829193115,0.8085870097080867,1.3521400168538094,1.4860196847182054,0.818495320244914,1.5117319828888656
zero_response,8x84_C,0.43324347905077654,0.5,0.06561679790026247,43.161468863487244,0.0,2.0711955639223256,2.211087548484405,1.9413770736427978,1.0471816666369491,0.323494376408363,1.518867245818968
zero_response,9bc6_C,0.8218435010293591,0.5,0.3285123966942149,78.3049087524414,0.0,0.6236934593568245,0.7101228849164077,0.8688249391270801,0.6771753059428496,0.8332836204852533,0.7426200419656831
zero_response,9cp9_B,0.20066412428577576,0.5,0.006167866222651914,32.01237678527832,0.0,0.3046966840823491,0.1551209608506825,0.12370071187855114,0.1318865097006113,0.21871404667375793,0.18682378263719043
zero_response,9hkm_C,0.7776214538168861,0.5,0.16217306376223237,48.152000427246094,0.0,2.818236682150099,1.4799053784282432,0.8846776574139575,0.8028613476402043,0.7341192869531549,1.3439600705171317
zero_response,9j83_A,2.914126811038694,0.5,0.8782201405152225,66.65164184570312,0.0,0.7121696670850118,1.146618209101937,1.5070638036727906,1.7804452454721607,3.208062022330075,1.670871789532395
zero_response,9m80_B,0.5950839545050832,0.5,0.06309808612440192,52.29926013946533,0.0,0.31440175200502074,0.4303776281220572,0.443060273594864,0.46481061597164214,0.6117725405812223,0.4528845620549613
zero_response,9r2f_C,8.305481203145696,,,50.59802500406901,0.0,8.034623910615474,9.41000477988043,7.304338264465332,7.13912688352864,8.469753164671003,8.071569400632175
zero_response,9sd5_A,0.25281627918254185,0.5,0.023323615160349854,52.14410018920898,0.0,0.3547775447368621,0.5628296226883928,0.22149257687851787,0.1475270367524725,0.2556068114005029,0.30844671849134964
zero_response,9swq_B,1.2467666548267702,0.5,0.5046728971962616,71.04696273803711,0.0,0.555982989569505,0.7869532580176989,0.7315604150295257,0.9419679747226841,1.3045459049767596,0.8642021084632346
zero_response,9va6_A,0.8131538643191258,0.5,0.22424242424242424,31.261920928955085,0.0,2.4508329033851624,0.811659425497055,0.5843879485745793,0.6621941469352821,0.8732629396232232,1.0764674728030603
global_mean,1ct1_E,0.4116619812956443,0.5,0.07775615169435732,27.009650470271254,0.11014492753623188,1.1030233388958064,0.4621137270206435,0.3567234102125645,0.45827695012054154,0.37226606233547044,0.5504806977170053
global_mean,1gyr_C,0.29367275160495127,0.5,0.11978021978021978,39.562649726867676,0.0,0.17421651300456792,0.23751896168327047,0.23447531110341444,0.3205225687380141,0.2952695164906271,0.2524005742039788
global_mean,1h7x_D,0.4578871468398203,0.5,0.02603921167116132,80.03887315229936,0.09090909090909091,1.847048661925576,1.8631642019285524,0.7796488727349996,0.41938564399168254,0.4239641933668366,1.0666423147895294
global_mean,1ild_A,0.42987925947756156,0.5,0.007782101167315175,32.0631103515625,0.0,0.41764768213033676,0.39137592098929663,0.43979621481369524,0.4160913699788266,0.43338937120427035,0.4196601118232851
global_mean,1jll_E,0.28636352417845334,0.5,0.05413831716549617,52.85120912031694,0.0,0.36971641636707564,0.3248757152291335,0.29143249327019594,0.308620834114194,0.2795573200032447,0.3148405557967688
global_mean,1me5_B,0.34409017740660897,0.5,0.08477842003853564,34.087395985921226,0.0,0.19532937970426348,0.33599061376104755,0.36859698382892997,0.35574767934541973,0.3392489833418824,0.3189827279963086
global_mean,1mjy_A,0.41437299141711686,0.5,0.15729323308270676,23.571336327937612,0.0,0.27612858123489115,0.36873203064925786,0.3425562312212794,0.40876215135003546,0.4432742191408519,0.36789064271926314
global_mean,1u5o_A,0.4397016073562219,0.5,0.1451741757753488,21.056103282504612,0.3333333333333333,0.3360058571453448,0.31272509060110204,0.34294869465576044,0.3862712755739305,0.48659728320433554,0.37290964023609463
global_mean,1vyd_B,0.39778347910333683,0.5,0.008620689655172414,11.682313919067383,0.5,0.2411750281850497,0.356563032604754,0.40953226998034453,0.4327851694232474,0.38750771178146365,0.36551264239497183
global_mean,1vzi_B,0.413897143395152,0.5,0.011384615384615384,16.99758849143982,0.35,0.44103088467381896,0.4461496510587278,0.4675341041836026,0.4579884422898397,0.36987001124574503,0.4365146186903468
global_mean,1y39_A,0.39498816405397813,0.5,0.013513513513513514,0.0,0.0,0.250891109307607,0.42405471081535023,0.44502003140309276,0.40679443604312837,0.3705647198949009,0.37946500149281587
global_mean,1z73_A,0.4788398107525006,,,0.0,1.0,0.44974530736605334,0.4616154564751519,0.46109332963824273,0.4618145014345646,0.4861363852356977,0.464080996029942
global_mean,1z8u_A,0.3699946151787622,0.5,0.07777777777777778,43.61150932312012,0.0,2.615000863869985,0.9930580332875252,0.27281734347343445,0.21049257243673009,0.2876987893444797,0.8758135204824309
global_mean,2a6x_B,0.43712797794133834,0.5,0.0182648401826484,17.218212127685547,0.0,0.347188616792361,0.4556560607420075,0.543177041184643,0.43799940720200536,0.4200396510846109,0.4408121554011255
global_mean,2awi_L,0.3085629916456464,0.5,0.07808219178082192,41.47215805053711,0.0,0.33227837334076565,0.31187255599282004,0.35482770182813206,0.316750756004139,0.3014841053358935,0.32344269850035007
global_mean,2bek_D,0.33340754176179177,0.5,0.04451821586653047,31.227688831753202,0.011111111111111112,0.3058031033034678,0.2968991427185321,0.3210991971767209,0.34609897843986254,0.3355610116722325,0.32109228666216316
global_mean,2d5g_D,0.37859912261546375,0.5,0.06927710843373494,22.99198627471924,0.0,0.12028021365404129,0.2723230607807636,0.28718034581591684,0.2810267614057431,0.5187802284749018,0.2959181220262733
global_mean,2eyp_A,0.4667862866336527,0.5,0.05074134592108449,15.423744070118872,0.3793103448275862,0.39790927113472735,0.41035361919995,0.4469404509196407,0.477956587235489,0.47716629262016497,0.4420652442219944
global_mean,2hlp_A,0.40428899331673357,0.5,0.07543627183078343,43.73156566920506,0.02626970227670753,0.34424891117286055,0.3342024549056187,0.37430422955201115,0.4228687294745652,0.4063895434528538,0.3764027737115819
global_mean,2o94_B,0.2666323148604373,0.5,0.023529411764705882,28.4301016330719,0.375,0.16570136944452923,0.2651423222851008,0.26708108008218306,0.24408323306679017,0.2761879235767319,0.24363918569106705
global_mean,2ouv_B,0.3286710697083597,0.5,0.04452494008049564,30.5053034695712,0.045454545454545456,0.4300599845521378,0.42021976800878097,0.3858244468093231,0.3649922071525046,0.30520633018347165,0.3812605473412436
global_mean,2pp3_B,0.47717205323341777,0.5,0.0090014064697609,41.932623291015624,0.4,0.48705074704355666,0.4511355929753997,0.4764964691393318,0.4626266927441367,0.4805492466391972,0.47157174970832444
global_mean,2xhn_B,0.5519803675610249,,,0.0,1.0,0.5165642735858759,0.5492239792698196,0.5437502586655318,0.548354925784784,0.5532825738720254,0.5422352022356074
global_mean,2ygp_A,0.44106950710966497,0.5,0.005747126436781609,30.54112434387207,0.0,0.0838628609975179,0.27340853027999407,0.42385714386518186,0.4797944503445779,0.4472935016426008,0.3416432974259745
global_mean,3a9w_A,0.4442977908070837,0.5,0.007496602642233711,27.943183263142902,0.0,0.4752589083380169,0.451816177439122,0.4492437485853831,0.49004137399900066,0.43569354448656417,0.4604107505696174
global_mean,3ax3_A,0.6080550484434523,0.5,0.3434343434343434,22.731449445088703,0.0,1.3829161127408345,0.6448573387331432,0.5721015938677084,0.689699470763113,0.4648664365235118,0.7508881905256622
global_mean,3b8t_A,0.4749221470646171,0.5,0.0054453590510541066,25.997915074510395,0.2830188679245283,0.297754575059099,0.4168794426653051,0.466768123455166,0.4814903581095462,0.4774349800129649,0.42806549586041626
global_mean,3cfh_B,0.4809155065011594,0.5,0.015691543741784723,17.798782634735108,0.375,0.4284042093281945,0.46809360460999117,0.49913578579168816,0.5041706959392868,0.47533418799996124,0.4750276967338244
global_mean,3cyi_A,1.968717284728836,0.5,0.8504672897196262,29.79861217074924,0.0,1.2633905719827723,1.2126405674313743,1.1295604217819304,1.8791733491210865,2.483218663022652,1.5935967146679628
global_mean,3dl5_C,0.347441042268605,0.5,0.039587318412025216,63.004932503951224,0.0,0.3299549332444082,0.30934164004008236,0.337581141816898,0.4082863733245718,0.34637363742777205,0.34630754517074647
global_mean,3e44_A,0.48851394171420987,0.5,0.3141151291878304,46.82238006591797,0.0,0.7546550759247371,1.8076082084860121,0.48718601578757875,0.6395053561768753,0.4555799108829111,0.8289069134516228
global_mean,3g7j_B,0.4555170250193312,0.5,0.03949158657905962,12.49513041973114,0.5625,0.5743832639030492,0.5810661546200411,0.5237439917520206,0.4411572066406686,0.4423748288243359,0.512545089148023
global_mean,3jtq_B,0.43939485754086227,0.5,0.017241379310344827,25.843168258666992,0.5,0.4061424620449543,0.45392970461398363,0.4363986301020934,0.38011213413049133,0.4433781418927428,0.4239922145568531
global_mean,3lze_A,0.42124112602228064,,,0.0,1.0,0.2912747942739063,0.21662935304145017,0.38631900034775407,0.45240563286045465,0.43041691320920084,0.3554091387465532
global_mean,3m0o_B,0.46773163339071916,0.5,0.01917907644464552,34.8729331874046,0.16806722689075632,0.42930520381204557,0.46759498059770477,0.46917335027416773,0.47071386870269544,0.4676848411095633,0.46089444889923536
global_mean,3o98_B,0.313281173040939,0.5,0.001658374792703151,42.439449310302734,0.0,0.25632654627164203,0.2681057087399743,0.22502867312266908,0.2361260411143303,0.32717308104403464,0.26255201005853007
global_mean,3pnv_A,0.6343512448038089,0.5,0.23385987097327302,67.00126775105794,0.0,0.19894037975205317,0.33772940988893857,0.3743213112324928,0.5162214695095416,0.6694949211069358,0.4193414982979924
global_mean,3wfz_C,0.4269203118580296,0.5,0.011759851826227335,41.76523303985596,0.0,0.3802496132751306,0.45898424693021095,0.43166565755258324,0.4358359084025706,0.4257099963805749,0.42648908450821404
global_mean,3x2y_C,0.44597516266769965,0.5,0.03659776347001017,17.662153879801433,0.2777777777777778,0.37724176601127346,0.45190538273926717,0.6091210232943783,0.5790602427753111,0.3694722180914234,0.4773601265823307
global_mean,3zwb_B,0.2834627831111797,0.5,0.03237211590360952,49.847237723214285,0.0,0.2852126274790083,0.3009079822472164,0.30984473699789905,0.3158948857555251,0.2788647249638848,0.2981449914887067
global_mean,4bl2_B,0.5802397572993852,0.5,0.1717137590578811,86.55384876853542,0.0,0.5641749609719243,0.4830288970947694,0.4211914068746602,0.3647298645274167,0.6072941274131697,0.48808385137638804
global_mean,4cj8_I,0.3399418652592759,0.5,0.1610761939106692,33.61017608642578,0.0,0.7983913052649726,0.24693412174071586,0.2825315996380569,0.302940268469023,0.36065974580561305,0.39829140818367625
global_mean,4cv1_E,0.4645992133342197,0.5,0.10221094541551694,35.2492806001227,0.006298449612403101,0.9209326826636403,0.6931030508736099,0.607632100404931,0.4558298639100096,0.4409018601326332,0.6236799115969648
global_mean,4dfx_E,0.4715530203367288,0.5,0.03554274735830932,36.39386908213297,0.0,1.7090669870376587,2.0055850793917975,0.9146032243967056,0.45487230883704294,0.4297105672233032,1.1027676333773015
global_mean,4f4m_D,0.39460041329052586,0.5,0.06378715869909607,18.310216406117316,0.21739130434782608,0.39151284238998446,0.39102165246117454,0.4031509441795359,0.38462125611014303,0.39719567723549193,0.3935004744752659
global_mean,4gvr_C,0.4964349972075952,0.5,0.07120181405895691,21.827998797098797,0.2222222222222222,0.3379345385150777,0.3788745850738552,0.42186844625744274,0.42892308045515526,0.5411007040328987,0.42174027086688587
global_mean,4hgq_E,0.4052037481793022,0.5,0.009885439763488544,24.832160731156666,0.3125,0.19441179914348242,0.3126683091201509,0.41352790028484815,0.43070495417062116,0.406941316938427,0.3516508559315059
global_mean,4ok4_B,0.42047102699920796,0.5,0.0926470526751483,44.203465938568115,0.125,0.4543623661932846,0.37645290740248233,0.40226869176049385,0.40192966852859924,0.4236792918694071,0.41173858515085343
global_mean,4p4h_A,0.31595263795114736,0.5,0.1848404255319149,36.8932728767395,0.0,0.24262592072288194,0.216155746123857,0.2327719567966757,0.2456744059214971,0.34166468726597193,0.2557785433661767
global_mean,4wef_A,0.40114901463172703,0.5,0.029070560938992768,31.315160179138182,0.15,0.3390504774947961,0.4077327701979532,0.4089788225498906,0.3873262941895046,0.40338520216046564,0.389294713318522
global_mean,4x88_A,0.4065426385573142,0.5,0.013163454902585336,2.240385084441214,0.9242424242424242,0.39276103208763435,0.41219490374240914,0.42955990701647007,0.43652761151606523,0.3952650661259221,0.4132617040977002
global_mean,4xy5_A,0.391772261611635,0.5,0.013774104683195593,26.470184961954754,0.0,0.4856503663791551,0.47989137656986713,0.42096034497900425,0.4134344750812504,0.3316754118301148,0.42632239496787827
global_mean,5hgv_C,0.4951932670996082,0.5,0.002442912139131425,23.316757202148438,0.25,0.5213701386625568,0.5169546745886857,0.5146382804977854,0.5245488259092166,0.4922557187655147,0.5139535276847518
global_mean,5mdw_6,0.32724441902246326,0.5,0.21875,33.24297332763672,0.0,0.45952787995338434,0.6058745145797729,0.17367898424466452,0.1481766253709793,0.2761302627623081,0.3326776533822218
global_mean,5tnf_C,0.4323595571468565,0.5,0.01304021949268418,19.2394905949043,0.2319915254237288,0.3359409865994259,0.39755694826809856,0.4158499952347874,0.40726904090147764,0.443858790627821,0.4000951523263221
global_mean,5vec_B,0.41227900127062345,0.5,0.022754137115839245,52.37406857808431,0.0,0.4118030058840911,0.39378101161370677,0.47914617767919115,0.4437799447547624,0.40569910660170017,0.4268418493066903
global_mean,5xuh_A,0.5016331262389818,0.5,0.208,23.93380355834961,0.0,0.31361468757192296,0.256440416806274,0.22080832164277112,0.3970844766316992,0.6470475218501752,0.3669990849005685
global_mean,6a1v_A,0.42820437891750135,0.5,0.03256794854852209,21.02190645535787,0.3333333333333333,0.38070929917092955,0.39672373580032855,0.4015261450951664,0.38853849090755826,0.45280632905985385,0.4040608000067673
global_mean,6bau_B,0.40473894026013263,0.5,0.02696078431372549,8.02792485555013,0.75,0.2931673311524921,0.4505951630749873,0.43778999332882945,0.42592473011446524,0.39608529773560863,0.4007125030812766
global_mean,6bl6_B,1.5088564118857715,0.5,0.45577691428570655,80.12193574296667,0.14893617021276595,1.3046324549784474,1.1626474433456657,1.2123544781145243,1.2718067100652928,1.5536011604989788,1.3010084494005818
global_mean,6e2j_A,0.31865224304878825,0.5,0.11214953271028037,145.72537231445312,0.0,0.43726540605227143,0.3014804522196452,0.4473359942436218,0.2183537781238556,0.3130900673149677,0.3435051395908723
global_mean,6ej6_A,0.5324572432806695,,,0.0,1.0,0.5347363899151484,0.5535859528308114,0.5582805980717943,0.5644191083077702,0.5234283836488071,0.5468900865548663
global_mean,6i7u_A,0.3836360152270044,0.5,0.05913978494623656,45.484169006347656,0.0,0.3821065028508504,0.4387093172831969,0.26979986924145904,0.3558705056255514,0.39859346006404267,0.36901593101302005
global_mean,6k0q_A,0.5181949998025407,0.5,0.0026833631484794278,11.812048435211182,0.5,0.4499581266815464,0.5182349661706838,0.52150752034545,0.5203897926879923,0.5181294580845829,0.505643972794051
global_mean,6l7d_A,0.3927090021374443,0.5,0.12442015434147968,34.66973231537173,0.0,1.3324156337063322,0.697058159307975,0.4951159528401103,0.43974367712941603,0.3668192615450025,0.6662305369057672
global_mean,6m4l_A,0.45326714269674173,0.5,0.010080645161290322,36.23588180541992,0.0,0.3739623265961806,0.44426587540656326,0.42092148280547315,0.4800565111394407,0.45157789242034424,0.43415681767360037
global_mean,6o4b_G,0.3987524734055856,0.5,0.04113936599210557,53.127310793411326,0.04830917874396135,0.41761456786590406,0.31072875245318116,0.3167231050896612,0.32273115981088263,0.41538120675874657,0.35663575839567513
global_mean,6r6n_B,0.38854343684390186,0.5,0.01,24.782733917236328,0.0,0.0741133044163386,0.21201207116246223,0.362197226893745,0.4064004648538745,0.4259133199972419,0.29612727746473244
global_mean,6uau_A,0.387961749664996,0.5,0.017980636237897647,26.013817469278973,0.0,0.4875525087118149,0.43161769214867046,0.40547463912562826,0.4065832964529237,0.3729006786646288,0.4208257630207332
global_mean,6zy0_A,0.4529839937074293,0.5,0.0014265335235378032,28.01908302307129,0.0,0.44309006631374365,0.5115470208227635,0.47618872528114625,0.49039582362664597,0.4473760774957261,0.4737195427080051
global_mean,7bbx_A,0.5170310409051705,,,0.0,1.0,0.4423280358314514,0.4531581314901511,0.49078624213443084,0.47990699769819484,0.5257069725594822,0.47837727594274215
global_mean,7bxo_B,0.4250267690315048,0.5,0.13173192371665654,33.93557288429954,0.045454545454545456,3.1911753562815264,1.2774206177529062,0.4827247643083318,0.30373868031272205,0.31604409191028326,1.1142207021131538
global_mean,7dwo_B,1.5751126405100453,0.5,0.634417808219178,68.64007949829102,0.0,1.4341310188174248,1.47941083327261,1.2282032960281761,1.1551969337331898,1.6840186329843763,1.3961921429671553
global_mean,7m8h_C,0.4644676513900504,0.5,0.009070294784580497,17.537354826927185,0.4375,0.4198233459610492,0.5068024681781286,0.5181505129410705,0.49855183470438563,0.4466084414251128,0.4779873206419493
global_mean,7n6n_A,0.457404225786013,0.5,0.1814450993774359,47.60965616577541,0.0042960557472430825,0.3521147371963734,0.3927326442478929,0.33239348649854045,0.3288742856530715,0.5025010742813323,0.38172324557544207
global_mean,7nlg_C,0.37042347950157123,0.5,0.0989010989010989,2.919854300362723,0.8571428571428571,0.21434906125068665,0.4617052133594241,0.434513660643448,0.4031988729226899,0.33506525726032266,0.3697664130873142
global_mean,7o58_B,0.7941176101596469,0.5,0.49724517906336085,32.793346325556435,0.125,0.675721186109715,0.7315434524507234,0.6003722095309688,0.7339771934476801,0.8336746313982523,0.7150577345874679
global_mean,7sj1_C,0.40526441781192407,0.5,0.47959183673469385,48.44914722442627,0.0,0.09198449179530144,0.12569182428220907,0.3268744818245371,0.5890118347910734,0.40002568596257615,0.30671766373113946
global_mean,7sp0_B,0.3914497889822624,0.5,0.004098360655737705,56.826961517333984,0.0,0.3206729119022687,0.5580433662980795,0.4671569764614105,0.43052516877651215,0.3898027529583332,0.4332402352793208
global_mean,7vns_A,0.4843754686557098,0.5,0.04955621301775148,22.53256058692932,0.0,0.37436954894413554,0.3500249778063825,0.44331393526916046,0.562586842258204,0.46626951617223644,0.4393129640900238
global_mean,8eip_B,0.438262817687428,0.5,0.007320989512770336,13.936768531799316,0.5,0.5208298491521014,0.5102777486770518,0.4995191239023407,0.4615597929795872,0.4224731036872735,0.4829319236796709
global_mean,8eqo_B,0.34901569410018385,0.5,0.1869368647312343,28.58547497670585,0.015727391874180863,0.6382957028376929,0.32493016362310456,0.32013974164355163,0.3203544216541936,0.36039211039738056,0.39282242803118467
global_mean,8f79_A,1.6836508436200222,0.5,0.668580749171432,131.24072202046713,0.0,2.8220447268750934,2.138150221978625,1.7572000230352085,1.5060745807837634,1.6803436518887203,1.9807626409122818
global_mean,8jce_G,0.38565636623291233,0.5,0.026490066225165563,56.53575642903646,0.0,0.21172408290483336,0.37212767817057024,0.3281405402450926,0.32024902106255354,0.3940425423563612,0.3252567729478822
global_mean,8ka0_C,0.5906314405164232,0.5,0.4012345679012346,50.01686096191406,0.0,0.2602341671784719,0.2331569254398346,0.24035763637772922,0.22868168916791043,0.6910602873651004,0.3306981411058093
global_mean,8r3c_A,0.4387952265391087,0.5,0.026131657860916747,20.020714925130207,0.006666666666666667,0.2901383731762568,0.32477109775568047,0.3383919005127003,0.43313358809550606,0.47643096528927953,0.37257318496588465
global_mean,8t06_A,0.3227215855447903,0.5,0.06972361809045226,33.49544906616211,0.0,0.30691552876184386,0.5275205948079625,0.4098487451028389,0.270979556843597,0.31648459684083385,0.36634980447141524
global_mean,8up8_C,0.4123363858054569,0.5,0.06339468302658487,18.71684398651123,0.4,0.32105699578921004,0.34861297381652906,0.41265038432945544,0.3914239921141416,0.4194121346636579,0.3786312961425988
global_mean,8wkd_A,0.43036853428930044,0.5,0.2916666666666667,43.032684326171875,0.0,2.4704779386520386,0.24888519942760468,0.7611966455976169,0.9121550917625427,0.36022589905630975,0.9505881548992227
global_mean,8x84_C,0.41570835020924796,0.5,0.06561679790026247,43.161468863487244,0.0,1.448255619655053,1.5881476042171319,1.4200563192134723,0.6576935428961673,0.3514985249640141,1.0931303221891677
global_mean,9bc6_C,0.4976324345502802,0.5,0.3285123966942149,78.3049087524414,0.0,0.21640549165507159,0.26011832111648153,0.5647785305385322,0.4636180984826448,0.5028053920630742,0.4015451667711608
global_mean,9cp9_B,0.43511663542025086,0.5,0.006167866222651914,32.01237678527832,0.0,0.3670744978719287,0.4678189834165904,0.49923923238872175,0.49105343456666156,0.42021452720610836,0.44908013509000216
global_mean,9hkm_C,0.5275128739398384,0.5,0.16217306376223237,48.152000427246094,0.0,2.1952967378828263,0.965729491873866,0.5146496872086463,0.551824694900238,0.5028353565923469,0.9460671936915848
global_mean,9j83_A,2.3080391562794635,0.5,0.8782201405152225,66.65164184570312,0.0,0.13601154088974,0.5444370887496255,0.9044898080825806,1.1647886859404075,2.6023545599730946,1.0704163367270896
global_mean,9m80_B,0.22896384334906883,0.5,0.06309808612440192,52.29926013946533,0.0,0.3085381922622522,0.21293970942497253,0.20880102537959427,0.21685024405052497,0.23025963724266305,0.2354777616720014
global_mean,9r2f_C,7.682541258878423,,,50.59802500406901,0.0,7.411683966348201,8.787064835613156,6.681398320198059,6.516186939261367,7.846813220403732,7.448629456364904
global_mean,9sd5_A,0.4220669154544787,0.5,0.023323615160349854,52.14410018920898,0.0,0.2681623995304108,0.4928147007400791,0.45108740699167055,0.4754129075148004,0.4160818932888409,0.4207118616131604
global_mean,9swq_B,0.6781958986387074,0.5,0.5046728971962616,71.04696273803711,0.0,0.12990308552980423,0.1963570760119529,0.22736705243587496,0.45304003296265927,0.7271164615818678,0.3467567417044318
global_mean,9va6_A,0.37717379050498656,0.5,0.22424242424242424,31.261920928955085,0.0,1.8278929591178896,0.3020488917827606,0.2148011395626742,0.2999313209077408,0.4097095333953511,0.6108767689532832
shell_mean,1ct1_E,0.4119770851132635,0.5212555336554257,0.17025526484630168,27.009650470271254,0.11014492753623188,1.1973231063079175,0.46944443800361174,0.3163194785086385,0.39342973464982167,0.38394636047243824,0.5520926235884855
shell_mean,1gyr_C,0.2963182401741026,0.49273368868335476,0.12788141271011935,39.562649726867676,0.0,0.34099699540270695,0.2493750671811757,0.22007116636790838,0.2962371221969232,0.2995547752141375,0.28124702527257034
shell_mean,1h7x_D,0.4661029369850102,0.4949522692143611,0.04166296687249305,80.03887315229936,0.09090909090909091,1.9519114259517556,1.8772114818416397,0.7357065438486636,0.32765456591588643,0.4383015584802102,1.066157115207631
shell_mean,1ild_A,0.43094091027511233,0.6058823529411765,0.01,32.0631103515625,0.0,0.7042682990431786,0.4136133410713889,0.38555819343994646,0.3164512985867673,0.4485161692603742,0.4536814602803311
shell_mean,1jll_E,0.2826244332647074,0.5845942335225174,0.06336842350750863,52.85120912031694,0.0,0.6563370332799174,0.34688851490635614,0.2457839785880048,0.2389217595850175,0.2879963327116368,0.35518552381418655
shell_mean,1me5_B,0.3391051835960104,0.5602780681423066,0.09560115957712217,34.087395985921226,0.0,0.35564134352737,0.3537805498267213,0.3290799386071838,0.29947789244660594,0.3457829828163889,0.336752541444854
shell_mean,1mjy_A,0.4186693555500386,0.49765436646207817,0.18629731927043724,23.571336327937612,0.0,0.34921606923644133,0.37433977634714727,0.3264189885362082,0.3811633277182801,0.449540262094606,0.3761356847865366
shell_mean,1u5o_A,0.43959942552273606,0.5037932023494037,0.18692610906663454,21.056103282504612,0.3333333333333333,0.5801641604414693,0.33039526945600906,0.31831721764639337,0.33971566021226457,0.4943517499781531,0.4125888115468579
shell_mean,1vyd_B,0.3777864067293383,0.7130434782608697,0.015625,11.682313919067383,0.5,0.44980416943629586,0.37880045268684626,0.35529424860659575,0.3348057658877224,0.40195310508191096,0.3841315483398743
shell_mean,1vzi_B,0.3977071557118558,0.6736333588979627,0.018164762067201093,16.99758849143982,0.35,0.7276515015866607,0.4675590603035831,0.4134685206911236,0.3598776614531815,0.3838071729599976,0.4704727833989093
shell_mean,1y39_A,0.3659341095166432,0.9863013698630136,0.3333333333333333,0.0,0.0,0.15868685642878214,0.4462921308974425,0.390782010029344,0.30715436465106905,0.38648583577014506,0.3378802395553565
shell_mean,1z73_A,0.47313530459798064,,,0.0,1.0,0.736365924278895,0.4838528765572442,0.4099546237715653,0.3637044574320316,0.5020575011109418,0.4991870766301355
shell_mean,1z8u_A,0.3643477969647696,0.7151462994836488,0.4777992277992278,43.61150932312012,0.0,2.3283802469571433,0.9930580332875252,0.24974755942821503,0.17727921530604362,0.29990875504344056,0.8096747620044735
shell_mean,2a6x_B,0.4269673695626188,0.3767441860465116,0.016566074531990604,17.218212127685547,0.0,0.6338092337052027,0.4729518319169681,0.5105780559065549,0.33835933580994604,0.43437693775932995,0.4780150790196004
shell_mean,2awi_L,0.3041648492523252,0.616959546820737,0.09881182077200466,41.47215805053711,0.0,0.6186115369200706,0.32925817532972856,0.3059054114234944,0.24426698992519,0.3088638238470863,0.361381187489114
shell_mean,2bek_D,0.3278020854760863,0.5456483540429858,0.051791467282506,31.227688831753202,0.011111111111111112,0.5595230221196457,0.31557007055456815,0.2786072803311908,0.2745351966958292,0.3467489872858378,0.35499691139741435
shell_mean,2d5g_D,0.36880569671650965,0.4915212510226782,0.08246908009907376,22.99198627471924,0.0,0.33320227017005283,0.2945604808628559,0.2408563088004788,0.2324533797800541,0.525273320885996,0.3252691520998875
shell_mean,2eyp_A,0.4533999626647564,0.5624415194961867,0.07244601637874862,15.423744070118872,0.3793103448275862,0.6765386152198946,0.4311546531971334,0.39813470197480544,0.38942611660818566,0.49066546625286767,0.4771839106505773
shell_mean,2hlp_A,0.40669039501035315,0.5201506105062309,0.08070259503666251,43.73156566920506,0.02626970227670753,0.49794350155796124,0.34693451521627855,0.34076390145541396,0.369498823375082,0.4161287220953768,0.39425389274002254
shell_mean,2o94_B,0.2769318037625293,0.61449518143548,0.03220408163265306,28.4301016330719,0.375,0.42564094066619873,0.28671089257113636,0.21760422682079175,0.16782401597482108,0.2883574460607468,0.27722750441873895
shell_mean,2ouv_B,0.315627868906367,0.6610911656926916,0.06528662878181411,30.5053034695712,0.045454545454545456,0.7166806014649796,0.44245718809087325,0.3326555437056036,0.27583955897641466,0.3146017841363322,0.41644693527484067
shell_mean,2pp3_B,0.47482923459497434,0.6142504553999892,0.011750315992445068,41.932623291015624,0.4,0.7736713639563984,0.47337301305749196,0.422258447765583,0.36416573677526737,0.49587224145363956,0.505868160601676
shell_mean,2xhn_B,0.5543923625561196,,,0.0,1.0,0.8031848904987176,0.5714613993519119,0.48951223729178306,0.4487148543927245,0.5692036897472695,0.5764154142564815
shell_mean,2ygp_A,0.43450398766168064,0.630057803468208,0.007936507936507936,30.54112434387207,0.0,0.3171348174413045,0.29564595036208635,0.3696191224914331,0.3801543789525186,0.46243797771905254,0.364998449393279
shell_mean,3a9w_A,0.44367540760419777,0.5033374725485283,0.008032694794326127,27.943183263142902,0.0,0.7618795252508588,0.4740535975212143,0.39645207444826763,0.3921966192086001,0.45080316723891095,0.4950769967335704
shell_mean,3ax3_A,0.6065683388198265,0.45462717005770253,0.4092935269278534,22.731449445088703,0.0,1.0962954958279927,0.6226199186510509,0.6006338921781534,0.7159833978204166,0.46677262764884,0.7004610664252908
shell_mean,3b8t_A,0.4816803838430763,0.5946356941191998,0.05949957664606311,25.997915074510395,0.2830188679245283,0.5183690878205329,0.4372349991327778,0.41593911568811937,0.38693983579832314,0.4927466563606909,0.45024593896008885
shell_mean,3cfh_B,0.4760473132275739,0.6525091810123996,0.02306539216646343,17.798782634735108,0.375,0.7150248262410362,0.490026829076103,0.4452989679567966,0.405234499100865,0.4899134604608368,0.5090997165671276
shell_mean,3cyi_A,1.9852199556338885,0.6864019752205627,0.9015214495237226,29.79861217074924,0.0,0.9767699550699306,1.190403147349282,1.1837984431556792,1.9641549537981584,2.46858328989825,1.5567419578542598
shell_mean,3dl5_C,0.35256528395606535,0.5339028820485605,0.04437868312586388,63.004932503951224,0.0,0.5101615295729093,0.32290649215543743,0.30328666804453835,0.3472928757212219,0.35868931721914504,0.36846737654265044
shell_mean,3e44_A,0.491488959791698,0.47135402170136115,0.3372760570526289,46.82238006591797,0.0,0.5595249547844842,1.7917243369988032,0.5141667284490742,0.6853240535423415,0.455295225472382,0.8012070598494169
shell_mean,3g7j_B,0.45058276076233533,0.5256820081845114,0.06655503087399721,12.49513041973114,0.5625,0.7795414627762511,0.596062748976207,0.4816261861483481,0.3534896479267981,0.4573855140849469,0.5336211119825103
shell_mean,3jtq_B,0.44817083693551923,0.5477584660749028,0.019148936170212766,25.843168258666992,0.5,0.6927630789577961,0.4761671246960759,0.3821606087283446,0.2906685591404957,0.4584127139166492,0.4600344170878723
shell_mean,3lze_A,0.42126689997267414,,,0.0,1.0,0.5778954111867481,0.2360662091523409,0.3320809789740053,0.3527655614683954,0.4461625897910538,0.38899415011450866
shell_mean,3m0o_B,0.46445549915301165,0.6039126869913553,0.024356260323479585,34.8729331874046,0.16806722689075632,0.7015281197633229,0.48983240067979705,0.4152467480331991,0.37258990397874,0.48259974150435836,0.4923593827918835
shell_mean,3o98_B,0.31915147170412106,0.5722591362126246,0.001949317738791423,42.439449310302734,0.0,0.5429471631844839,0.28758197074586694,0.18214436235099002,0.16553979128599167,0.3413665062693112,0.30391595876732874
shell_mean,3pnv_A,0.6358362699433614,0.5343996534118345,0.236281385408318,67.00126775105794,0.0,0.2922017011377547,0.3500835321567677,0.35624197077457653,0.4916985493290422,0.6736645139421883,0.43277805346806586
shell_mean,3wfz_C,0.43145352127156616,0.5650913922305786,0.013564097042779213,41.76523303985596,0.0,0.6668702301879724,0.48122166701230323,0.3805130244974656,0.33619583701051126,0.4406524654414579,0.46109064482994205
shell_mean,3x2y_C,0.4385353682358255,0.44826161786691565,0.05883683561210947,17.662153879801433,0.2777777777777778,0.5067792998419868,0.46380656844597645,0.5721661670858706,0.49878259941117126,0.38399919508254465,0.48510676597350993
shell_mean,3zwb_B,0.28595447242288946,0.5303702271420585,0.0351025209145985,49.847237723214285,0.0,0.57183324439185,0.320794438464301,0.2648787706202099,0.24171017861848038,0.28901828198227975,0.3376469828154242
shell_mean,4bl2_B,0.5830278055490584,0.4994178820438337,0.1852280961894419,86.55384876853542,0.0,0.5565264079915849,0.4851096205973057,0.421416620610281,0.3725414859523027,0.6098152894596534,0.4890818849222255
shell_mean,4cj8_I,0.33609459220213583,0.5679589933226861,0.2034195241903909,33.61017608642578,0.0,0.7565828476633344,0.2593244138572897,0.2764395848152547,0.2797452611359739,0.36437704622351025,0.38729383073907264
shell_mean,4cv1_E,0.46462766170505787,0.4562699416027602,0.14458554764686052,35.2492806001227,0.006298449612403101,0.9778248004233874,0.700870114093565,0.5832072885033828,0.39758660103294785,0.45027766492272986,0.6219532937952026
shell_mean,4dfx_E,0.47876920443704557,0.5668148960363872,0.3479794539772812,36.39386908213297,0.0,1.422446370124817,2.0070675740639365,0.9118234982093175,0.3685175802972582,0.4443365384434333,1.0308383122277527
shell_mean,4f4m_D,0.37563612603201035,0.6298607550598944,0.08195056102126926,18.310216406117316,0.21739130434782608,0.6777911679684252,0.4119810711001812,0.36065357087645344,0.3054213370573405,0.4085049140335612,0.4328704122071923
shell_mean,4gvr_C,0.4845227508937096,0.5848391509512151,0.09044871493766875,21.827998797098797,0.2222222222222222,0.6245551554279195,0.39964111153450277,0.3714384785736145,0.3496804624618394,0.5518942425484571,0.45944189010926667
shell_mean,4hgq_E,0.39715827327908176,0.6364210645038455,0.013841889655592734,24.832160731156666,0.3125,0.4356231849200816,0.33236841038645554,0.36212348628029317,0.33509031632529246,0.42150064776676727,0.377341209135778
shell_mean,4ok4_B,0.42354018199290555,0.557783283380002,0.09936607945333684,44.203465938568115,0.125,0.6244146859583756,0.3906092112056083,0.36594050574985243,0.33824815019733095,0.43357017015012406,0.4305565446522583
shell_mean,4p4h_A,0.32005797523232377,0.5735837007430328,0.2160029613105508,36.8932728767395,0.0,0.41280121977130574,0.23151442594826221,0.21128810522735447,0.26636357086724327,0.3426808208276187,0.29292962852835686
shell_mean,4wef_A,0.39769328216278793,0.6149692433310706,0.037409924529275836,31.315160179138182,0.15,0.6148095863560836,0.42997019028004546,0.35590974384595087,0.29868522150107346,0.41659834114458755,0.4231946166255482
shell_mean,4x88_A,0.40511207577382147,0.6503370786516853,0.01962101181032963,2.240385084441214,0.9242424242424242,0.6738389757546511,0.4344323238245014,0.37667248661504144,0.33889250328489023,0.4102388232147652,0.44681502253876987
shell_mean,4xy5_A,0.3611218649624608,0.8016949152542372,0.036231884057971016,26.470184961954754,0.0,0.7722709832919968,0.5021287966519594,0.3693693011795738,0.3160214936699197,0.34324904623650765,0.46060792420599145
shell_mean,5hgv_C,0.5038589290287362,0.5500587470080412,0.002725838683793404,23.316757202148438,0.25,0.8079907555753987,0.539192094670778,0.4604002591240366,0.42490875451715726,0.5079280393916603,0.5480839806558062
shell_mean,5mdw_6,0.3187659321120009,0.4285714285714286,0.2347282347282347,33.24297332763672,0.0,0.448936770359675,0.5925320625305176,0.1559388339519501,0.08041329681873322,0.27696821622942625,0.3109578359780604
shell_mean,5tnf_C,0.42647949887377484,0.4878846895823376,0.014657444434096405,19.2394905949043,0.2319915254237288,0.6180571061966804,0.41845634982686586,0.36372978365547526,0.31867171196327965,0.45869102447635823,0.4355211952237319
shell_mean,5vec_B,0.41810033649473666,0.4104198878204173,0.019465618740026887,52.37406857808431,0.0,0.6984236227969328,0.41305344235152003,0.43858872026532564,0.3698230571076128,0.4199567967934689,0.467969127862972
shell_mean,5xuh_A,0.5025500610470771,0.5819403506267508,0.2701046085736261,23.93380355834961,0.0,0.6002353044847647,0.2696682062965852,0.194572078227474,0.3875452743244894,0.6461340599729352,0.41963098466124965
shell_mean,6a1v_A,0.42577818817285934,0.6356579764117595,0.04768640867162338,21.02190645535787,0.3333333333333333,0.6660573685076088,0.4172176774415437,0.35545644558537887,0.30348489761254405,0.46605046344656803,0.44165337051872866
shell_mean,6bau_B,0.4023984128748541,0.3527271528267271,0.02164847103479196,8.02792485555013,0.75,0.579787948065334,0.4728325831570796,0.3876059208207783,0.3323242141865845,0.41134685152814404,0.43677950355158407
shell_mean,6bl6_B,1.5096550316565684,0.5453735882874257,0.46589639802506627,80.12193574296667,0.14893617021276595,1.2774623016040798,1.1632909715041926,1.2116921493726307,1.2700594134388095,1.5540775860316756,1.2953164843902776
shell_mean,6e2j_A,0.3202245361476301,0.42105263157894735,0.18724634570304835,145.72537231445312,0.0,0.34172520041465754,0.2866555054982503,0.4581835985183716,0.21764042973518372,0.3186228878879815,0.32456552441088893
shell_mean,6ej6_A,0.5298445486084937,,,0.0,1.0,0.8213570068279902,0.5758233729129036,0.5040425766980455,0.4647790369157109,0.5393494995240512,0.5810702985757403
shell_mean,6i7u_A,0.38370084665435295,0.5497402597402599,0.06709002299626575,45.484169006347656,0.0,0.6687271197636923,0.4609467373652892,0.22798477139856135,0.29888302385807036,0.4103199257227508,0.4133723156216728
shell_mean,6k0q_A,0.5204981883592826,0.5887893090866971,0.0032822757111597373,11.812048435211182,0.5,0.7365787435943882,0.540472386252776,0.46726949897170117,0.42313634899614666,0.5338887722869051,0.5402691500203834
shell_mean,6l7d_A,0.39510735274396425,0.4555858804043961,0.12803338492225508,34.66973231537173,0.0,1.32208417117696,0.6978135260768004,0.4833046176588131,0.41488215887917257,0.3751913738909002,0.6586551695365293
shell_mean,6m4l_A,0.45250044130126854,0.49753937620296007,0.009495153144346694,36.23588180541992,0.0,0.6605829435090225,0.46650329548865554,0.36668346143172437,0.3866828431262437,0.4668497872247382,0.46946046615607684
shell_mean,6o4b_G,0.39851469235067216,0.5869741986094004,0.08471587052182816,53.127310793411326,0.04830917874396135,0.5538868646408864,0.3271987327381457,0.2804025042545795,0.25709451968772296,0.4250314378666883,0.3687228118376046
shell_mean,6r6n_B,0.36240153612568976,0.7601010101010102,0.021980676328502417,24.782733917236328,0.0,0.36073392132918036,0.23424949124455452,0.3079592055199962,0.30676039346181516,0.44071484466752703,0.3300835712446147
shell_mean,6uau_A,0.3786265162434197,0.6634394739421969,0.027423363711681855,26.013817469278973,0.0,0.7741731256246567,0.45385511223076275,0.3519597913701961,0.3130144838912049,0.38687840755516684,0.45597618413439744
shell_mean,6zy0_A,0.4576831054574838,0.5671428571428572,0.0016556291390728477,28.01908302307129,0.0,0.7297106832265854,0.5337844409048558,0.4219507039073975,0.39075575223458664,0.4631382471226317,0.5078679654792114
shell_mean,7bbx_A,0.5208702236572704,,,0.0,1.0,0.7289486527442932,0.4753955515722434,0.43654822076068206,0.3802669263061355,0.5416280884347263,0.5125574879636161
shell_mean,7bxo_B,0.4231239558401976,0.5403785279362034,0.2821512806143239,33.93557288429954,0.045454545454545456,3.006356819335258,1.2665008752409255,0.4890661753919518,0.26384743943433997,0.32538502943450753,1.0702312677673966
shell_mean,7dwo_B,1.5739153688996774,0.5685827770662781,0.6526056738607603,68.64007949829102,0.0,1.283908379574617,1.4661933113525194,1.2566467411101614,1.2045195013004126,1.674185971381659,1.3770907809438737
shell_mean,7m8h_C,0.4534923475901228,0.6516029043406019,0.013152732736810821,17.537354826927185,0.4375,0.706443962873891,0.5290398882602209,0.4639124915673218,0.39901031776249524,0.46138347769546845,0.5119580276318795
shell_mean,7n6n_A,0.4557734797474483,0.5539536348819223,0.2148002341914379,47.60965616577541,0.0042960557472430825,0.5129625866670204,0.4026289861626094,0.31088113302023235,0.3016851222834377,0.5047176013493172,0.40657508589652336
shell_mean,7nlg_C,0.3511934038139386,0.38346883468834686,0.08472130194516754,2.919854300362723,0.8571428571428571,0.36078364082745146,0.4775890848466328,0.38544116511481813,0.3101604587168663,0.34916218772879876,0.3766273074469135
shell_mean,7o58_B,0.7928470984255553,0.5716693181160017,0.5112251063548894,32.793346325556435,0.125,0.593008895094196,0.7278268590117946,0.5994873886340795,0.7354345611896863,0.8334104002542931,0.69783362083681
shell_mean,7sj1_C,0.416938435856481,0.3956508135168961,0.4423137077623238,48.44914722442627,0.0,0.28462927664319676,0.11504275786379974,0.37508605637898046,0.6886519061831328,0.3882467865396838,0.3703313567217587
shell_mean,7sp0_B,0.40913381042783376,0.5061728395061729,0.004201680672268907,56.826961517333984,0.0,0.6072935288151106,0.5802807863801718,0.41291895508766174,0.3308850973844528,0.405432194138461,0.46736211236117164
shell_mean,7vns_A,0.47973220263808947,0.37375454785319556,0.04286773535460028,22.53256058692932,0.0,0.6609901658569773,0.3611436878474286,0.40255380018712267,0.49509685338279774,0.47922465621070776,0.4798018326970068
shell_mean,8eip_B,0.4325880442490903,0.6318009324789837,0.010034591106414187,13.936768531799316,0.5,0.8074504660649432,0.532515168759144,0.44528110252859193,0.36342343362741075,0.4377550467236803,0.517285043540754
shell_mean,8eqo_B,0.34703890086464056,0.5948768695769096,0.2286763902240001,28.58547497670585,0.015727391874180863,0.7214215296439525,0.3294255556987147,0.30804159700669476,0.31499971457312614,0.35983089535195184,0.406743858454888
shell_mean,8f79_A,1.6752685389878543,0.49723177507464045,0.671771660156008,131.24072202046713,0.0,2.5831942127810588,2.119619038576881,1.801486860215664,1.5818872851793442,1.6701512911568044,1.9512677375819505
shell_mean,8jce_G,0.39137256491131145,0.5555555555555556,0.029925187032418952,56.53575642903646,0.0,0.2455058357229939,0.3894234493455309,0.2883659912376768,0.22460817011435413,0.40813046412507104,0.31120678210912534
shell_mean,8ka0_C,0.5847668528326868,0.6351329622220121,0.4844808992616585,50.01686096191406,0.0,0.5139897962411245,0.2420518934726715,0.2162690768981802,0.23653145348455043,0.6818965364872371,0.3781477513167528
shell_mean,8r3c_A,0.45081979953380075,0.5833880570486593,0.043704058804729946,20.020714925130207,0.006666666666666667,0.541314878794882,0.3455153205556174,0.2937412598660837,0.33752091862758005,0.49116388775388864,0.40185125311961034
shell_mean,8t06_A,0.32362721162852853,0.42802633530054635,0.0686451507473917,33.49544906616211,0.0,0.4223680468276143,0.5258396181410977,0.4000232327085299,0.21343163531851053,0.32761009347248715,0.3778545252936479
shell_mean,8up8_C,0.41609867566887954,0.528677919268249,0.0698223537691029,18.71684398651123,0.4,0.6076776127020518,0.3625907807252728,0.3647998482214385,0.29932688404805957,0.4322732257056159,0.41333367028048773
shell_mean,8wkd_A,0.4306787444899479,0.4838497899159664,0.30413776883343513,43.032684326171875,0.0,2.1838573217391968,0.24789870282014212,0.7973553265134494,0.98085794540552,0.3574025175046353,0.9134743627965887
shell_mean,8x84_C,0.42575243984751177,0.2896154148716049,0.1916809668469461,43.161468863487244,0.0,1.161635002742211,1.5659101841350396,1.4367039947537705,0.6628968901110485,0.36475053135143265,1.0383793206187004
shell_mean,9bc6_C,0.49715356700110813,0.5423465198731106,0.3381004629199685,78.3049087524414,0.0,0.32082936353981495,0.25694154681903975,0.5748082860356251,0.43820793222403154,0.5025942534538304,0.41867627641446836
shell_mean,9cp9_B,0.4334479141898239,0.6057396442881319,0.007865297788514075,32.01237678527832,0.0,0.6048638770977656,0.4900564034986827,0.44500121101497303,0.39141336317460224,0.4356154308205036,0.4733900571213055
shell_mean,9hkm_C,0.5304264156854214,0.45652478231563176,0.17545773907920667,48.152000427246094,0.0,1.9605287710825603,0.9546823556579295,0.5228747669038717,0.5340330552137663,0.5102335410451513,0.8964704979806558
shell_mean,9j83_A,2.306657405871139,0.5537435897435896,0.8977725017690732,66.65164184570312,0.0,0.19739089409510294,0.5343291705304926,0.9457107043266296,1.257145372596947,2.587794223232487,1.1044740729563318
shell_mean,9m80_B,0.23063811493433709,0.5408778913280757,0.06870915907499016,52.29926013946533,0.0,0.595158809175094,0.23200035520962306,0.17830014945656963,0.17989148608841268,0.23441584377695068,0.28395332874133006
shell_mean,9r2f_C,7.66985877029935,,,50.59802500406901,0.0,7.125063349435359,8.764827415531064,6.735636341571808,6.615827010653426,7.830892104528488,7.414449244344029
shell_mean,9sd5_A,0.4270916948361056,0.4438432835820896,0.021063489092952734,52.14410018920898,0.0,0.5547830164432526,0.5002271741007766,0.40136922073240083,0.3757728361227411,0.4300394048728049,0.4524383304543952
shell_mean,9swq_B,0.6733021938076643,0.5376671235906176,0.5301202276554949,71.04696273803711,0.0,0.35357757161060965,0.18579091663871494,0.24632277488708496,0.48847974778939607,0.716160309078899,0.398066264000941
shell_mean,9va6_A,0.3697646000958753,0.5709987331081081,0.2890347987237628,31.261920928955085,0.0,1.5412723422050478,0.3020488917827606,0.20643562507694183,0.2976985062504637,0.40601031900436246,0.5506931368639153
mutation_type_shell_mean,1ct1_E,0.40307424421307847,0.5707604609462947,0.1634079624139143,27.009650470271254,0.11014492753623188,1.1517710728575727,0.48721859171442944,0.32951439709358504,0.41678625218320103,0.37203411346175125,0.5514648854621079
mutation_type_shell_mean,1gyr_C,0.27762894504857094,0.5008974895695556,0.12600023408388145,39.562649726867676,0.0,0.23802097058958477,0.19783854604299578,0.21774473483632567,0.2951277538063945,0.28025067585618996,0.24579653622629813
mutation_type_shell_mean,1h7x_D,0.29596066356891765,0.5318494683615028,0.06669419197343249,80.03887315229936,0.09090909090909091,1.801198981928103,1.7884142291694154,0.6255690970686575,0.2099783622394197,0.26295769343746495,0.9376236727686122
mutation_type_shell_mean,1ild_A,0.20301723523710488,0.5627450980392157,0.009478672985781991,32.0631103515625,0.0,0.5881121978163719,0.36482634327628394,0.14359295916031392,0.12308962264194573,0.20501179555383733,0.28492658368975055
mutation_type_shell_mean,1jll_E,0.25658805047396327,0.5847327976127531,0.06338488484997462,52.85120912031694,0.0,0.3542450175366618,0.2623808117272953,0.23284601762127188,0.24298086541438446,0.2599530577395242,0.2704811540078275
mutation_type_shell_mean,1me5_B,0.36089367619383655,0.573601346171467,0.09715203008562397,34.087395985921226,0.0,0.2743451578749551,0.23771493490785364,0.26076726364567626,0.24318988167079456,0.4132549948533346,0.28585444659052284
mutation_type_shell_mean,1mjy_A,0.36928058903720373,0.4962944640024833,0.2075449339508916,23.571336327937612,0.0,0.3386384285496254,0.3591364613059619,0.31273062003787033,0.3671503607362421,0.3948693709546608,0.3545050483168721
mutation_type_shell_mean,1u5o_A,0.8394499117743766,0.5509619585234686,0.20286143732291959,2.8582968182033963,0.6666666666666666,1.3386169787910247,0.8371486930636528,0.4481436255851159,0.4489070193215173,0.9710982681257013,0.8087829169774025
mutation_type_shell_mean,1vyd_B,0.20903504016439847,0.2608695652173913,0.008620689655172414,11.682313919067383,0.5,0.2334074303507805,0.15202574525028467,0.37117066099825835,0.2508007507926474,0.14319090106997823,0.2301190976923898
mutation_type_shell_mean,1vzi_B,0.35872264214297755,0.6736333588979627,0.018164762067201093,16.99758849143982,0.35,0.42555948584340514,0.3850351277472718,0.39708872417461283,0.36592805053230315,0.3348469663876896,0.38169167093705647
mutation_type_shell_mean,1y39_A,0.3248955161889663,0.0136986301369863,0.013513513513513514,0.0,0.0,0.43498719731966656,0.2508926677207152,0.24594963736393877,0.18355203024111688,0.44106169627048075,0.31128864578318366
mutation_type_shell_mean,1z73_A,1.5435825459243935,,,36.940242767333984,0.0,0.8966119388739268,0.49168874157799614,0.5725699570562158,0.8396523977816105,1.8865183079575607,0.9374082686494619
mutation_type_shell_mean,1z8u_A,2.244017195034151,0.7960413080895009,0.5305250305250305,1.2494678497314418,1.0,1.9477901260058084,3.1264985278248787,3.57554478943348,1.9833689890801907,2.199457581053771,2.566532002679626
mutation_type_shell_mean,2a6x_B,0.2370962985625414,0.21744186046511632,0.013507628339598378,17.218212127685547,0.0,0.04903512696425119,0.1950859419173665,0.37537767203605693,0.15077935895986028,0.24893851019442081,0.20384332201439115
mutation_type_shell_mean,2awi_L,0.26292596916629846,0.6291967618143831,0.10032682328713301,41.47215805053711,0.0,0.12605435500542322,0.15144674696705562,0.1258725546610852,0.1597923262534957,0.3038761852102147,0.1734084336194549
mutation_type_shell_mean,2bek_D,0.5536116543577738,0.4475553101939544,0.044882313733502106,23.50881297853258,0.0,1.738755751925486,1.2210681466820026,0.8078179997917493,0.5218164767858209,0.45275830771863285,0.9484433365807383
mutation_type_shell_mean,2d5g_D,0.3698184729879161,0.38022249570245353,0.06546021177441595,22.99198627471924,0.0,0.5891766821344694,0.528347659856081,0.2340129256869356,0.20312485815240788,0.4907754397847586,0.4090875131229305
mutation_type_shell_mean,2eyp_A,0.3442067657546244,0.5345452950152151,0.06901913806658574,15.423744070118872,0.27586206896551724,0.31091756502102164,0.23194200815430588,0.2912862847936304,0.26788887739204814,0.38822272783533895,0.298051492639269
mutation_type_shell_mean,2hlp_A,0.6666751609810168,0.525301200488247,0.07896631450160374,43.88507480587934,0.01576182136602452,0.3540994302542001,0.28073310702414717,0.3230904643203596,0.3932944410252642,0.7390174636138651,0.41804698124756723
mutation_type_shell_mean,2o94_B,0.3124310448012479,0.6596825313989493,0.03427382053654024,28.4301016330719,0.375,0.1418591340382894,0.13845579830619198,0.16217062443805236,0.1156661152795312,0.3914050543147711,0.18991134527536718
mutation_type_shell_mean,2ouv_B,0.4824598500387187,0.5178525045112684,0.05493255699491494,23.89295571500605,0.045454545454545456,1.7352623548923118,1.237951966680642,0.8287182958892921,0.5251943581701386,0.37618569741234986,0.9406625346089469
mutation_type_shell_mean,2pp3_B,0.274854167207824,0.5861489930914014,0.011338143807975517,41.932623291015624,0.4,0.398333942062325,0.32187463573434133,0.2211979717316647,0.2184649245359468,0.28690351940554454,0.28935499869396447
mutation_type_shell_mean,2xhn_B,0.34249152718331866,,,0.0,1.0,0.4278474686046442,0.4199630220287613,0.2865043306164444,0.29547932949991756,0.3485389799408273,0.35566662613811895
mutation_type_shell_mean,2ygp_A,0.21324329632173838,0.6473988439306358,0.008130081300813009,30.54112434387207,0.0,0.28031302491823834,0.1691988687962294,0.1209586039185524,0.1718170421738779,0.23323421830659716,0.19510435162269904
mutation_type_shell_mean,3a9w_A,0.23085357229046832,0.5166291571613472,0.008167936094621155,27.943183263142902,0.0,0.15899651414818236,0.13354969202052983,0.18151025732358295,0.19976843441794587,0.2477918539223384,0.1843233503665159
mutation_type_shell_mean,3ax3_A,0.7122224837993131,0.2973563834927238,0.26773081250258857,22.731449445088703,0.0,1.5628302892049153,0.819414398736424,0.7436171214581809,0.7846801974415,0.5129374836077109,0.8846958980897462
mutation_type_shell_mean,3b8t_A,0.7990981655012361,0.5746201430494836,0.06446761367915943,23.913795313745176,0.4528301886792453,1.1374853948752086,1.0450326202122031,0.9554386267656491,0.7627815086690439,0.7749080308505316,0.9351292362745272
mutation_type_shell_mean,3cfh_B,0.19675791773926382,0.6620134321076472,0.02343059978036083,17.798782634735108,0.375,0.18132516077409191,0.1364515135840823,0.14619999586199744,0.17412278106639775,0.2162840948910043,0.17087670923551473
mutation_type_shell_mean,3cyi_A,2.1989058498815397,0.558669599998336,0.8754945744588988,29.79861217074924,0.0,1.443304748446853,1.387197627434655,1.3682264793686003,2.106735298804201,2.722922741266148,1.8056773790640916
mutation_type_shell_mean,3dl5_C,0.21832801249951314,0.4903849210670609,0.0429240715411685,63.004932503951224,0.0,0.17503506317734718,0.17853805158908168,0.17703563797768251,0.209750550916827,0.22568558687098067,0.1932089781063838
mutation_type_shell_mean,3e44_A,0.5207516246464529,0.495430472660548,0.3330208311094408,46.82238006591797,0.0,1.012601226568222,2.054100206920079,0.5857814112782994,0.7093297370658431,0.4748293611956208,0.9673283886056129
mutation_type_shell_mean,3g7j_B,0.6288884200481853,0.35871992483408494,0.027723068372471155,14.474708497524261,0.0625,1.701372947039393,1.3270703827897603,0.924335913364787,0.5751965104885695,0.5282572138711127,1.0112465935107244
mutation_type_shell_mean,3jtq_B,0.11414084340074597,0.5224172391780155,0.018633540372670808,25.843168258666992,0.5,0.33512984588742256,0.1221969882026315,0.14158040299438512,0.11950677534144732,0.11146316817429165,0.16597543612003562
mutation_type_shell_mean,3lze_A,0.491965754659454,,,0.0,1.0,0.2909116827779346,0.14895844745139283,0.29285686125757393,0.37611624730328,0.5515882790476064,0.3320863035675576
mutation_type_shell_mean,3m0o_B,0.25069513822848283,0.621577543485777,0.027566483602178553,34.8729331874046,0.16806722689075632,0.30086057809512823,0.23499784626511913,0.14106373184797807,0.15826117020187994,0.27775041060459105,0.22258674740293927
mutation_type_shell_mean,3o98_B,0.2185393495278226,0.5539867109634551,0.0019083969465648854,42.439449310302734,0.0,0.35434799393018085,0.3108660483902151,0.11173885546881578,0.14014803975820542,0.22950750677389842,0.22932168886426313
mutation_type_shell_mean,3pnv_A,0.6116211150821395,0.5369643950996369,0.236985604462024,63.171749671300255,0.0,0.788668867614534,0.2866270939509074,0.32710938054992994,0.48328462768876895,0.6452607371099509,0.5061901413828183
mutation_type_shell_mean,3wfz_C,0.15625937945586085,0.430829909177829,0.011759851826227335,37.926071524620056,0.0,1.5876100001235807,1.0247255475130967,0.3588407777922635,0.38398731802857766,0.10779570945870409,0.6925918705832446
mutation_type_shell_mean,3x2y_C,0.2779670485115974,0.6061276209246752,0.10813586165294946,17.662153879801433,0.2777777777777778,0.3313092103710881,0.3826876096940139,0.5003540612926903,0.39642174634904653,0.18075002858273206,0.3583045312579142
mutation_type_shell_mean,3zwb_B,0.25369443198447633,0.5304488323708784,0.03510561793909876,49.847237723214285,0.0,0.26974122864859446,0.24412929075104847,0.2522095502099852,0.24600931581514765,0.25448614779757256,0.25331510664446966
mutation_type_shell_mean,4bl2_B,0.7384528770157942,0.5250614966762032,0.2153699594662757,72.97696916680587,0.15789473684210525,0.5106631484732294,0.47558413508289094,0.4488099095969836,0.41484753371114746,0.7827071643167792,0.5265223782362061
mutation_type_shell_mean,4cj8_I,1.129828285041037,0.5471534477041294,0.17633789225968433,0.2644773210797991,1.0,0.7606542706489564,0.5493225513824395,0.425482838766559,0.37358030844911916,1.5926426140783163,0.740336516665078
mutation_type_shell_mean,4cv1_E,0.5971777536613044,0.5819656581643532,0.22090776739309423,25.701509711238764,0.32751937984496127,1.0386158993452046,0.6477688645198522,0.5956760220235522,0.4490502470784594,0.670532625708309,0.6803287317350755
mutation_type_shell_mean,4dfx_E,0.33392190052183857,0.22212069525666014,0.025159550797557967,36.39386908213297,0.0,1.9284344017505646,2.030627996722857,1.0168706387281417,0.20065403050846523,0.28789433429763106,1.092896280401532
mutation_type_shell_mean,4f4m_D,0.2820570321869498,0.5659165467642251,0.07568597436513141,18.310216406117316,0.21739130434782608,0.38372724654449936,0.3604118600225177,0.26274311298019587,0.21328001298099472,0.31628116062405415,0.30728867863045234
mutation_type_shell_mean,4gvr_C,1.4557318524907572,0.5933851315756424,0.09164073346881038,13.69410228729248,0.7777777777777778,1.0080935207919943,0.778123865235183,0.734836299913426,0.5688983167300741,1.9210490606756936,1.0022002126692742
mutation_type_shell_mean,4hgq_E,0.3556107757339475,0.6364210645038455,0.013841889655592734,24.832160731156666,0.3125,0.18641457772658518,0.2582004338580494,0.34673980596776616,0.34098411192680494,0.3700948484848523,0.3004867555928116
mutation_type_shell_mean,4ok4_B,0.49632577785219095,0.5243616408285449,0.09914678472657272,44.203465938568115,0.0,0.653665044500182,0.3869633644612299,0.37490157870805435,0.3260516059350096,0.5184000017158883,0.45199631906407284
mutation_type_shell_mean,4p4h_A,0.31330293550235316,0.5742075457270838,0.21606971659400195,36.8932728767395,0.0,0.2374687877794107,0.18245080548028153,0.20552199314389488,0.26423260017969263,0.3414814706274119,0.24623113144213835
mutation_type_shell_mean,4wef_A,0.17923885215767454,0.6155452234482298,0.037450660081037146,31.315160179138182,0.15,0.1293444402515888,0.0834293088923471,0.09650564332455241,0.13354463572260533,0.19904835182831482,0.1283744760038817
mutation_type_shell_mean,4x88_A,0.7881438656372876,0.31625468164794,0.013163454902585336,8.804504119988644,0.0,2.158705475655469,1.920679863344765,1.1763370239075797,0.7236834444463878,0.5703170735846262,1.3099445761877655
mutation_type_shell_mean,4xy5_A,0.7209393902060887,0.48604048964218455,0.019941472523968936,18.896223704020183,0.0,1.952600425316228,1.4282578993588686,0.9404571083181633,0.6240141910263529,0.44793499411307564,1.0786529236265376
mutation_type_shell_mean,5hgv_C,0.38399947756218133,0.445524272209822,0.002442912139131425,23.316757202148438,0.25,0.8021704812223713,0.5073361538519914,0.46282312832951145,0.40578347175272245,0.3750664780603167,0.5106359426433826
mutation_type_shell_mean,5mdw_6,3.1868876883527264,0.7485714285714286,0.4672619047619047,11.302181243896484,1.0,2.5275175074736276,1.9637972354888915,2.7885102331638336,3.1831630021333694,3.676158453877035,2.8278292864273515
mutation_type_shell_mean,5tnf_C,1.2779418032825804,0.5345206027433758,0.022086828216902256,12.799887240943262,0.638771186440678,0.8611432641841957,0.7054140894979117,0.6414628669935565,0.48943046925096706,1.6074969893424589,0.860989535853818
mutation_type_shell_mean,5vec_B,0.18892849368251305,0.5101031861213635,0.02846682621791091,52.37406857808431,0.0,0.31722307081023854,0.18217853338768086,0.27778587875130417,0.23679863432282244,0.1783580492529823,0.23846883330500568
mutation_type_shell_mean,5xuh_A,0.6867384571830432,0.365164529767031,0.20739780501639293,16.68013874689738,0.0,1.7805647465089958,1.1431361042239048,0.6697725221645414,0.4762226352637464,0.652904047836938,0.9445200111996254
mutation_type_shell_mean,6a1v_A,0.6740143360634892,0.5894267568223414,0.04425445338575444,22.982558459043503,0.1875,0.7642312482154617,0.5824076251825934,0.4299202074258562,0.3796843456444172,0.7975004517808567,0.5907487756498371
mutation_type_shell_mean,6bau_B,0.2483383605322874,0.6512856810137189,0.049801956985650424,12.00023070971171,0.0,1.396398165159755,1.1623211133160762,0.7689914599140245,0.1983891869837671,0.1390816396725245,0.7330363130092294
mutation_type_shell_mean,6bl6_B,1.756479299186235,0.5233902861231191,0.45651415407099727,10.88640318525598,0.9574468085106383,1.2030951187067422,1.1295221260708972,1.2328648707770031,1.2638053320261953,1.844866224778434,1.3348307344718542
mutation_type_shell_mean,6e2j_A,0.32093637408775705,0.5508771929824561,0.25257670489986717,145.72537231445312,0.0,0.34172520041465754,0.31512447198232013,0.4946228086948395,0.21764042973518372,0.31551229024536154,0.33692504021447245
mutation_type_shell_mean,6ej6_A,0.2756340171589137,,,0.0,1.0,0.7052009056011835,0.5270363751177987,0.26173682108281127,0.25185849038403363,0.2664629697859244,0.4024591123943503
mutation_type_shell_mean,6i7u_A,0.6224972847548704,0.4366233766233766,0.057004122572145016,45.484169006347656,0.0,1.0605657895406086,0.975519834594293,0.5674715960132224,1.2076775927435268,0.4921640076014129,0.8606797640986127
mutation_type_shell_mean,6k0q_A,0.7227765647979258,0.5089686170794644,0.0029910298924064223,11.874480843544006,0.0,1.9169081856186192,1.4666014889596852,1.0434206911599642,0.7294665116978029,0.6711635465354793,1.1655120847943101
mutation_type_shell_mean,6l7d_A,1.3017236248388535,0.43075496260026963,0.1116605901934307,9.287372261586814,0.898989898989899,1.3933661485511046,0.7765375309298251,0.5630012485354838,0.5232169775879228,1.478805959591863,0.9469855730392399
mutation_type_shell_mean,6m4l_A,1.7440119651690758,0.5024969200073006,0.009544549782483789,11.052169799804688,1.0,1.0441213088730974,0.8514234157279134,0.7438465139906236,0.6358315524306487,2.019252259144441,1.058895010033345
mutation_type_shell_mean,6o4b_G,0.9217300964404063,0.5536046319390018,0.08360901836373785,34.5501393345819,0.39420289855072466,1.1247199799421568,0.8605396956404103,0.6277922430725736,0.5992690808194534,0.9924986234819368,0.8409639245913062
mutation_type_shell_mean,6r6n_B,0.36240153612568976,0.7601010101010102,0.021980676328502417,24.782733917236328,0.0,0.36073392132918036,0.23424949124455452,0.3079592055199962,0.30676039346181516,0.44071484466752703,0.3300835712446147
mutation_type_shell_mean,6uau_A,0.33799076990519406,0.6634394739421969,0.027423363711681855,26.013817469278973,0.0,0.47208110988140106,0.3675127178788035,0.3357423100749284,0.31886756173525727,0.33744384811741485,0.366329509537561
mutation_type_shell_mean,6zy0_A,0.17815598781179431,0.5714285714285715,0.0016638935108153079,28.01908302307129,0.0,0.06146539747714999,0.11319241598248483,0.09946503346004795,0.15582013542630846,0.18595953990462022,0.1231805044501223
mutation_type_shell_mean,7bbx_A,0.3082699797867628,,,0.0,1.0,0.3536112308502197,0.32389717424909276,0.23706207555883077,0.2278427328257,0.32096337862828406,0.2926753184224255
mutation_type_shell_mean,7bxo_B,0.5630758468510175,0.5403785279362034,0.2821512806143239,33.93557288429954,0.0,2.898776807794065,1.2249751771715554,0.48192694267536235,0.2609591880405582,0.5142372580043395,1.076175074737176
mutation_type_shell_mean,7dwo_B,1.6629008387553519,0.5709980777256347,0.6505721740416317,68.64007949829102,0.0,1.3359323665499687,1.4989075843348272,1.3192840827821148,1.2348143596363166,1.7774977981915139,1.4332872382989483
mutation_type_shell_mean,7m8h_C,0.23896676891986843,0.6619005488255785,0.01335027820139948,17.537354826927185,0.4375,0.2635609755137314,0.33224540817484793,0.27950031937009057,0.24728092710317007,0.22754893586692884,0.2700273132057538
mutation_type_shell_mean,7n6n_A,0.5675613429189732,0.5497147011837862,0.21590107306137152,45.08699739518084,0.06521886205263513,0.44264931145110464,0.4396566802213231,0.3638744199945421,0.37203820231013796,0.6341997787040197,0.4504836785362255
mutation_type_shell_mean,7nlg_C,0.44845053844471305,0.7303523035230353,0.23957061457061457,2.919854300362723,0.8571428571428571,0.35381082835651584,0.4900953825031008,0.3282050386238165,0.324442506465432,0.5687710262745487,0.4130649564446827
mutation_type_shell_mean,7o58_B,0.8157601506616369,0.5377521269941722,0.5002511851093209,32.793346325556435,0.125,0.8822066165092918,0.8337833763975085,0.6090856763335117,0.7513989874270547,0.8494054889601076,0.7851760291254949
mutation_type_shell_mean,7sj1_C,0.7669760922768286,0.5555381727158949,0.540061363766703,48.44914722442627,0.0,0.1705773857732614,0.46187457380195457,0.6991306968654195,0.9632557945755812,0.7651421768082813,0.6119961255648996
mutation_type_shell_mean,7sp0_B,0.401816795290005,0.5185185185185186,0.00425531914893617,56.826961517333984,0.0,0.1727472667892774,0.2766628619283438,0.2561967372894287,0.2652198523283005,0.40824647005251113,0.2758146376775723
mutation_type_shell_mean,7vns_A,0.45273531419734786,0.3987874115291039,0.04339979072500779,22.53256058692932,0.0,0.5059817604099712,0.3880514808787176,0.4422743194859083,0.5326328150185544,0.42198720674077184,0.45818551650678463
mutation_type_shell_mean,8eip_B,0.38781391043222085,0.6318009324789837,0.010034591106414187,13.936768531799316,0.5,0.5053584503216876,0.4461727744071848,0.42884446608068544,0.36952346086531906,0.3835685217361431,0.426693534682204
mutation_type_shell_mean,8eqo_B,0.3634349396427205,0.5633849913949992,0.22418359197478716,28.504581379234246,0.018676277850589777,0.6332095326301318,0.3106621855426232,0.31740586188961356,0.3398285214412575,0.3811427906186896,0.3964497784244631
mutation_type_shell_mean,8f79_A,1.4437753241071134,0.504529532481538,0.6762200620690131,127.42605026563008,0.0,2.3170570366912417,1.7762649971991777,1.4843216689096554,1.3336926158204825,1.4407019350875814,1.670407650741628
mutation_type_shell_mean,8jce_G,0.20975937246022208,0.5011337868480725,0.028235294117647063,56.53575642903646,0.0,0.25935565459507487,0.21207531575504462,0.2097890466624112,0.12590704888792797,0.21523120062839654,0.20447165330577102
mutation_type_shell_mean,8ka0_C,1.0539935138260508,0.6470088703787458,0.4889093730390169,0.0,1.0,0.8975281616051995,0.5180826425552368,0.4545235911319997,0.2804354143110996,1.242507321435864,0.6786154262078798
mutation_type_shell_mean,8r3c_A,0.2009967906819987,0.4864544015764488,0.0449424736337488,20.020714925130207,0.006666666666666667,0.20794317199124232,0.17128551766897243,0.1577333783041686,0.1595306913256645,0.2154415082060344,0.18238685349921646
mutation_type_shell_mean,8t06_A,0.34114645231262447,0.6153419961534412,0.1332662568502827,33.49544906616211,0.0,0.5229844770704707,0.5525387855956242,0.4016208879346959,0.17942002489170822,0.3679688328978574,0.4049066016780713
mutation_type_shell_mean,8up8_C,0.2547083057211769,0.5308147361920476,0.07023402027094537,18.71684398651123,0.4,0.14347979227701824,0.26871163874741766,0.1771670432692688,0.16508636995075415,0.2716230502961207,0.20521357890811592
mutation_type_shell_mean,8wkd_A,0.5602188270228605,0.44695378151260506,0.27043592417897744,43.032684326171875,0.0,2.6503921151161194,0.3602041254440943,0.9678661301732063,1.1158605951529283,0.4813525813321272,1.115135109443695
mutation_type_shell_mean,8x84_C,0.309130581922944,0.7239872748846803,0.5940580249866957,39.35646736621857,0.0,0.9059624286989368,1.437179767837127,1.4215879904804751,0.6774462111129919,0.240773764572788,0.9365900325404638
mutation_type_shell_mean,9bc6_C,0.5864349150200844,0.45211575542700755,0.3236871843434343,78.3049087524414,0.0,0.21640549165507159,0.2741548812815121,0.6178020377689082,0.45587892008867736,0.6026352597311588,0.4333753181050656
mutation_type_shell_mean,9cp9_B,0.3525499484214549,0.5035430115506985,0.0069718567251461985,29.409867922465008,0.0,0.711963469783465,0.6467534184662832,0.5453077219402659,0.37902402118444933,0.32256463373698446,0.5211226530222896
mutation_type_shell_mean,9hkm_C,0.5304264156854214,0.45652478231563176,0.17545773907920667,48.152000427246094,0.0,1.9605287710825603,0.9546823556579295,0.5228747669038717,0.5340330552137663,0.5102335410451513,0.8964704979806558
mutation_type_shell_mean,9j83_A,1.3719295698809122,0.6028205128205127,0.9043243069423472,0.0,1.0,0.5809292594591778,0.5434638857841492,0.719835078716278,1.032484373530826,1.4868810171754951,0.8727187229331854
mutation_type_shell_mean,9m80_B,0.32520630573642184,0.45457513263900073,0.06212911035022018,52.29926013946533,0.0,0.3848759469886621,0.1513344645500183,0.14624713587844784,0.19043910950407167,0.3417085815937282,0.24292104770298564
mutation_type_shell_mean,9r2f_C,7.793702359476084,,,50.59802500406901,0.0,7.313662518689662,8.741543337886716,6.858754831552505,6.743056880019118,7.96142448844725,7.523688411319051
mutation_type_shell_mean,9sd5_A,1.8000261010846488,0.44720149253731345,0.021138115958624373,0.28662490844727273,1.0,0.9383213818073276,0.6855724165216088,0.7471020189113916,0.6391307138540643,1.9596774669922887,0.9939607996173361
mutation_type_shell_mean,9swq_B,0.6733021938076643,0.5376671235906176,0.5301202276554949,71.04696273803711,0.0,0.35357757161060965,0.18579091663871494,0.24632277488708496,0.48847974778939607,0.716160309078899,0.398066264000941
mutation_type_shell_mean,9va6_A,0.48746488391224185,0.47344805743243246,0.21872423951187664,31.261920928955085,0.0,2.019174337387085,0.40044260025024414,0.2591252473547407,0.3203547414520691,0.5579337356436365,0.7114061324175551
esm_mlp,1ct1_E,0.4443829969976211,0.5542848851514763,0.12046017793890026,7.935307470706141,0.8853754940711462,1.397447644907132,0.6521728719689994,0.9557872923605545,0.7887765300088642,0.3096559941830655,0.8207680666857231
esm_mlp,1gyr_C,0.33034006277058314,0.7088743675118268,0.21783529116377975,39.562649726867676,0.0,0.291950482957893,0.26536075246653384,0.26136801806115917,0.3436293535930283,0.33359576493033494,0.29918087440178986
esm_mlp,1h7x_D,0.21298129399068347,0.8065647935034473,0.11388389750879961,44.033020366321914,0.5454545454545454,1.844012838421446,1.6986979314426085,0.5433513061143566,0.14854213452545817,0.17827424677329767,0.8825756914554334
esm_mlp,1ild_A,0.2715981925333984,0.9686274509803922,0.2689950980392157,5.609096527099606,1.0,0.33720017721255624,0.26317308165810327,0.25695565320989666,0.2042163140943338,0.28225234435483587,0.2687595141059452
esm_mlp,1jll_E,0.23413909932494503,0.8109649291691052,0.23199869967243342,39.56343928250399,0.3181818181818182,0.07539637110224276,0.10912537082107833,0.14143841232784468,0.1844456871689723,0.25802806684583185,0.15368678165319397
esm_mlp,1me5_B,0.280021391712086,0.7662719330619603,0.17225308985110707,34.087395985921226,0.0,0.3119407759772407,0.16573238850881658,0.18097569851160852,0.20797415173496028,0.3154573074999037,0.23641606444650595
esm_mlp,1mjy_A,0.3789917681326058,0.754934186472999,0.4195738915436588,23.571336327937612,0.0,0.41192588508020195,0.430234278079752,0.3730858756571702,0.38202579196003855,0.38861533512986224,0.397177433181405
esm_mlp,1u5o_A,0.355049653570577,0.7421817298544173,0.4190372297345634,21.056103282504612,0.3333333333333333,0.2167798164818022,0.20011106097357878,0.2679039552467801,0.2896691077117375,0.40377847369007636,0.275648482820795
esm_mlp,1vyd_B,0.16347154595584062,0.9260869565217391,0.11309523809523808,11.682313919067383,0.5,0.19947092483441034,0.20375872496515512,0.13906559213582012,0.15053024206620952,0.17262563501774775,0.17309022380386857
esm_mlp,1vzi_B,0.23266079059382902,0.6888009064364329,0.04697156435891739,8.69423575401306,0.65,0.178502493739749,0.1429056806489825,0.24470450173755603,0.2173874483082753,0.2594999495708257,0.20860001480107773
esm_mlp,1y39_A,0.1721104358801165,0.7397260273972603,0.05,0.0,0.0,0.4373038709163666,0.17335102334618568,0.17942870890392976,0.15715081780217588,0.15060791769064963,0.2195684677318615
esm_mlp,1z73_A,0.1538852321444057,,,28.52018356323243,0.0,0.047585551937421124,0.05128958986865151,0.11135255619883537,0.12350212812423708,0.17197058823038924,0.10114008287190686
esm_mlp,1z8u_A,0.5502326966935975,0.5748709122203098,0.1311240003245672,0.7810230255126989,1.0,1.9618357817331953,1.433930717408657,1.2408291548490524,0.4773414035638174,0.43588638348180964,1.1099646882073064
esm_mlp,2a6x_B,0.20047494924742065,0.8883720930232557,0.09086829836829836,12.562755584716797,1.0,0.05720875660578409,0.21868838287062117,0.3067258909020735,0.12526149294442604,0.20915632731140518,0.183408170126862
esm_mlp,2awi_L,0.256606795057042,0.6146504173750855,0.16291912197597525,3.942704772949219,1.0,0.26400474160909654,0.2163937444036657,0.2620646340462069,0.22690520908095335,0.26317078509816416,0.24650782284761732
esm_mlp,2bek_D,0.23420605167583092,0.7958580053706681,0.2592301567526344,6.7854698605007595,0.9888888888888889,0.28514817704757056,0.2458579543264589,0.2998082243466131,0.21426240617662756,0.22636734418486154,0.2542888212164263
esm_mlp,2d5g_D,0.3125335808439427,0.8267016675399649,0.3138160636488107,22.99198627471924,0.0,0.27577491849660873,0.10731843238075575,0.1444056931262215,0.21966324689296576,0.4729149756539199,0.24401545331009433
esm_mlp,2eyp_A,0.22238184934211191,0.6921544415817937,0.10676436469605244,13.401201445480872,0.5689655172413793,0.1552179853977828,0.17506447998333438,0.17791454559626116,0.20083074447955082,0.2581295327722893,0.19343145764584369
esm_mlp,2hlp_A,0.3002717928568914,0.824620809424048,0.3292328983035108,19.794473013401866,0.9719789842381786,0.32167139293770575,0.2834418400463154,0.2905340020797693,0.29257850803147584,0.30182641386114045,0.2980104313912813
esm_mlp,2o94_B,0.21039213128524886,0.829646696586995,0.28580811736053674,23.988048315048218,0.625,0.1945419659217199,0.18662002752535045,0.20366788601192337,0.16398022463545203,0.2218251629560457,0.1941270534100983
esm_mlp,2ouv_B,0.19450088950961816,0.7380677491685019,0.18542300881390444,30.5053034695712,0.045454545454545456,0.2570148866736528,0.1268490674312086,0.1001891975877829,0.12338697725920277,0.2310349518782485,0.16769501616601912
esm_mlp,2pp3_B,0.1133903743581304,0.7721514405360557,0.11201652064354607,41.932623291015624,0.4,0.13107614467541379,0.1320682832237446,0.121859125422454,0.1089972260745069,0.1123986223929863,0.12127988035782113
esm_mlp,2xhn_B,0.22752438858151436,,,37.695255279541016,0.0,0.17117250338196754,0.20379909726658038,0.1707547658495605,0.15054946885300946,0.24183150483317817,0.1876214680368592
esm_mlp,2ygp_A,0.25549802035842645,0.9190751445086706,0.06666666666666667,30.54112434387207,0.0,0.049418906370798765,0.14997469447553158,0.23203377139109832,0.2646967057258852,0.26411758650215417,0.19204833289309362
esm_mlp,3a9w_A,0.1929709632948846,0.8675085390931337,0.07895763084914832,27.943183263142902,0.0,0.11010930107699503,0.17489016765639898,0.15215816517670952,0.1813011286504557,0.2013106667091384,0.16395388585393952
esm_mlp,3ax3_A,0.6861989911306988,0.5978741061028322,0.4703415845131991,22.731449445088703,0.0,1.5008592870500355,0.8686297999487982,0.7163726788125614,0.7506314778834388,0.4788220153293676,0.8630630518048402
esm_mlp,3b8t_A,0.14967326702474515,0.8990336656980298,0.44317448868866205,24.536436175400357,0.39622641509433965,0.18654694865053556,0.15595309000342217,0.14074287421885165,0.17893740201580757,0.14862528472780373,0.1621611199232841
esm_mlp,3cfh_B,0.1741437328852854,0.6831948317465915,0.057610121445224476,17.798782634735108,0.375,0.12213043278704087,0.10234406302269135,0.14321211272184098,0.17406134666934753,0.18699614217366994,0.14574881947491813
esm_mlp,3cyi_A,2.2523319287378403,0.6016110197477075,0.891469333042753,29.79861217074924,0.0,1.4645388435434414,1.517455656377096,1.4252582811269379,2.192916782825908,2.746322503684196,1.8692984135115158
esm_mlp,3dl5_C,0.18253376911306307,0.8146831992299247,0.18968450647530827,60.54967133622421,0.23684210526315788,0.19856801818598782,0.17988443473484694,0.1415298920262268,0.2053037976115953,0.18724502769779255,0.18250623405128988
esm_mlp,3e44_A,0.5628537945417411,0.666999724989717,0.4419870210646624,23.8863525390625,1.0,0.8674607149192265,2.0702523780720576,0.6836388007419192,0.7910715564648941,0.5124031098901883,0.984965312017657
esm_mlp,3g7j_B,0.16572402137622746,0.5744937694015356,0.20349271112931894,12.49513041973114,0.5625,0.34919304598588496,0.33974242293560464,0.28382725392372854,0.17069646875442973,0.14009699848694226,0.25671123801731804
esm_mlp,3jtq_B,0.13320118866029457,0.8573249787208171,0.33977580943718183,25.843168258666992,0.5,0.20156383390227953,0.10421637212857604,0.10116120499487108,0.11878305249997687,0.13510755398181093,0.13216640350150288
esm_mlp,3lze_A,0.23263129900954282,,,50.90231450398763,0.0,0.1535988185140822,0.16608276056746643,0.2870220076987446,0.22058258855778382,0.23442798480776347,0.21234283202916812
esm_mlp,3m0o_B,0.15899287893356784,0.7720203947808832,0.22563045636894816,34.8729331874046,0.10084033613445378,0.15220589362898795,0.14724301859270347,0.12297188012334534,0.1373478129718471,0.16732160059766807,0.14541804118291038
esm_mlp,3o98_B,0.15381201348309195,0.8089700996677741,0.008620689655172414,9.00094223022461,1.0,0.11195950210094456,0.25292086601257324,0.1779835979486334,0.1872379446029663,0.1472690480925581,0.17547419175153514
esm_mlp,3pnv_A,0.6030397610622766,0.7075255408216748,0.34900887814028253,67.00126775105794,0.0,0.381523374054167,0.2833524809943305,0.3615804034558059,0.5218929589395664,0.6324554610053365,0.43616093568984127
esm_mlp,3wfz_C,0.10970657151217336,0.5435516107391158,0.016214255198544792,41.76523303985596,0.0,0.06918008252978325,0.0724169586966228,0.11903268027226015,0.07932971357268091,0.11244739975436746,0.09048136696514292
esm_mlp,3x2y_C,0.25179017534193676,0.625651765585132,0.2624288892446227,6.517749892340766,0.7222222222222222,0.2961825066142612,0.3791261497052443,0.45911958060939884,0.37624915702204226,0.15544793374796664,0.33322506553978265
esm_mlp,3zwb_B,0.20597827161712465,0.7444278524420824,0.10183705575986737,49.847237723214285,0.0,0.1239410014379592,0.13889514718736923,0.1429065152153592,0.16733307882248383,0.21414099127043656,0.1574433467867216
esm_mlp,4bl2_B,0.6530397112355839,0.7707928346459931,0.30622456814799026,4.833553113435445,1.0,0.5992294974429043,0.5222106641129135,0.5158777861447982,0.46878452459633924,0.6785429834216788,0.5569290911437268
esm_mlp,4cj8_I,0.3605657635802027,0.738517337351022,0.2937658005289982,21.391143662588938,1.0,0.9649312552951631,0.26728874418352333,0.33555839090417333,0.3205279582284321,0.37295560781973286,0.452252391286205
esm_mlp,4cv1_E,0.36716106754539113,0.8946360521877784,0.5158516174076332,32.56676824055901,0.2698643410852713,0.8156523557893633,0.6210499223944407,0.5295754928323033,0.3409207638128352,0.34760611852436696,0.530960930670662
esm_mlp,4dfx_E,0.34910969960786886,0.906284519168291,0.3005437697918418,36.39386908213297,0.0,1.6096794803937275,2.013981665174166,0.8637097348769506,0.2842332634660933,0.30614442435894146,1.015549713653976
esm_mlp,4f4m_D,0.21002037365156567,0.662944489770912,0.1922053070846308,16.560953762220297,0.34782608695652173,0.11013118695953618,0.12952429827671724,0.18453086896879012,0.19873426635553204,0.2567810561576486,0.17594033534364484
esm_mlp,4gvr_C,0.3600607489981414,0.5328974666922298,0.07715923203853221,13.319858762953016,0.7777777777777778,0.1862166251435324,0.14785970039665697,0.1547450419050972,0.26848835261572884,0.44430524281380535,0.24032299257496417
esm_mlp,4hgq_E,0.2586729121007292,0.8155389340387804,0.06711745933157567,14.887437085310617,0.6875,0.40302192216687316,0.1823505617755776,0.23089051546811987,0.2283714596704195,0.2708840804855382,0.2631037079133057
esm_mlp,4ok4_B,0.2515844801320977,0.813147467035119,0.22234170078738674,20.772676467895508,0.625,0.3002090806451937,0.22734830098019707,0.20946901768389029,0.20091643546050725,0.25835499572331105,0.2392595660986199
esm_mlp,4p4h_A,0.3668043074207975,0.6105198879547313,0.282727860049593,1.0240349769592276,1.0,0.23430772374073663,0.196775087258882,0.3298854460932917,0.3868625410729745,0.3823215326570269,0.30603046616458235
esm_mlp,4wef_A,0.16426955728852158,0.8375850424461954,0.19181996178028804,31.315160179138182,0.15,0.11856264447172485,0.07882607070824657,0.09110438334436938,0.11453390304339603,0.18357491005084287,0.11732038232371593
esm_mlp,4x88_A,0.23056124184479593,0.9411111111111111,0.6453846153846154,18.911307334899902,0.045454545454545456,0.40628509434184645,0.2690387814841939,0.25807615108172266,0.20579382785603603,0.21975084725406033,0.2717889404035718
esm_mlp,4xy5_A,0.15209553071449078,0.9175141242937853,0.17703081232492998,26.470184961954754,0.0,0.04166755825281143,0.08285771212762312,0.11708630597537255,0.12021069285767676,0.22430426396371783,0.11722530663544033
esm_mlp,5hgv_C,0.216921126604059,0.41428151982572486,0.0037707985652005705,23.316757202148438,0.25,0.22818017595758042,0.19500896238129248,0.15936318690214177,0.18238645142087165,0.22171846044414184,0.19733144742120562
esm_mlp,5mdw_6,0.3838763445382938,0.5257142857142857,0.4015760871801836,33.24297332763672,0.0,0.5282053947448729,0.598399144411087,0.24951146046320596,0.18882359564304355,0.3463815550662969,0.38226423006570126
esm_mlp,5tnf_C,0.13652299286920072,0.7616158544736937,0.07335604292469745,19.2394905949043,0.2055084745762712,0.11135525067631515,0.12797858561547146,0.11438606391520081,0.12982448445019357,0.14365758323375993,0.12544039357818818
esm_mlp,5vec_B,0.18026523544683162,0.8807441060599785,0.21347362578563042,52.37406857808431,0.0,0.2276425597568353,0.2029124695186814,0.2732967547867652,0.24541206528072176,0.16770011547479094,0.22339279296355893
esm_mlp,5xuh_A,0.5978757985234261,0.5529967798295351,0.2778494873168395,23.93380355834961,0.0,0.1169638414349821,0.21231163900207592,0.27079693077687633,0.4974405763998176,0.7852562399117663,0.3765538455051036
esm_mlp,6a1v_A,0.2676739059835705,0.8215131390661468,0.2585310311567302,20.267923434575398,0.375,0.3329464244501044,0.2724624296272375,0.20004709910332585,0.18422932930172128,0.3001890109519685,0.2579748586868715
esm_mlp,6bau_B,0.261666557043593,0.5170935928742595,0.03127543408639643,25.345489501953125,0.25,0.37260232203536564,0.2546448245467175,0.32550244671712747,0.21769842211436505,0.26090015571970465,0.2862696342266561
esm_mlp,6bl6_B,1.527020302952059,0.6260705670027011,0.4855728435043359,21.98750637947245,0.851063829787234,1.4356653198652658,1.1668286382052755,1.2546631046833503,1.3027182334612222,1.569760413620088,1.3459271419670402
esm_mlp,6e2j_A,0.2834088722261313,0.8649122807017544,0.506443998658911,129.0301113128662,1.0,0.5744338929653169,0.27080275615056354,0.3494869589805603,0.13794372230768204,0.2772743980703729,0.32198834569489915
esm_mlp,6ej6_A,0.15970412685771238,,,39.72077560424805,0.0,0.15220426519711816,0.1571571025376519,0.13992393719813517,0.1364602509195045,0.16585241504782422,0.15031959418004678
esm_mlp,6i7u_A,0.2523635483136581,0.5502597402597402,0.1036821109514162,45.484169006347656,0.0,0.04873342315355934,0.17851968516003003,0.1537217702716589,0.22580779926343397,0.27289339868859813,0.1759352153074561
esm_mlp,6k0q_A,0.1766277165728482,0.9187773080313766,0.07144979203802733,11.812048435211182,0.0,0.07788317433247965,0.11928523973757361,0.1280160492172119,0.1323114952943428,0.1874381676039757,0.12898682523711674
esm_mlp,6l7d_A,0.34992556729552443,0.7732948628674509,0.2815003645730102,24.03319122815373,0.45454545454545453,1.4967921460266869,0.7714393292857541,0.5288860243100528,0.4303462735562665,0.31175681621727835,0.7078441178792078
esm_mlp,6m4l_A,0.1524621794214322,0.8346904659188956,0.07337330316877069,11.052169799804688,1.0,0.12852385019262633,0.08996623475104573,0.08944985957350585,0.15271586604472814,0.1580406190998113,0.12373928593234347
esm_mlp,6o4b_G,0.3116599598273685,0.7945293424682746,0.2964270677049159,53.127310793411326,0.04830917874396135,0.42647643324029716,0.20696132973237777,0.20010588136662094,0.20094513077376466,0.33732710879479666,0.27436317678157146
esm_mlp,6r6n_B,0.12875665167346598,0.8888888888888888,0.19047619047619047,24.782733917236328,0.0,0.17920962472756705,0.09121964871883395,0.10101879918566573,0.09551157580938041,0.16598655123692646,0.12658923993567472
esm_mlp,6uau_A,0.1047515912241667,0.7632186183765488,0.1333821892151841,26.013817469278973,0.0,0.08210551076465182,0.0635577928557089,0.07046322513785627,0.08521102106038587,0.12122822719428454,0.08451315540257748
esm_mlp,6zy0_A,0.14799633989384273,0.9914285714285714,0.14285714285714285,28.01908302307129,0.0,0.11055019001166026,0.18722599968314174,0.12338308869831023,0.13001540103661163,0.1504755166239925,0.14033003921074327
esm_mlp,7bbx_A,0.27628891700772906,,,0.0,0.0,0.2725621660550435,0.23181869379348224,0.26503582386409535,0.2213755802196615,0.2848348280666299,0.25512541839978253
esm_mlp,7bxo_B,0.3633032328884207,0.7018645808370945,0.32013443360308147,28.197096304460004,0.36363636363636365,3.054872504463702,1.3094245577174606,0.5115966094907928,0.2478026023115105,0.24409841578790922,1.073558937954275
esm_mlp,7dwo_B,1.6740276767164213,0.699626679901221,0.7193421428430317,10.555778503417969,1.0,1.6964000736673672,1.74120962035857,1.4284571794344596,1.3202615869916317,1.7529413461963692,1.5878539613296796
esm_mlp,7m8h_C,0.1913084238406796,0.9401794945443951,0.36357523649190315,17.537354826927185,0.4375,0.24643533669101697,0.26583284141296254,0.1793002692132941,0.1893416340934579,0.19017691651769436,0.21421739958568517
esm_mlp,7n6n_A,0.5346020696341317,0.6321350095100027,0.24254058587884203,8.007532973846299,0.9545700561531696,0.3588199883565021,0.3665382440963714,0.37963365443183933,0.397431502809091,0.5917798962030465,0.4188406571793701
esm_mlp,7nlg_C,0.16402821220964722,0.6409214092140921,0.15381330350776598,2.919854300362723,0.8571428571428571,0.2287955851781936,0.27473476231098176,0.17896272506074412,0.17492719773541796,0.1429889661955363,0.20008184729617473
esm_mlp,7o58_B,0.8204360997053209,0.7579564540057921,0.7695749194301852,32.793346325556435,0.125,0.8036996823632054,0.8226622451435436,0.6104261012487109,0.7528773640349925,0.857431685569456,0.7694194156719817
esm_mlp,7sj1_C,0.44972063025117526,0.45207551105548605,0.4981967649422735,0.0,1.0,0.2955632694065571,0.3882064602027337,0.6072089929754535,0.9025809064220923,0.35337377286197,0.5093866803737613
esm_mlp,7sp0_B,0.21204384965974776,0.9423868312757202,0.06666666666666667,2.195087432861328,1.0,0.48375169684489566,0.9814535435289145,0.2959969143072764,0.31335173547267914,0.20052423259996352,0.45501562455074585
esm_mlp,7vns_A,0.26946633156683825,0.8336098516518293,0.32052086379074834,10.95341944694519,0.5,0.1845016774411003,0.27980984457267016,0.25859652841953856,0.35467519331902486,0.23594862120414015,0.2627063729912948
esm_mlp,8eip_B,0.12467958525887705,0.8443248934176859,0.03561889815347874,13.936768531799316,0.5,0.2128976213021411,0.1598057253803644,0.12482606778060934,0.09232621033061406,0.12927019295471756,0.1438251635496893
esm_mlp,8eqo_B,0.44030139469275414,0.6834031365693618,0.3393012445853317,1.5386762337790874,0.9824705111402359,0.7527553003185029,0.3963052844822857,0.36945959858992866,0.39111030004595826,0.4677783790584334,0.4754817724990218
esm_mlp,8f79_A,1.7301480609375888,0.618542882450195,0.705071771125029,77.6524206797282,1.0,2.757496486107508,2.2811694039652743,1.9183940597706368,1.6012803004618885,1.7244146731827295,2.0565509846976076
esm_mlp,8jce_G,0.15190663967459303,0.7819349962207105,0.16336334709299574,56.53575642903646,0.0,0.3221522646921653,0.07455225145720222,0.13392287046062173,0.111569976428568,0.15588813647861832,0.1596170999034351
esm_mlp,8ka0_C,0.5862777101542846,0.6731530437883495,0.5675814734671021,2.2360496520996094,1.0,0.15262424945831302,0.18981987833976746,0.23759404852472504,0.26518243289691334,0.6826980991371542,0.3055837416713746
esm_mlp,8r3c_A,0.17335497495493726,0.8792961201101754,0.18779719534753092,20.020714925130207,0.006666666666666667,0.2833324768145879,0.18810382034008702,0.16893814739895363,0.11892198892434439,0.17131806469192573,0.18612289963397974
esm_mlp,8t06_A,0.24326699058380186,0.6608524138477999,0.228968851920042,33.49544906616211,0.0,0.32221383694559336,0.6192461495465111,0.4256044741882943,0.16232256251142993,0.21492765721178275,0.3488629360807223
esm_mlp,8up8_C,0.2095977419061712,0.7828723865191157,0.1841336947569149,18.679069805145264,0.0,0.37934111058712,0.23267875905097518,0.22319319865323212,0.18880748718571014,0.20210741022178252,0.245225593139764
esm_mlp,8wkd_A,0.5182213451092441,0.6724658613445378,0.396901099620366,5.04193115234375,1.0,2.098293736577034,0.3550373613834381,0.9632142086823781,1.1213467694245853,0.4397619371967656,0.9955308026528402
esm_mlp,8x84_C,0.31104717478785526,0.8144987397741811,0.21224949036992113,27.07635986804962,1.0,1.2062736017008622,1.482405121748646,1.37475651956629,0.7048070495674277,0.2392390491625412,1.0014962683491535
esm_mlp,9bc6_C,0.508899529771456,0.5632784120949182,0.38167126106782373,1.589249610900879,1.0,0.278599310045441,0.27780397555657793,0.6150959954339716,0.4716957497294061,0.5110324121138514,0.4308454885758496
esm_mlp,9cp9_B,0.10857512927892111,0.9686611565904838,0.22155768208399787,31.09985415140788,0.3333333333333333,0.1295674592256546,0.0744537575584319,0.07778043044608764,0.08801863344654053,0.11525997409883566,0.09701605095511007
esm_mlp,9hkm_C,0.49505873149195606,0.6591112047901931,0.28670481870663395,25.852882385253906,0.0,2.327100376288096,1.0755040787515187,0.5783774719357072,0.5308858959187726,0.45580099096456267,0.9935337627717313
esm_mlp,9j83_A,2.195001667186583,0.5884615384615384,0.8815124927423772,3.571323394775398,1.0,0.38007353742917377,0.8353424085812136,1.0275840270519256,1.254249272314278,2.4354413134759647,1.1865381117705112
esm_mlp,9m80_B,0.3059173709691756,0.8002448372163133,0.35037522128874,1.8121824264526385,1.0,0.08129172896345457,0.1385222205093929,0.19976341812286802,0.24209938690825306,0.3161520364909409,0.1955657581989819
esm_mlp,9r2f_C,7.435558615290701,,,2.5916116502549915,1.0,6.965533361022856,8.497198971517292,6.3033831702338325,6.252083084715212,7.628021137856655,7.129243945069169
esm_mlp,9sd5_A,0.15642550102171676,0.7009328358208955,0.14921812803895673,4.525768280029291,1.0,0.03565611441930139,0.38862784548352164,0.13870979209120074,0.08869279390002818,0.15839965814724566,0.16201724080825952
esm_mlp,9swq_B,0.8091680766823136,0.5774343716234329,0.5838733106812627,1.0456085205078125,1.0,0.39801807949940365,0.2829228368188654,0.4067306235432625,0.5924436877245891,0.8552230892278,0.5070676633627841
esm_mlp,9va6_A,0.4077036770794428,0.6215160472972974,0.327702166541932,31.261920928955085,0.0,1.7647007107734682,0.3210735201835632,0.2682836059804844,0.29196189215471,0.44810301778873185,0.6188245493761915
geometry_gnn,1ct1_E,0.2999668949528442,0.9005997030057996,0.42071314985511293,22.234438334591932,0.2426877470355731,1.3993851911848378,0.6388995928567485,0.27865720570508135,0.2938576247696954,0.23700372118665217,0.569560667140603
geometry_gnn,1gyr_C,0.32760005461584246,0.767494822194889,0.28831376294892314,39.562649726867676,0.0,0.20925762007633844,0.25607901866592114,0.2862610160876218,0.35926546266182185,0.32904283725619243,0.28798119094957914
geometry_gnn,1h7x_D,0.20667683708839954,0.7782466265790099,0.1487011341844693,80.03887315229936,0.09090909090909091,1.8665709086891376,1.7038861819239157,0.5482161652937584,0.13889270353179764,0.1713931723899384,0.8857918263657095
geometry_gnn,1ild_A,0.1413156006354766,0.7598039215686274,0.029767819899398848,32.0631103515625,0.0,0.0940446381767591,0.12401073900136081,0.11502706193748642,0.08152757000563474,0.1540715621150841,0.11373631424726502
geometry_gnn,1jll_E,0.20810480365367512,0.755945284035348,0.1365491964608386,52.85120912031694,0.0,0.1583469814874909,0.14984268458146188,0.1471515560070754,0.1765613579535559,0.2221171644365754,0.17080394889323192
geometry_gnn,1me5_B,0.2743302317289546,0.7385758043627151,0.2441067648104632,31.078006744384766,0.3333333333333333,0.19328079124291742,0.1645316740497947,0.17788019921843853,0.2077830948236615,0.3218183516421252,0.21305882219538744
geometry_gnn,1mjy_A,0.38939924692702393,0.8156625456561201,0.41040957386063204,23.571336327937612,0.0,0.42895930318695585,0.44833582434289737,0.3860876851725353,0.410872641133866,0.38249699726425423,0.4113504902201017
geometry_gnn,1u5o_A,0.2945722664670123,0.8060685261300805,0.4941579278571995,4.505728933546278,0.7777777777777778,0.2995488318028274,0.1893264755031761,0.21647039403862975,0.2049532767487225,0.33436158975860103,0.24893211357039136
geometry_gnn,1vyd_B,0.2486608757372496,0.7347826086956522,0.03888888888888889,11.682313919067383,0.5,0.2743427629272143,0.31297106388956314,0.27315343409362763,0.28971234424971043,0.21576421147548272,0.27318876332711967
geometry_gnn,1vzi_B,0.28318460413357244,0.7752812026554143,0.07693878626214569,16.99758849143982,0.35,0.5595844439075639,0.46763312350958586,0.34341831011237284,0.25628835023871555,0.2633345482085681,0.37805175519536127
geometry_gnn,1y39_A,0.1566668295276326,0.23287671232876717,0.017543859649122806,0.0,0.0,0.4739464422067006,0.20119469488660494,0.1735412986839519,0.12688329606316984,0.12450009607709946,0.22001316558350537
geometry_gnn,1z73_A,0.22285037653251405,,,0.0,1.0,0.06102207303047181,0.09198512799210018,0.1527418631528105,0.19455192103981972,0.24639077181036168,0.1493383514051128
geometry_gnn,1z8u_A,1.585417115352013,0.8795180722891566,0.6906027527289986,1.2494678497314418,1.0,2.329260726769765,3.7234612181782722,3.4054453521966934,2.9752722941339016,1.1438809685017644,2.715464111956079
geometry_gnn,2a6x_B,0.13577102913125738,0.8744186046511627,0.10678283410138248,17.218212127685547,0.0,0.0528022994597753,0.14424509886238315,0.32219050387325493,0.07531376787357862,0.12573914710941503,0.1440581634356814
geometry_gnn,2awi_L,0.21208142201377922,0.8124768792843158,0.19722369908571014,41.47215805053711,0.0,0.13564695368210475,0.14694016900929538,0.12110314484064777,0.14910209118143508,0.2376487850315041,0.15808822874899742
geometry_gnn,2bek_D,0.18786275622155438,0.8723493076710982,0.33137145141255314,31.227688831753202,0.011111111111111112,0.16787543716254058,0.1671650660774586,0.16336255883275885,0.18567174045591647,0.19447664974292797,0.1757102904543205
geometry_gnn,2d5g_D,0.31169639366218843,0.8581335089122382,0.5570919490719064,5.465479850769043,1.0,0.428769034643968,0.19008624802033108,0.17263417101154727,0.20627491605969575,0.4447005058949193,0.28849297512609223
geometry_gnn,2eyp_A,0.26909876328399096,0.8488964878012637,0.30330556052773494,15.379317086318444,0.29310344827586204,0.25404625111955337,0.261341657392491,0.23717294948927709,0.24935896627589554,0.2915409591544914,0.25869215668634166
geometry_gnn,2hlp_A,0.30269518264091305,0.8338934191628496,0.2927931170649649,32.24789970685221,0.9176882661996497,0.31884523733560877,0.27115312916610446,0.25763051181124136,0.3101522865813303,0.30553224947579144,0.2926626828740153
geometry_gnn,2o94_B,0.941463923882967,0.5744595205789237,0.0453817798469751,23.988048315048218,0.625,0.18712518736720085,0.3744237814874699,0.9325934059452266,0.6806769538449035,1.098631263367774,0.6546901184025149
geometry_gnn,2ouv_B,0.18140394487533387,0.9233291194347676,0.27399527844852456,30.5053034695712,0.045454545454545456,0.07121710253484323,0.0850672917650182,0.09796491765798612,0.11243365975435923,0.21880016720907927,0.11709662778425721
geometry_gnn,2pp3_B,0.1535923814405746,0.9832540796155305,0.36976751643418315,41.932623291015624,0.4,0.1350804208053483,0.10203579804210952,0.11457141858715846,0.1251901862054638,0.1644620446247069,0.1282679736529574
geometry_gnn,2xhn_B,0.19097883173623892,,,0.0,1.0,0.116033090899388,0.13013641868851017,0.12866015193983915,0.12567091924854767,0.2055455212276609,0.14120922040078915
geometry_gnn,2ygp_A,0.2428639142067525,0.9248554913294798,0.07142857142857142,30.54112434387207,0.0,0.15760729710261026,0.27388690225780016,0.25040874171715516,0.26111328217291063,0.23853761123538744,0.23631076689717276
geometry_gnn,3a9w_A,0.11347196027123324,0.8585809083509792,0.159444137051063,27.943183263142902,0.0,0.08602989547782475,0.08305208526906513,0.11640666703383129,0.10949698857761718,0.11595390581185745,0.10218790843403915
geometry_gnn,3ax3_A,0.5924179703749791,0.8809111721689281,0.8335601881388449,12.22829564412435,0.6666666666666666,1.2752963602542877,0.6653172282709016,0.5675907644546694,0.6371743225973416,0.4683525303010771,0.7227462411756554
geometry_gnn,3b8t_A,0.274339776210568,0.8661052621572696,0.1928032853654363,24.78110186109003,0.33962264150943394,0.23135489656490352,0.20993386636554107,0.22334053146184538,0.23004600363851893,0.28624701197782565,0.2361844620017269
geometry_gnn,3cfh_B,0.33365925471875585,0.8429831510372765,0.09003650491695471,17.798782634735108,0.0,0.2569343165184061,0.2726642733801984,0.2513335728733283,0.27409980378834164,0.3680530217983694,0.28461699767172877
geometry_gnn,3cyi_A,2.1019223625515417,0.5909152552206232,0.8877750268413611,29.79861217074924,0.0,1.3774595900818154,1.3298207682276528,1.2840898178077271,2.0554464253442846,2.5860891348316413,1.7265811472586243
geometry_gnn,3dl5_C,0.20079350827930523,0.7751205712183414,0.23629739178710002,21.194208371011836,0.9868421052631579,0.20027351059150278,0.16616127415347778,0.15208130207596432,0.17809407496962093,0.208838259493352,0.18108968425678357
geometry_gnn,3e44_A,0.6135248451754414,0.7268435878613619,0.5306463393592932,46.82238006591797,0.0,0.8833620931421008,1.9259877013308662,0.7247992234925429,0.8616774200164913,0.5636421880843957,0.9918937252132795
geometry_gnn,3g7j_B,0.19680310340537388,0.8319789552900515,0.1678734158597138,12.49513041973114,0.5625,0.4060523610484476,0.39101233216287157,0.31789230687547615,0.1834675200399487,0.17308644682237817,0.2943021933898244
geometry_gnn,3jtq_B,0.10334767371155607,0.9478546023832685,0.15471865319265207,25.843168258666992,0.5,0.17230948184927303,0.08060856442898512,0.08558153060193247,0.1132361878971419,0.10313234902316071,0.11097362276009864
geometry_gnn,3lze_A,0.3398636534232989,,,0.0,0.0,0.42678208980295396,0.3888162105033795,0.5182933366373356,0.33710317953513497,0.31913879488469116,0.39802672227269903
geometry_gnn,3m0o_B,0.18141202692838793,0.83847529710979,0.3274161571674481,34.8729331874046,0.16806722689075632,0.1384663560039022,0.1383384741634047,0.12220319409868964,0.13956084944863426,0.19674675977939401,0.14706312669880495
geometry_gnn,3o98_B,0.1325416227657453,0.8255813953488372,0.009433962264150943,42.439449310302734,0.0,0.10125231742858891,0.11899011514403603,0.15046352456355916,0.16507565528154372,0.12880926535775264,0.13291817555509608
geometry_gnn,3pnv_A,0.5984412887916245,0.6998541129355411,0.35570613816096674,67.00126775105794,0.0,0.4501504600048065,0.2872544471864347,0.33458574000520236,0.4904177611645122,0.6310560021220906,0.4386928820966092
geometry_gnn,3wfz_C,0.12016690313280291,0.8220893450791897,0.03138681564267557,41.76523303985596,0.0,0.06717319414019586,0.09883777469965732,0.13272008339877245,0.08075731036610306,0.12334541611057721,0.10056675574306118
geometry_gnn,3x2y_C,0.23384378346358345,0.8015326024523677,0.11011329348289729,17.662153879801433,0.2777777777777778,0.2912560958001349,0.3779316082808443,0.4573928530211864,0.3696038279744658,0.12905866358077872,0.32504860973148203
geometry_gnn,3zwb_B,0.1747791514863539,0.8435221886370916,0.16772033759379174,49.847237723214285,0.0,0.12091284990310669,0.15057930712188994,0.1337922411176431,0.15030233974840151,0.17971227967990616,0.14705980351418949
geometry_gnn,4bl2_B,0.6222918718363021,0.8417125081531633,0.47849467954974306,72.51850901151958,0.18421052631578946,0.6519272742433506,0.5539616881800606,0.5008320663779583,0.45368454858481005,0.6427733082148024,0.5606357771201964
geometry_gnn,4cj8_I,0.310843309655005,0.7485280664289266,0.3466031473457201,33.61017608642578,0.0,0.9356896550882431,0.24061547645500728,0.2994839512860373,0.26483688465219885,0.321086527351718,0.41234249896664094
geometry_gnn,4cv1_E,0.36349231353824946,0.6497802149423778,0.19383631366510423,35.24335373834122,0.005329457364341085,0.906542827929334,0.6567164030076246,0.5337328485642175,0.32914461761418573,0.34057361388590324,0.553342062200253
geometry_gnn,4dfx_E,0.24091944202251095,0.827383853151397,0.1687314361090869,36.39386908213297,0.0,1.8271750079260933,2.012122870484988,0.8903389781713485,0.26171669794453517,0.1870829518670323,1.0356873012787993
geometry_gnn,4f4m_D,0.185834809103425,0.8614182834264825,0.3161143364915247,18.310216406117316,0.21739130434782608,0.10676738652198212,0.13160331644901574,0.1752696306598601,0.15720954141270446,0.22914387981967216,0.1599987509726469
geometry_gnn,4gvr_C,0.3360985453838459,0.7856164297417773,0.19566927063925027,21.827998797098797,0.2222222222222222,0.16353118812872303,0.13089677579700948,0.1744097360423137,0.23135239992423604,0.41497437173390417,0.22303289432523726
geometry_gnn,4hgq_E,0.22042949203168383,0.8742733207737331,0.2414868943639105,24.832160731156666,0.0,0.3676712720318594,0.34294787093531337,0.30940215078548755,0.26709762348010535,0.18378623671464567,0.29418103078948227
geometry_gnn,4ok4_B,0.2863702022679488,0.7414033713077882,0.20827192460814964,44.203465938568115,0.125,0.297733171377331,0.20645420422984495,0.21274109949566405,0.2086284157703636,0.2978289240581783,0.2446771629862764
geometry_gnn,4p4h_A,0.36553224135051543,0.6192425147305984,0.2327716868419499,36.8932728767395,0.0,0.40658238530158997,0.33538137065867585,0.25968104142435444,0.3371610849965638,0.38232746747376317,0.34422666997098944
geometry_gnn,4wef_A,0.16292245638440092,0.9291085118687857,0.38270840134249595,31.315160179138182,0.15,0.13557973876595497,0.07592297819419166,0.08677897034573501,0.11008649053785721,0.18297941805389695,0.11826951917952717
geometry_gnn,4x88_A,0.4623853911051839,0.8943196004993759,0.132991452991453,10.234942696311258,0.07575757575757576,1.1042873675775047,0.816010696469157,0.5587539974969526,0.37934523875593956,0.40342758483311514,0.6523649770265338
geometry_gnn,4xy5_A,0.1333036651467961,0.9924670433145009,0.8648148148148148,26.470184961954754,0.0,0.11943614068958497,0.11384756907465915,0.11443324986631849,0.13052592361545964,0.15383272773997728,0.1264151221971999
geometry_gnn,5hgv_C,0.11229330107037191,0.7472997214592683,0.007849986627965917,23.316757202148438,0.25,0.08788747806102037,0.0870255776935003,0.07462707258901283,0.08659833320308068,0.11594808572702527,0.0904173094547279
geometry_gnn,5mdw_6,2.361427597119473,0.6628571428571428,0.552312271062271,11.302181243896484,1.0,2.3471032281716666,2.0998526096343992,2.746533622344335,2.57623727619648,2.3491071029321144,2.423766767855799
geometry_gnn,5tnf_C,0.1893743865257189,0.920739209019126,0.30287196432669233,19.2394905949043,0.2319915254237288,0.12410922452023433,0.1356618985588382,0.15910456509727255,0.16682614479280944,0.2058770307963397,0.15831577275309885
geometry_gnn,5vec_B,0.1621806728760943,0.919655776363281,0.19829792997931964,52.37406857808431,0.0,0.20909010908669898,0.18709085962424676,0.2669953069830443,0.2124256692546395,0.150350734649407,0.20519053591960731
geometry_gnn,5xuh_A,0.5194811862707138,0.6682160405526462,0.3402579433705222,23.93380355834961,0.0,0.10696586925122474,0.16993877871168986,0.20343222554054177,0.43160728772481277,0.6923395821580217,0.32085674867725816
geometry_gnn,6a1v_A,0.31246370792805245,0.9145174319424948,0.4687439706523307,21.756475657224655,0.125,0.5577414312865585,0.4863672798189304,0.3453225364073895,0.2612078776558557,0.31226974375385147,0.39258177378451714
geometry_gnn,6bau_B,0.1675317750074231,0.5905196920451088,0.04522545645777921,8.02792485555013,0.75,0.09919209095338982,0.1668650492848385,0.15988123362275233,0.1368635765674066,0.1746979311177326,0.14749997630922398
geometry_gnn,6bl6_B,1.4713258727681693,0.5943076123400155,0.4991642931547771,11.2610114888942,0.9361702127659575,1.3152947086338878,1.164416257140955,1.2069460952930013,1.2678514236410954,1.510670074338157,1.2930357118094193
geometry_gnn,6e2j_A,0.4965916159693326,0.7657894736842105,0.4763735354537241,51.96764373779297,1.0,0.35559496283531195,0.6582061847050985,0.6201058745384216,1.3087331056594849,0.44700920355788776,0.6779298662592409
geometry_gnn,6ej6_A,0.17086083918277706,,,0.0,1.0,0.1453463087479274,0.1457120302443703,0.13538867601704213,0.14907545045078285,0.179303010359818,0.15096509516398815
geometry_gnn,6i7u_A,0.2408351632916639,0.8518181818181818,0.28096994771400163,45.484169006347656,0.0,0.3449642260869344,0.2654334564100612,0.16574261151254177,0.21502589556303892,0.25152291879057886,0.24853782167263105
geometry_gnn,6k0q_A,0.14456196543184768,0.6519806567440783,0.006254160895838589,11.812048435211182,0.5,0.07966523400197426,0.08501449704232719,0.08353910428150914,0.08948346318947221,0.15739092624909512,0.09901864495287559
geometry_gnn,6l7d_A,0.3306532216278523,0.6289418998092146,0.1948036028922836,31.453648711695816,0.1111111111111111,1.4008421591586537,0.6994658124053674,0.4776172679686468,0.3985989540736633,0.29679367373341264,0.6546635734679489
geometry_gnn,6m4l_A,0.2401352281205266,0.7379745470232959,0.021718390986527013,36.23588180541992,0.0,0.21634403243660927,0.23732435870915652,0.19054813562737155,0.23017819616661378,0.24508875639014344,0.22389669586597888
geometry_gnn,6o4b_G,0.31464837947731117,0.8217681051193697,0.25832977043686395,30.75814057962906,0.5342995169082125,0.3582044945444894,0.18788202046980612,0.18599704489956684,0.18746755491490566,0.3447075905872558,0.25285174108320474
geometry_gnn,6r6n_B,0.13688556315377354,0.8535353535353536,0.10333333333333333,24.782733917236328,0.0,0.13755789399147036,0.05851544067263603,0.09299641044821307,0.10492084259831894,0.18772006241846023,0.11634213002581972
geometry_gnn,6uau_A,0.15177681476630034,0.7700190744419088,0.1452344331193912,26.013817469278973,0.0,0.180487174126837,0.1934248513927815,0.13349859924136123,0.11994465082030857,0.16209840665774175,0.15789073644780602
geometry_gnn,6zy0_A,0.13192609340994063,0.9671428571428572,0.041666666666666664,28.01908302307129,0.0,0.05431798100471496,0.1197018049657345,0.09600518667890182,0.09774001807506597,0.13755510430690057,0.10106401900626356
geometry_gnn,7bbx_A,0.19253826109078628,,,0.0,1.0,0.13241181274255118,0.11158006017406784,0.12015162408351901,0.0797696359017316,0.2132085352736464,0.1314243336351032
geometry_gnn,7bxo_B,0.3164542423628483,0.8436487067867302,0.5362513724615642,27.966723203659058,0.0,1.969840070740743,1.2180488239409346,0.4406804912757138,0.23859582500306029,0.227866103796008,0.8190062629512919
geometry_gnn,7dwo_B,1.7256347852956808,0.7226078431488093,0.7639945324779094,68.64007949829102,0.0,1.6857446730136871,1.7283776194404161,1.4184581486498395,1.3313090489436865,1.8211857487962482,1.5970150477687755
geometry_gnn,7m8h_C,0.1643208944524118,0.9082684367658067,0.08129085909931752,17.537354826927185,0.4375,0.2083025977481157,0.16989216944091912,0.15232183662368579,0.16332957301014436,0.16536652293895254,0.17184253995236348
geometry_gnn,7n6n_A,0.4878548702991481,0.8198194803140053,0.45129154296667945,44.95017790566132,0.08040727961572289,0.33740127620495397,0.34486002454496967,0.31244519253055875,0.32513968462133963,0.5511370856251996,0.3741966527054043
geometry_gnn,7nlg_C,0.46316577083876787,0.8970189701897019,0.5295695045695046,19.534937722342356,0.0,0.48484388987223304,0.6755586824246815,0.47420288328112675,0.4702436914788438,0.43552747843377265,0.5080753250981316
geometry_gnn,7o58_B,0.8144465654149725,0.850336181150358,0.6629812799985966,32.793346325556435,0.125,0.7452946845442057,0.7854500914161856,0.6030279639104571,0.7470747602475333,0.8544270029846853,0.7470549006206134
geometry_gnn,7sj1_C,0.5850392176094941,0.24760116812682517,0.34848527051999556,19.72441530227661,1.0,0.16296452408035597,0.3840405863399307,0.5853180684563186,0.9075310550845013,0.5436574608165693,0.5167023389555352
geometry_gnn,7sp0_B,0.16521098513583668,0.7736625514403292,0.017857142857142856,56.826961517333984,0.0,0.5737347031633059,0.6977732535451651,0.5719783206780752,0.5389624685049057,0.14868013755755222,0.5062257766898008
geometry_gnn,7vns_A,0.3080658221902524,0.7543944553646341,0.14927776646582588,22.53256058692932,0.0,0.4903781311586499,0.33839364288947904,0.3204626912300132,0.3925517635713173,0.2627212576623798,0.36090149730236787
geometry_gnn,8eip_B,0.19493119436565773,0.8723874966811933,0.20621858792251427,13.936768531799316,0.5,0.31148216728534966,0.21095209501476753,0.17069110791839504,0.17959542993691957,0.19883899637334546,0.21431195930575545
geometry_gnn,8eqo_B,0.40104618547898585,0.7670790939942396,0.42094519538110137,28.52201687649068,0.015235910878112713,0.7183836654952902,0.34396118902090356,0.3141613455045846,0.35092759734525397,0.43502509788288996,0.4324917790497844
geometry_gnn,8f79_A,1.5706119553356095,0.7021236251601,0.7473475252254019,5.990395228068034,1.0,2.205976403421826,1.720994350189964,1.7537434261706142,1.5301882049747266,1.566433625967086,1.7554672021448432
geometry_gnn,8jce_G,0.17566430547485037,0.7875881834215168,0.19322788555075787,56.53575642903646,0.0,0.22180451632097917,0.19281580719383962,0.13118658722895715,0.09609439818462032,0.18220284575074372,0.164820830935828
geometry_gnn,8ka0_C,0.6311615223639909,0.7410254527836763,0.6667664879895496,0.0,1.0,0.1425827940305074,0.1742561176419258,0.1878066710357008,0.27586971373951186,0.7437906233959277,0.30486118396871476
geometry_gnn,8r3c_A,0.5315119271428846,0.8759064063042048,0.17050974752317033,3.5686344401041676,0.9933333333333333,1.1163033637073305,1.0024137936594586,0.6166503816576053,0.3834818177024523,0.45708318438982437,0.7151865082233343
geometry_gnn,8t06_A,0.2543664288136116,0.8060328360714312,0.30759191007718334,33.49544906616211,0.0,0.27389165603866183,0.6265939736317488,0.4288662543326306,0.16895425578117348,0.22996530324731146,0.3456542886063052
geometry_gnn,8up8_C,0.1788564939234703,0.8873312029996846,0.3521244176005491,18.71684398651123,0.4,0.07840526898701985,0.17011018117255233,0.12889841750950407,0.15092049335511643,0.18919859581619372,0.14350659136807728
geometry_gnn,8wkd_A,0.5507140214710186,0.7576155462184873,0.5563553587934871,39.22949421405792,0.0,1.6960101425647736,0.19279417892297107,0.7879033957918485,1.0974128928322058,0.4926958411843294,0.8533632902592256
geometry_gnn,8x84_C,0.2744869160856392,0.8720611211089234,0.6513945975044254,30.234486937522888,1.0,1.03734974997739,1.3458965088551242,1.2422771420096979,0.6261042077368235,0.2098273719249626,0.8922909961007996
geometry_gnn,9bc6_C,0.585132671624984,0.5386769142252908,0.3306091752072041,6.796688079833984,1.0,0.3614452322944999,0.46968467932726654,0.6765518374445861,0.4886184841345918,0.5899271309563854,0.5172454728314659
geometry_gnn,9cp9_B,0.15324633445292066,0.716895350761409,0.015474021737658585,32.01237678527832,0.0,0.17025137113200295,0.1520909121673968,0.13170892445842808,0.12915700194091093,0.15908812056748384,0.14845926605324453
geometry_gnn,9hkm_C,0.4934296580487943,0.6588749525599015,0.3570825622213098,0.0,1.0,2.4508922828568354,1.1873041143019993,0.6104801097257552,0.5407020049455123,0.44581598144526485,1.0470388986550734
geometry_gnn,9j83_A,2.33760866418097,0.6726153846153846,0.9348596109783927,2.4045028686523438,1.0,0.3457033534844716,0.7455694350329313,1.0785415601730346,1.3749654993817613,2.595678812757856,1.228091732166011
geometry_gnn,9m80_B,0.3760434591225861,0.8942816289400378,0.35339584008166824,52.29926013946533,0.0,0.09943720822532971,0.17253329870956285,0.24005217989705085,0.2790390525229408,0.3901481561248349,0.2362419790959438
geometry_gnn,9r2f_C,7.24848504643504,,,8.15322960747613,1.0,5.913366468600286,7.96009285527247,6.118829059159315,5.998882425969345,7.521738206713961,6.702581803143074
geometry_gnn,9sd5_A,0.21382442363279902,0.8443097014925374,0.31633328540610667,1.0237617492675712,1.0,0.11398910482724507,0.3354871170595289,0.18561734119430184,0.148216252076499,0.21815793642774226,0.2002935503170634
geometry_gnn,9swq_B,0.6996895046643564,0.6539639247214063,0.6155678096842977,5.626520156860352,1.0,0.13856982936461767,0.24932236064757618,0.34963241294026376,0.5062225848473703,0.742142617994614,0.39717796115888837
geometry_gnn,9va6_A,0.5269544815362404,0.7143158783783784,0.4034021075753196,31.261920928955085,0.0,2.1311771273612976,0.4940583854913712,0.33394048921763897,0.3960748612880707,0.5759249154900042,0.7862351557696765
coordinate_residual,1ct1_E,0.41238647619270463,0.7509377507382138,0.27590640516540155,27.009650470271254,0.11014492753623188,1.3593317679943886,0.6685129879033275,0.3158327786802209,0.42770305327322744,0.3533785572927928,0.6249518290287914
coordinate_residual,1gyr_C,0.4967245390911624,0.7202477732314041,0.21732432206314523,39.562649726867676,0.0,0.4937669056157271,0.40501403116310636,0.403528664565935,0.48294813879887866,0.503976791383573,0.45784690630544406
coordinate_residual,1h7x_D,0.2147956322640652,0.614065616175629,0.051650406989327845,80.03887315229936,0.09090909090909091,1.9270683177041286,1.72308188652134,0.5845175733729607,0.1568915174207416,0.17810249085930369,0.913932357175695
coordinate_residual,1ild_A,0.16524291694425192,0.9823529411764707,0.5909090909090909,32.0631103515625,0.0,0.11975379784901938,0.1480057187039744,0.0981537101461607,0.1189333227430952,0.1795047001185151,0.13287024991215296
coordinate_residual,1jll_E,0.4042021806358594,0.7107230036840485,0.1548291040174059,52.85120912031694,0.0,0.17240914304486732,0.21475590774507233,0.26969868745953224,0.3152381429829982,0.44210064435087487,0.28284050511666897
coordinate_residual,1me5_B,0.42556686420352535,0.7118595510882226,0.17959377334431692,34.087395985921226,0.0,0.4992901059902377,0.26801718895634014,0.32686614943668246,0.34118391432102535,0.4630371365146302,0.37967889904378316
coordinate_residual,1mjy_A,0.49646527412868013,0.8042482223275018,0.4328615701407889,23.571336327937612,0.0,0.5277532830736354,0.5517884257553232,0.47540983500642775,0.5092364052148223,0.5140932803076371,0.5156562458715691
coordinate_residual,1u5o_A,0.4308406564684398,0.7140545313805671,0.41030094850971527,21.056103282504612,0.3333333333333333,0.2428493216909744,0.2565231374660392,0.3429497501216632,0.3720199691106216,0.48192365290356665,0.339253166258573
coordinate_residual,1vyd_B,0.14422995976477476,0.7695652173913043,0.04256965944272446,11.682313919067383,0.5,0.360244653498133,0.1678808955475688,0.10898049848361148,0.09984130283507209,0.16428737266019722,0.1802469446049165
coordinate_residual,1vzi_B,0.15114889435237272,0.5933287561732958,0.03206088636470688,16.99758849143982,0.35,0.08587040213557581,0.10711483497039549,0.08748906183078006,0.0952538881164102,0.20135767944643054,0.11541717329991844
coordinate_residual,1y39_A,0.1788319985105379,0.726027397260274,0.047619047619047616,0.0,0.0,0.7255580127239227,0.11795307385424773,0.11414737473515903,0.14332602499052882,0.1911079261917621,0.2584184824991241
coordinate_residual,1z73_A,0.08459726142337973,,,0.0,1.0,0.08168746034304299,0.07833857875731258,0.09611320942640304,0.08815354943275451,0.08240230383470337,0.0853390203588433
coordinate_residual,1z8u_A,0.4434724591206759,0.9294320137693632,0.4662698412698413,43.61150932312012,0.0,3.0053404768308005,1.274895928800106,0.42741068359464407,0.417129257073005,0.3135002059929505,1.087655310458301
coordinate_residual,2a6x_B,0.1697012928556906,0.9058139534883721,0.10602869352869353,17.218212127685547,0.0,0.16958531737327573,0.22946935229831272,0.410610034737898,0.10770285700758299,0.1460427600595591,0.2126820642953257
coordinate_residual,2awi_L,0.3508433724715285,0.6830759642444122,0.1666474320409154,41.47215805053711,0.0,0.1738833039999008,0.21675489219752225,0.16452864150827132,0.2198630480193778,0.4038742028452732,0.23578081771406909
coordinate_residual,2bek_D,0.2871237976665284,0.8502551768537439,0.36527208522141286,31.227688831753202,0.011111111111111112,0.22198932617902756,0.2162834187475682,0.21853942635362422,0.24478030059809444,0.31557786752715816,0.24343406788109453
coordinate_residual,2d5g_D,0.45117666179606,0.732584365204122,0.4758836626788696,22.99198627471924,0.0,0.4293188191950321,0.2240549350778262,0.24918579294656715,0.35132276295469356,0.6302987641344467,0.37683621486171315
coordinate_residual,2eyp_A,0.19207812100287766,0.7665358268884351,0.1308810750928312,15.423744070118872,0.3793103448275862,0.15409251869302884,0.15180087420157057,0.14372015883866285,0.1633446805084607,0.22956295623146078,0.16850423769463677
coordinate_residual,2hlp_A,0.42791097966991287,0.8421101922899373,0.4069291179748181,43.73156566920506,0.02626970227670753,0.40099862865044567,0.3351272702336401,0.3292644215090588,0.40516441565791217,0.4405718900802584,0.382225325226263
coordinate_residual,2o94_B,0.2567344420925057,0.8366704936854191,0.2064997170345218,28.4301016330719,0.375,0.33737437753006816,0.22898114488149685,0.2528950104024261,0.2799695360008627,0.2526173200778134,0.2703674777785335
coordinate_residual,2ouv_B,0.29078407715340854,0.6331253131535715,0.14767836779747096,30.5053034695712,0.045454545454545456,0.06707103584300388,0.09783555781619023,0.13120052198472182,0.16467368955666303,0.3612379098933509,0.16440374301878596
coordinate_residual,2pp3_B,0.09348257260011973,0.7504426486098015,0.3047464642995177,41.932623291015624,0.4,0.050107903944121464,0.0812858987938274,0.07227455007252835,0.0868187765063994,0.09766252960501275,0.07762993178437787
coordinate_residual,2xhn_B,0.0423310087447414,,,0.0,1.0,0.03333241119980809,0.04106490380529845,0.057104750555008646,0.04814962611103862,0.04081605612030388,0.044093549558291534
coordinate_residual,2ygp_A,0.11199688572629259,0.9942196531791907,0.5,30.54112434387207,0.0,0.5002517352501551,0.2525131311267614,0.11241428840618867,0.06677413503489187,0.10931110935573413,0.20825287983474622
coordinate_residual,3a9w_A,0.12390782973981514,0.9348861053929074,0.2133190883190883,27.943183263142902,0.0,0.04309308197763232,0.08320833192694754,0.12366951301693917,0.11505045495169809,0.12886171350113643,0.09877661907487072
coordinate_residual,3ax3_A,0.9131513341245325,0.7112098130927436,0.5907334011689925,22.731449445088703,0.0,1.8375599533319473,1.1374309737649229,0.9601645754204474,0.9612120169732306,0.6853527352673772,1.1163440509515852
coordinate_residual,3b8t_A,0.12147159642402248,0.8305295641782289,0.4202933762214851,25.997915074510395,0.2830188679245283,0.35924955961183186,0.1812753989778146,0.11627690594479094,0.1029458213876799,0.12021932407022136,0.17599340199846772
coordinate_residual,3cfh_B,0.1211131463351011,0.5786331302480723,0.0564508395919384,17.798782634735108,0.375,0.12835328984850397,0.10634032187970459,0.083528028838443,0.0688815581358977,0.14046481723728604,0.10551360318796706
coordinate_residual,3cyi_A,2.498896399280782,0.6203144145445938,0.9097347685766926,29.79861217074924,0.0,1.791801552253741,1.7547566528535552,1.6819843694699603,2.4169463489059537,2.9991035197422686,2.1289184886450956
coordinate_residual,3dl5_C,0.30072796095409027,0.8693728055986222,0.32051643379946454,63.004932503951224,0.0,0.390356362454201,0.3901714209238427,0.3348164317588273,0.36067582314352764,0.303549675264983,0.35591394270907634
coordinate_residual,3e44_A,0.8366651752206732,0.7203106314177362,0.473783438150235,46.82238006591797,0.0,1.2745256228815942,2.3545803421043923,0.9587560918496607,1.0544322782439433,0.7853260605935629,1.2855240791346305
coordinate_residual,3g7j_B,0.14386403757491611,0.8616884699150907,0.17418767638713548,12.49513041973114,0.5625,0.39919659025811904,0.4013195339111715,0.27337471641810285,0.12425509771966527,0.12012405551171886,0.2636539987637555
coordinate_residual,3jtq_B,0.13204135251466997,0.9278453307392995,0.349814155579968,25.843168258666992,0.5,0.14777731771270436,0.10856234293896705,0.11896071296471816,0.1793484436948934,0.12956630469577057,0.1368430244014107
coordinate_residual,3lze_A,0.1391628603241454,,,0.0,1.0,0.25708629853195614,0.34461282789707187,0.16945572421909907,0.10416148821685112,0.13135533472369154,0.20133433471773396
coordinate_residual,3m0o_B,0.1442930145167855,0.7566119787009207,0.25027712375742606,34.8729331874046,0.16806722689075632,0.12784829961151636,0.08081534757608431,0.0824482368581056,0.0924800478564089,0.1613919453334099,0.10899677544710501
coordinate_residual,3o98_B,0.23409589350217364,0.5697674418604651,0.0038461538461538464,42.439449310302734,0.0,0.24517820527156195,0.24537833644585175,0.30208553566501056,0.3167888716608286,0.22181412421130375,0.26624901465091133
coordinate_residual,3pnv_A,0.7576256268405542,0.6344241613460936,0.3473852050191811,67.00126775105794,0.0,0.6005653921100829,0.39103962674185083,0.529709704554254,0.6791936813512954,0.7866956383831774,0.5974408086281321
coordinate_residual,3wfz_C,0.15331698797272278,0.7713100907375656,0.05758149319033155,41.76523303985596,0.0,0.15099626282850903,0.11743319287456366,0.13220799886967136,0.13422437174789653,0.15659381099918404,0.13829112746396494
coordinate_residual,3x2y_C,0.32223481065671156,0.6342694370107614,0.13873890359170735,17.662153879801433,0.2777777777777778,0.44807526593406993,0.511734816640606,0.5754326718626016,0.45182319271458304,0.2056051598190528,0.4385342213941827
coordinate_residual,3zwb_B,0.34891282105983434,0.7420193518180661,0.10695659750124666,49.847237723214285,0.0,0.23117588566882272,0.24723129703530242,0.2610598537090681,0.2852434304882843,0.3613194047137843,0.2772059743230524
coordinate_residual,4bl2_B,0.7311920649671183,0.7847954620136681,0.37520051874242083,86.55384876853542,0.0,0.8397851225086733,0.6212869175331474,0.5783477645263218,0.5520215239441192,0.7558236109729669,0.6694529878970457
coordinate_residual,4cj8_I,0.5604332875355912,0.6832948616141578,0.30135292769913075,33.61017608642578,0.0,1.1769482262787363,0.4128449246553438,0.5451164030758985,0.4819721323883371,0.5881418507024236,0.6410047074201479
coordinate_residual,4cv1_E,0.5008657527249502,0.8392641214913564,0.35743628843561703,35.2492806001227,0.006298449612403101,1.143521580916862,0.8163261915280631,0.6957387447841126,0.45304214289698225,0.4802474048827372,0.7177752130017513
coordinate_residual,4dfx_E,0.20985637501769636,0.7633914067576347,0.11797419671650143,36.39386908213297,0.0,2.24811276089814,2.269527269899845,1.1593015094598134,0.21589489231506984,0.1432390487991281,1.2072150962743993
coordinate_residual,4f4m_D,0.27415153076818044,0.6471407026667664,0.2774136453350867,18.310216406117316,0.21739130434782608,0.1490207094213237,0.18066776271222443,0.25964126836487683,0.23755490393682138,0.3363910579102022,0.2326551404690897
coordinate_residual,4gvr_C,0.3768533593426398,0.3262918257670949,0.05512235831214907,21.827998797098797,0.2222222222222222,0.19255613307985997,0.17704880198256837,0.15681144801040098,0.25241825028686926,0.47386518971306035,0.2505399646145518
coordinate_residual,4hgq_E,0.15312422322457997,0.8492052397895913,0.09965494345696281,24.832160731156666,0.3125,0.3505879963567067,0.23395222498414417,0.1262063301562901,0.11989714198048218,0.15740508896514702,0.19760975648855403
coordinate_residual,4ok4_B,0.28730004297105527,0.8057783684985674,0.21302090934078727,44.203465938568115,0.125,0.25571390225862467,0.24292771224346427,0.2271647866809344,0.21217628575017372,0.2978038067932677,0.24715729874529294
coordinate_residual,4p4h_A,0.5627773179600828,0.6096960357537033,0.2948192435593441,36.8932728767395,0.0,0.3954489768172304,0.35205838048002785,0.37710007844383225,0.5851362273148398,0.5989055266326072,0.4617298379377075
coordinate_residual,4wef_A,0.2553566857800752,0.7879116752999054,0.14618309651615918,31.315160179138182,0.15,0.2470821025470893,0.13724369518697646,0.14385601890370162,0.18077040379394543,0.28352303715510063,0.1984950515173627
coordinate_residual,4x88_A,0.16614117877279366,0.9655056179775281,0.5422222222222223,2.240385084441214,0.9242424242424242,0.139844975443651,0.13859725666204187,0.13565586610073763,0.12870684410859481,0.1845156147554045,0.14546411141408597
coordinate_residual,4xy5_A,0.16216281747455727,0.9849340866290018,0.8569444444444444,26.470184961954754,0.0,0.04310299911432796,0.05825387784058141,0.11882722674482936,0.12129129849876565,0.25346585199987703,0.11898825083967628
coordinate_residual,5hgv_C,0.061434248295558394,0.8939861293362408,0.031465315725021516,23.316757202148438,0.25,0.051526742987334735,0.06259122600948269,0.054539074178661384,0.04776355033710626,0.0625190161036317,0.055787921923243354
coordinate_residual,5mdw_6,0.6377346821536776,0.7371428571428571,0.4440815791199423,33.24297332763672,0.0,0.773004874587059,1.0273151054978371,0.566931045303742,0.41308034583926206,0.5486824131619773,0.6658027568779755
coordinate_residual,5tnf_C,0.16746658750240445,0.5733235915968913,0.1521896009803583,19.2394905949043,0.2319915254237288,0.19045013834631574,0.19158123858241763,0.16287345103348477,0.1949674432532075,0.1618815450356645,0.18035076325021804
coordinate_residual,5vec_B,0.18756641601195811,0.6153936247362287,0.1514555803091431,52.37406857808431,0.0,0.10496160139640172,0.16704309179137153,0.2933309571544602,0.2638494595450828,0.1748363716191997,0.20080429630130323
coordinate_residual,5xuh_A,0.7345359469999869,0.5824061001350743,0.2578713217533921,23.93380355834961,0.0,0.17304008785221314,0.3163018772999446,0.3691332496768027,0.6103445992663954,0.9472374431968887,0.4832114514584489
coordinate_residual,6a1v_A,0.24305242395100723,0.8780772305913754,0.3379503180788816,21.02190645535787,0.3333333333333333,0.14365758224286967,0.15661245616453132,0.16833689341910404,0.17255824739751657,0.28888310994445826,0.18600965783369597
coordinate_residual,6bau_B,0.13664599653566256,0.554265276341706,0.039738030536716644,8.02792485555013,0.75,0.19776434171944857,0.07044313036437545,0.11980961255014173,0.10802182637896122,0.146186547028983,0.128445091608382
coordinate_residual,6bl6_B,1.7211702767048647,0.6251280518023247,0.5075371033371658,80.12193574296667,0.14893617021276595,1.5819719962987073,1.3797712816462897,1.4324682213798874,1.4907349688183318,1.7636524091732526,1.5297197754632936
coordinate_residual,6e2j_A,0.5751227945367866,0.6798245614035088,0.32689736351957505,145.72537231445312,0.0,0.8287175682683786,0.845179279645284,0.7878921404480934,0.42958532273769384,0.5429562768490797,0.686866117589706
coordinate_residual,6ej6_A,0.04943368681962346,,,0.0,1.0,0.005107052624225598,0.02973452166964612,0.03452110813269692,0.03654526229647379,0.054346011353245134,0.032050791215257515
coordinate_residual,6i7u_A,0.30060643671701354,0.578051948051948,0.10670042423117793,45.484169006347656,0.0,0.18411711106697717,0.07546625692736018,0.261963619983622,0.28526206653226505,0.31788625192913145,0.22493906128787114
coordinate_residual,6k0q_A,0.06347798402370154,0.960734348757746,0.14407894736842106,11.812048435211182,0.5,0.08463338886698088,0.05540537354949605,0.05062611743737498,0.06389772659029595,0.06441264124340808,0.0637950495375112
coordinate_residual,6l7d_A,0.4920001310516285,0.7925691647457029,0.37006264821616,34.66973231537173,0.0,1.603743766280838,0.9285697173269186,0.6392888861558803,0.5625862886191598,0.4586136250872778,0.838560456694015
coordinate_residual,6m4l_A,0.1528287499188023,0.7646880392579809,0.031997461607765676,36.23588180541992,0.0,0.1864454032232364,0.11468186816200615,0.13999158202204853,0.19745248122930978,0.14683268025132967,0.15708080297758611
coordinate_residual,6o4b_G,0.41720250905551753,0.7132776171924221,0.23200139003922512,53.127310793411326,0.04830917874396135,0.544721820437006,0.28569933838761974,0.274901086673463,0.2779912064595437,0.44996953199256184,0.3666565967900388
coordinate_residual,6r6n_B,0.19817272743210196,0.8535353535353536,0.1845238095238095,24.782733917236328,0.0,0.4876533628751834,0.36004946706816554,0.2050789245976168,0.16686886778958906,0.18231410583520385,0.28039294563315176
coordinate_residual,6uau_A,0.2052914098672888,0.8068596865451253,0.2247163006680798,26.013817469278973,0.0,0.0635602219651143,0.12487753866278012,0.15384385622255964,0.16218683461164038,0.2381655600917578,0.14852680231077045
coordinate_residual,6zy0_A,0.10128665308716485,0.9985714285714286,0.5,28.01908302307129,0.0,0.07544936736424764,0.04201886169612408,0.05496392278901994,0.051207414562148716,0.10945742141948192,0.06661939756620446
coordinate_residual,7bbx_A,0.05817337838049174,,,0.0,1.0,0.07133042812347413,0.11351028995381464,0.0854494525667499,0.08466370431158475,0.051592521300172,0.08130927925115909
coordinate_residual,7bxo_B,0.5086520578643099,0.7983680115549054,0.40556567859754916,33.93557288429954,0.045454545454545456,3.613965603212516,1.648132437778016,0.7142375125480644,0.37185500310352815,0.3662664270966248,1.3428913967477498
coordinate_residual,7dwo_B,2.010128794233187,0.703511147643768,0.7282639219330693,68.64007949829102,0.0,1.9375757003823917,1.9640581455323771,1.6564387856602605,1.550603801982001,2.1229564679993493,1.846326580311276
coordinate_residual,7m8h_C,0.1084636441949374,0.6883828699592299,0.28460493637717604,17.537354826927185,0.4375,0.10011184425093235,0.055486839602790064,0.04561850724579413,0.05814919700291864,0.1333763800524639,0.07854855363097982
coordinate_residual,7n6n_A,0.6767535817489111,0.6578679393134175,0.29287490683175504,47.60965616577541,0.0042960557472430825,0.5251682773559787,0.5263316100782369,0.47535875391229016,0.4954276432411889,0.7493154742090152,0.554320351759342
coordinate_residual,7nlg_C,0.26356517726130824,0.6558265582655827,0.14807530823533238,2.919854300362723,0.8571428571428571,0.475820283804621,0.3975602037938578,0.2659940926269406,0.23124761494819993,0.2575778509042811,0.3256400092155801
coordinate_residual,7o58_B,0.9644628938599541,0.6742660259024367,0.5705455071400498,32.793346325556435,0.125,1.088847706404825,1.0236166573101373,0.7198060623359858,0.9007151585631462,0.9990249531318852,0.9464021075491958
coordinate_residual,7sj1_C,0.9372623324001027,0.43426679182311223,0.49119314284665994,48.44914722442627,0.0,0.5386960408650339,0.6618471885643279,0.8559926755001975,1.1540660170139745,0.9279906384270782,0.8277185120741224
coordinate_residual,7sp0_B,0.14009593472983994,0.9958847736625515,0.5,56.826961517333984,0.0,0.17518175393342972,0.06834976933896544,0.04038148125012717,0.0618083328008652,0.141864725519368,0.0975172125685511
coordinate_residual,7vns_A,0.28788095618771753,0.828168008877621,0.3378762206958755,22.53256058692932,0.0,0.14758609716470045,0.4215450072661042,0.29815007756329387,0.3782561936890732,0.24502850007449728,0.2981131751515338
coordinate_residual,8eip_B,0.1493624159685733,0.6354916463310487,0.02173681403372671,13.936768531799316,0.5,0.044423173492153474,0.04613616809041963,0.05649643096821531,0.09212579484736134,0.1777637499011393,0.08338906345985782
coordinate_residual,8eqo_B,0.6275872501954982,0.7016460356672373,0.3660849584858185,28.58547497670585,0.015727391874180863,0.9001152350894506,0.550383246601891,0.532686291362345,0.5637587059312987,0.6737238319435646,0.6441334621857099
coordinate_residual,8f79_A,2.1188794021182247,0.6477362167801624,0.7360709856845674,131.24072202046713,0.0,3.333546118810773,2.62715773175781,2.2626161876031095,1.9842508134032222,2.113083683498131,2.464130907014609
coordinate_residual,8jce_G,0.23457711245001298,0.822562358276644,0.13929022964743853,56.53575642903646,0.0,0.5639839570244981,0.2258134508163404,0.27622654077131303,0.2517036138885906,0.22951773796729918,0.3094490600936083
coordinate_residual,8ka0_C,1.019715794009145,0.6999603870483653,0.6297879254109999,50.01686096191406,0.0,0.27965111037095386,0.44403119571506977,0.4665617570281029,0.5789190154681181,1.1612852740652646,0.5860896705295019
coordinate_residual,8r3c_A,0.18929684785683476,0.9540136299648653,0.3622163630552892,20.020714925130207,0.006666666666666667,0.2587003189490901,0.24787961111093562,0.27120883039943877,0.12390203681588173,0.17654804169142152,0.21564776779335357
coordinate_residual,8t06_A,0.34373985649549854,0.7259123671662912,0.22088501674525177,33.49544906616211,0.0,0.38493521480510634,0.822430643740864,0.5598519947438035,0.26244456697157653,0.3061956281094119,0.4671716096741525
coordinate_residual,8up8_C,0.22342702649887994,0.7253415293375357,0.134510338771259,18.71684398651123,0.4,0.19183676764369012,0.35500970834681944,0.18125420353620464,0.146846685374681,0.22902278042388793,0.22079402906505666
coordinate_residual,8wkd_A,0.8191741067372884,0.6789653361344538,0.41733370375044765,43.032684326171875,0.0,2.9677814096212387,0.689077618221442,1.2798407167817156,1.415158096414346,0.7333484122950938,1.4170412506667671
coordinate_residual,8x84_C,0.31745724404032716,0.8311550638763054,0.22443262670851538,43.161468863487244,0.0,1.8741272673942149,2.036970689659938,1.771618059661705,0.898576892528902,0.21227162071739883,1.3587129059924319
coordinate_residual,9bc6_C,0.7024156276773073,0.5058494957859053,0.3407252185678538,78.3049087524414,0.0,0.49654219423731166,0.5476341132473733,0.7493112639793637,0.5460523618322137,0.7155106861759969,0.6110101238944519
coordinate_residual,9cp9_B,0.1316383023852193,0.9708192800114942,0.414021164021164,32.01237678527832,0.0,0.189693157043722,0.08175604542096455,0.050378922073403075,0.06272581109801441,0.1507247452981478,0.10705573618685037
coordinate_residual,9hkm_C,0.6606213604658482,0.6709774151110147,0.30723309473501875,48.152000427246094,0.0,2.6940970884429087,1.3523260107973503,0.7477578728091028,0.6670748888162487,0.6220905349945892,1.21666927917204
coordinate_residual,9j83_A,2.7840370160355223,0.5522564102564103,0.9009235413405063,66.65164184570312,0.0,0.6027402405937513,1.0486819981174036,1.402318478822708,1.673238994805394,3.0725705936402505,1.5599100611959016
coordinate_residual,9m80_B,0.5177778590177564,0.7675288446250348,0.3021756105269114,52.29926013946533,0.0,0.18875661802788574,0.3083490018865892,0.335849888981582,0.37562646404159705,0.5368160304273957,0.3490796006730099
coordinate_residual,9r2f_C,8.17150738513396,,,50.59802500406901,0.0,7.85436375848489,9.310008513700954,7.205009744081784,7.029365031838391,8.329927906383082,7.94573499089782
coordinate_residual,9sd5_A,0.1573047032525475,0.8308768656716419,0.2990089358250763,52.14410018920898,0.0,0.22369462003310522,0.46565134978542727,0.1274104722154637,0.05918392079307678,0.1596877179387957,0.20712561615317374
coordinate_residual,9swq_B,1.1543255688773462,0.6254203231483024,0.6073510049746159,71.04696273803711,0.0,0.5026607861121496,0.7090587217050295,0.6399235894903541,0.8472517759079361,1.2114793883192405,0.7820748523069418
coordinate_residual,9va6_A,0.674378429635456,0.6027238175675675,0.3942745431403003,31.261920928955085,0.0,2.2976680546998978,0.6916610583662987,0.44209611942262755,0.5138901822782795,0.7372431458097022,0.9365117121153613
