candidate,baseline,metric,cluster_id_30,global_mae_candidate,global_mae_baseline,global_mae_diff,shell_mae_candidate,shell_mae_baseline,shell_mae_diff,perturbed_auprc_candidate,perturbed_auprc_baseline,perturbed_auprc_diff,derived_radius_mae_candidate,derived_radius_mae_baseline,derived_radius_mae_diff,derived_class_macro_f1_candidate,derived_class_macro_f1_baseline,derived_class_macro_f1_diff
base_v5,zero_response,global_mae,1ct1_E,0.2773535816057411,0.47069559035232306,-0.19334200874658197,,,,,,,,,,,,
base_v5,zero_response,global_mae,1gyr_C,0.3646523220836434,0.5917014396892718,-0.2270491176056284,,,,,,,,,,,,
base_v5,zero_response,global_mae,1h7x_D,0.18513522668236604,0.29857426096102685,-0.11343903427866081,,,,,,,,,,,,
base_v5,zero_response,global_mae,1ild_A,0.15970983367833647,0.24092630123002054,-0.08121646755168407,,,,,,,,,,,,
base_v5,zero_response,global_mae,1jll_E,0.22554619104010712,0.4749467782214554,-0.2494005871813483,,,,,,,,,,,,
base_v5,zero_response,global_mae,1me5_B,0.2598359432817941,0.4821270910667719,-0.22229114778497777,,,,,,,,,,,,
base_v5,zero_response,global_mae,1mjy_A,0.39436258041871747,0.5842136343130678,-0.18985105389435036,,,,,,,,,,,,
base_v5,zero_response,global_mae,1u5o_A,0.3115856679339157,0.5244810037639105,-0.21289533582999481,,,,,,,,,,,,
base_v5,zero_response,global_mae,1vyd_B,0.14097670481363633,0.23811524612267085,-0.09713854130903452,,,,,,,,,,,,
base_v5,zero_response,global_mae,1vzi_B,0.18632298683961854,0.22607778405407442,-0.03975479721445588,,,,,,,,,,,,
base_v5,zero_response,global_mae,1y39_A,0.2109787290462771,0.24596405578022068,-0.034985326733943584,,,,,,,,,,,,
base_v5,zero_response,global_mae,1z73_A,0.06641552078324449,0.1454163810900266,-0.07900086030678212,,,,,,,,,,,,
base_v5,zero_response,global_mae,1z8u_A,0.2822472388493932,0.5522233519340969,-0.2699761130847037,,,,,,,,,,,,
base_v5,zero_response,global_mae,2a6x_B,0.16920783346068097,0.24320817518486007,-0.0740003417241791,,,,,,,,,,,,
base_v5,zero_response,global_mae,2awi_L,0.2255493866764519,0.47304202545791457,-0.24749263878146266,,,,,,,,,,,,
base_v5,zero_response,global_mae,2bek_D,0.17516712583325134,0.39353199786459947,-0.21836487203134813,,,,,,,,,,,,
base_v5,zero_response,global_mae,2d5g_D,0.27948298327714566,0.5660794755241957,-0.28659649224705,,,,,,,,,,,,
base_v5,zero_response,global_mae,2eyp_A,0.19452737293423103,0.26942808151399616,-0.07490070857976514,,,,,,,,,,,,
base_v5,zero_response,global_mae,2hlp_A,0.31801972003764456,0.5098075126340319,-0.19178779259638734,,,,,,,,,,,,
base_v5,zero_response,global_mae,2o94_B,0.2224696957410368,0.3885220028665465,-0.16605230712550967,,,,,,,,,,,,
base_v5,zero_response,global_mae,2ouv_B,0.19517570462503883,0.39044671237937717,-0.19527100775433834,,,,,,,,,,,,
base_v5,zero_response,global_mae,2pp3_B,0.11384525143993303,0.1585987464476864,-0.04475349500775337,,,,,,,,,,,,
base_v5,zero_response,global_mae,2xhn_B,0.13406192656518437,0.07095957670624797,0.0631023498589364,,,,,,,,,,,,
base_v5,zero_response,global_mae,2ygp_A,0.2289951940109932,0.193251080152675,0.03574411385831819,,,,,,,,,,,,
base_v5,zero_response,global_mae,3a9w_A,0.1395984046544669,0.20201612918046588,-0.062417724525998974,,,,,,,,,,,,
base_v5,zero_response,global_mae,3ax3_A,0.666376341360085,1.064634849703071,-0.39825850834298615,,,,,,,,,,,,
base_v5,zero_response,global_mae,3b8t_A,0.12208701594584816,0.1632900983394355,-0.041203082393587345,,,,,,,,,,,,
base_v5,zero_response,global_mae,3cfh_B,0.12510215774407757,0.1675874547235829,-0.042485296979505344,,,,,,,,,,,,
base_v5,zero_response,global_mae,3cyi_A,2.2016246515526396,2.57427188657758,-0.37264723502494057,,,,,,,,,,,,
base_v5,zero_response,global_mae,3dl5_C,0.22750206837714657,0.3623804074969996,-0.13487833911985306,,,,,,,,,,,,
base_v5,zero_response,global_mae,3e44_A,0.6680758691503252,0.8880354921667574,-0.21995962301643213,,,,,,,,,,,,
base_v5,zero_response,global_mae,3g7j_B,0.1579529561543645,0.2251235135253137,-0.06717055737094921,,,,,,,,,,,,
base_v5,zero_response,global_mae,3jtq_B,0.10887245888379313,0.20338847306271535,-0.09451601417892222,,,,,,,,,,,,
base_v5,zero_response,global_mae,3lze_A,0.37830967451245784,0.20341838786858446,0.17489128664387338,,,,,,,,,,,,
base_v5,zero_response,global_mae,3m0o_B,0.13532201675194958,0.20709256563521852,-0.07177054888326895,,,,,,,,,,,,
base_v5,zero_response,global_mae,3o98_B,0.14449740752614848,0.3235211462295223,-0.17902373870337385,,,,,,,,,,,,
base_v5,zero_response,global_mae,3pnv_A,0.607757563176388,0.8246955361522158,-0.21693797297582784,,,,,,,,,,,,
base_v5,zero_response,global_mae,3wfz_C,0.1075864451297589,0.22118155667724826,-0.11359511154748936,,,,,,,,,,,,
base_v5,zero_response,global_mae,3x2y_C,0.22677185228771413,0.3912493555406104,-0.16447750325289628,,,,,,,,,,,,
base_v5,zero_response,global_mae,3zwb_B,0.1983591088345334,0.4263042180283877,-0.2279451091938543,,,,,,,,,,,,
base_v5,zero_response,global_mae,4bl2_B,0.584999478793932,0.8375990435212186,-0.2525995647272866,,,,,,,,,,,,
base_v5,zero_response,global_mae,4cj8_I,0.3564385893049752,0.6254432051143269,-0.26900461580935175,,,,,,,,,,,,
base_v5,zero_response,global_mae,4cv1_E,0.37975315782082864,0.5754217349998573,-0.19566857717902864,,,,,,,,,,,,
base_v5,zero_response,global_mae,4dfx_E,0.2898443682722239,0.29977861275103773,-0.009934244478813858,,,,,,,,,,,,
base_v5,zero_response,global_mae,4f4m_D,0.20020841111311807,0.34281847640328084,-0.14261006529016276,,,,,,,,,,,,
base_v5,zero_response,global_mae,4gvr_C,0.3212424949851262,0.444292160296875,-0.12304966531174882,,,,,,,,,,,,
base_v5,zero_response,global_mae,4hgq_E,0.2732562752530427,0.23522842442702593,0.03802785082601676,,,,,,,,,,,,
base_v5,zero_response,global_mae,4ok4_B,0.23306438645586205,0.37410598161529424,-0.14104159515943218,,,,,,,,,,,,
base_v5,zero_response,global_mae,4p4h_A,0.38567433642481075,0.6845883444655052,-0.29891400804069446,,,,,,,,,,,,
base_v5,zero_response,global_mae,4wef_A,0.1732691669003636,0.3122008644190256,-0.13893169751866202,,,,,,,,,,,,
base_v5,zero_response,global_mae,4x88_A,0.14920851065491764,0.22269376131994975,-0.07348525066503211,,,,,,,,,,,,
base_v5,zero_response,global_mae,4xy5_A,0.11527890528195613,0.2575395621741627,-0.14226065689220657,,,,,,,,,,,,
base_v5,zero_response,global_mae,5hgv_C,0.23305079830615874,0.13157347841453082,0.10147731989162792,,,,,,,,,,,,
base_v5,zero_response,global_mae,5mdw_6,0.34166685526724905,0.6888241028646007,-0.34715724759735167,,,,,,,,,,,,
base_v5,zero_response,global_mae,5tnf_C,0.11320378969898846,0.22103292718377685,-0.10782913748478838,,,,,,,,,,,,
base_v5,zero_response,global_mae,5vec_B,0.14456858636836695,0.2763103825003283,-0.13174179613196135,,,,,,,,,,,,
base_v5,zero_response,global_mae,5xuh_A,0.5760296253363292,0.8298913893898328,-0.2538617640535036,,,,,,,,,,,,
base_v5,zero_response,global_mae,6a1v_A,0.22020014407853314,0.3205481253299635,-0.10034798125143038,,,,,,,,,,,,
base_v5,zero_response,global_mae,6bau_B,0.20071101557650584,0.2325360540660506,-0.031825038489544766,,,,,,,,,,,,
base_v5,zero_response,global_mae,6bl6_B,1.496539377481055,1.8023263590189267,-0.30578698153787176,,,,,,,,,,,,
base_v5,zero_response,global_mae,6e2j_A,0.35938112904256747,0.6654358023655749,-0.3060546733230074,,,,,,,,,,,,
base_v5,zero_response,global_mae,6ej6_A,0.12171006549640999,0.09048270098660342,0.031227364509806566,,,,,,,,,,,,
base_v5,zero_response,global_mae,6i7u_A,0.24966517722694784,0.39655204182390563,-0.1468868645969578,,,,,,,,,,,,
base_v5,zero_response,global_mae,6k0q_A,0.11887270909598079,0.10934010812120752,0.009532600974773264,,,,,,,,,,,,
base_v5,zero_response,global_mae,6l7d_A,0.3692663837677002,0.5667518786876222,-0.197485494919922,,,,,,,,,,,,
base_v5,zero_response,global_mae,6m4l_A,0.1165020644773669,0.20914108374328805,-0.09263901926592115,,,,,,,,,,,,
base_v5,zero_response,global_mae,6o4b_G,0.3181105623589912,0.4846479384588457,-0.16653737609985447,,,,,,,,,,,,
base_v5,zero_response,global_mae,6r6n_B,0.1186655711568892,0.2535838308744133,-0.13491825971752408,,,,,,,,,,,,
base_v5,zero_response,global_mae,6uau_A,0.10585406285814973,0.27241924422358993,-0.16656518136544018,,,,,,,,,,,,
base_v5,zero_response,global_mae,6zy0_A,0.10935278160872201,0.17156273584159226,-0.06220995423287025,,,,,,,,,,,,
base_v5,zero_response,global_mae,7bbx_A,0.3022926254780032,0.10590890336210243,0.19638372211590074,,,,,,,,,,,,
base_v5,zero_response,global_mae,7bxo_B,0.33140145483440453,0.6133240534617952,-0.28192259862739066,,,,,,,,,,,,
base_v5,zero_response,global_mae,7dwo_B,1.6817211286477387,2.113476752561887,-0.43175562391414823,,,,,,,,,,,,
base_v5,zero_response,global_mae,7m8h_C,0.15242819164020957,0.17138476045545842,-0.018956568815248848,,,,,,,,,,,,
base_v5,zero_response,global_mae,7n6n_A,0.47928447139671065,0.7550451794432813,-0.27576070804657066,,,,,,,,,,,,
base_v5,zero_response,global_mae,7nlg_C,0.1969653345447098,0.3358686676029439,-0.13890333305823413,,,,,,,,,,,,
base_v5,zero_response,global_mae,7o58_B,0.838045751018682,1.055044735607867,-0.21699898458918498,,,,,,,,,,,,
base_v5,zero_response,global_mae,7sj1_C,0.5855085484027787,1.0056096708820181,-0.4201011224792395,,,,,,,,,,,,
base_v5,zero_response,global_mae,7sp0_B,0.22377520304967147,0.2455091711561211,-0.02173396810644962,,,,,,,,,,,,
base_v5,zero_response,global_mae,7vns_A,0.25772351983964953,0.3593610429718881,-0.10163752313223856,,,,,,,,,,,,
base_v5,zero_response,global_mae,8eip_B,0.11624156235966236,0.2179171637842133,-0.10167560142455094,,,,,,,,,,,,
base_v5,zero_response,global_mae,8eqo_B,0.43725983768684534,0.7137669486522097,-0.27650711096536434,,,,,,,,,,,,
base_v5,zero_response,global_mae,8f79_A,1.8473180905251987,2.2141386971727814,-0.36682060664758276,,,,,,,,,,,,
base_v5,zero_response,global_mae,8jce_G,0.1505736293622286,0.2901503291628206,-0.13957669980059198,,,,,,,,,,,,
base_v5,zero_response,global_mae,8ka0_C,0.7364720822254449,1.0937515588684215,-0.35727947664297655,,,,,,,,,,,,
base_v5,zero_response,global_mae,8r3c_A,0.18723240817210088,0.2658439593562024,-0.07861155118410154,,,,,,,,,,,,
base_v5,zero_response,global_mae,8t06_A,0.252083155249325,0.48264311023065865,-0.23055995498133364,,,,,,,,,,,,
base_v5,zero_response,global_mae,8up8_C,0.19189950744478615,0.30965237913001903,-0.11775287168523288,,,,,,,,,,,,
base_v5,zero_response,global_mae,8wkd_A,0.5407187705859542,0.9039109718675414,-0.36319220128158725,,,,,,,,,,,,
base_v5,zero_response,global_mae,8x84_C,0.2788792166836301,0.43324347905077654,-0.15436426236714645,,,,,,,,,,,,
base_v5,zero_response,global_mae,9bc6_C,0.5078691858220999,0.8218435010293591,-0.31397431520725916,,,,,,,,,,,,
base_v5,zero_response,global_mae,9cp9_B,0.11530324536932855,0.20066412428577576,-0.08536087891644721,,,,,,,,,,,,
base_v5,zero_response,global_mae,9hkm_C,0.5177179713747252,0.7776214538168861,-0.2599034824421609,,,,,,,,,,,,
base_v5,zero_response,global_mae,9j83_A,2.187089989350049,2.914126811038694,-0.7270368216886451,,,,,,,,,,,,
base_v5,zero_response,global_mae,9m80_B,0.3900951056492751,0.5950839545050832,-0.20498884885580815,,,,,,,,,,,,
base_v5,zero_response,global_mae,9r2f_C,7.49932209374728,8.305481203145696,-0.8061591093984157,,,,,,,,,,,,
base_v5,zero_response,global_mae,9sd5_A,0.11746324800802042,0.25281627918254185,-0.1353530311745214,,,,,,,,,,,,
base_v5,zero_response,global_mae,9swq_B,0.8965268671698288,1.2467666548267702,-0.3502397876569414,,,,,,,,,,,,
base_v5,zero_response,global_mae,9va6_A,0.49435491479481714,0.8131538643191258,-0.3187989495243087,,,,,,,,,,,,
base_v5,zero_response,shell_mae,1ct1_E,,,,0.4968122218967269,0.6874161237032514,-0.19060390180652453,,,,,,,,,
base_v5,zero_response,shell_mae,1gyr_C,,,,0.2820777465948358,0.5744158178502932,-0.29233807125545735,,,,,,,,,
base_v5,zero_response,shell_mae,1h7x_D,,,,0.8701647105429514,1.0162947336760935,-0.14613002313314205,,,,,,,,,
base_v5,zero_response,shell_mae,1ild_A,,,,0.1738051065133128,0.21576862779947964,-0.041963521286166844,,,,,,,,,
base_v5,zero_response,shell_mae,1jll_E,,,,0.1534827544201841,0.36038714552321055,-0.20690439110302644,,,,,,,,,
base_v5,zero_response,shell_mae,1me5_B,,,,0.2196646446239613,0.43486884276495924,-0.21520419814099795,,,,,,,,,
base_v5,zero_response,shell_mae,1mjy_A,,,,0.39776347062248985,0.6148395981581415,-0.21707612753565164,,,,,,,,,
base_v5,zero_response,shell_mae,1u5o_A,,,,0.29191689444976643,0.4393424602488507,-0.14742556579908428,,,,,,,,,
base_v5,zero_response,shell_mae,1vyd_B,,,,0.16618743950326356,0.2772467460134024,-0.11105930651013882,,,,,,,,,
base_v5,zero_response,shell_mae,1vzi_B,,,,0.1775257520251315,0.1927322211934749,-0.015206469168343423,,,,,,,,,
base_v5,zero_response,shell_mae,1y39_A,,,,0.269830314139379,0.33233550223795805,-0.06250518809857902,,,,,,,,,
base_v5,zero_response,shell_mae,1z73_A,,,,0.06511828056044752,0.16135605792295624,-0.09623777736250871,,,,,,,,,
base_v5,zero_response,shell_mae,1z8u_A,,,,0.7766606972471851,1.2176535022337043,-0.44099280498651916,,,,,,,,,
base_v5,zero_response,shell_mae,2a6x_B,,,,0.16230971750463266,0.29203317866129397,-0.1297234611566613,,,,,,,,,
base_v5,zero_response,shell_mae,2awi_L,,,,0.16126686557718434,0.3564126474635113,-0.19514578188632697,,,,,,,,,
base_v5,zero_response,shell_mae,2bek_D,,,,0.15665759027387216,0.3640715998656853,-0.20741400959181316,,,,,,,,,
base_v5,zero_response,shell_mae,2d5g_D,,,,0.21685364402703242,0.5011285806281699,-0.28427493660113745,,,,,,,,,
base_v5,zero_response,shell_mae,2eyp_A,,,,0.17629325654856423,0.2477809170728657,-0.07148766052430147,,,,,,,,,
base_v5,zero_response,shell_mae,2hlp_A,,,,0.28514007248408674,0.4768853171009633,-0.1917452446168766,,,,,,,,,
base_v5,zero_response,shell_mae,2o94_B,,,,0.19750983527533064,0.39444877446696,-0.19693893919162933,,,,,,,,,
base_v5,zero_response,shell_mae,2ouv_B,,,,0.17342363215499018,0.27140611921969415,-0.09798248706470397,,,,,,,,,
base_v5,zero_response,shell_mae,2pp3_B,,,,0.1709706360460029,0.15482562893406507,0.016145007111937837,,,,,,,,,
base_v5,zero_response,shell_mae,2xhn_B,,,,0.11842343071904537,0.0807047420316656,0.03771868868737978,,,,,,,,,
base_v5,zero_response,shell_mae,2ygp_A,,,,0.1968644907510001,0.2949260308045965,-0.09806154005359641,,,,,,,,,
base_v5,zero_response,shell_mae,3a9w_A,,,,0.13975069539714768,0.18513285880972544,-0.04538216341257775,,,,,,,,,
base_v5,zero_response,shell_mae,3ax3_A,,,,0.8420378233473437,1.268551845894104,-0.4265140225467604,,,,,,,,,
base_v5,zero_response,shell_mae,3b8t_A,,,,0.13075289412752325,0.23049121029787448,-0.09973831617035123,,,,,,,,,
base_v5,zero_response,shell_mae,3cfh_B,,,,0.11000384037388129,0.15595915661887902,-0.045955316244997726,,,,,,,,,
base_v5,zero_response,shell_mae,3cyi_A,,,,1.847091554919215,2.206964808111469,-0.35987325319225394,,,,,,,,,
base_v5,zero_response,shell_mae,3dl5_C,,,,0.2394512400088653,0.425097501995238,-0.18564626198637268,,,,,,,,,
base_v5,zero_response,shell_mae,3e44_A,,,,1.0421111694900103,1.3315396389104135,-0.28942846942040323,,,,,,,,,
base_v5,zero_response,shell_mae,3g7j_B,,,,0.2614354814429585,0.35087299736260413,-0.08943751591964566,,,,,,,,,
base_v5,zero_response,shell_mae,3jtq_B,,,,0.10470332575720122,0.2045462918247213,-0.09984296606752009,,,,,,,,,
base_v5,zero_response,shell_mae,3lze_A,,,,0.44313134355326067,0.26862716907437906,0.1745041744788816,,,,,,,,,
base_v5,zero_response,shell_mae,3m0o_B,,,,0.15015599875361552,0.1798989421579725,-0.029742943404356986,,,,,,,,,
base_v5,zero_response,shell_mae,3o98_B,,,,0.14471187883934922,0.3662688348816393,-0.2215569560422901,,,,,,,,,
base_v5,zero_response,shell_mae,3pnv_A,,,,0.42608178869987906,0.6735499320810123,-0.24746814338113327,,,,,,,,,
base_v5,zero_response,shell_mae,3wfz_C,,,,0.09039330548091608,0.20256608679929558,-0.1121727813183795,,,,,,,,,
base_v5,zero_response,shell_mae,3x2y_C,,,,0.3194491923102386,0.5078503651247673,-0.18840117281452873,,,,,,,,,
base_v5,zero_response,shell_mae,3zwb_B,,,,0.15925943419139646,0.3597429047843862,-0.20048347059298974,,,,,,,,,
base_v5,zero_response,shell_mae,4bl2_B,,,,0.49765208425002794,0.7894168540149785,-0.2917647697649506,,,,,,,,,
base_v5,zero_response,shell_mae,4cj8_I,,,,0.4736614048855869,0.718406286172537,-0.2447448812869501,,,,,,,,,
base_v5,zero_response,shell_mae,4cv1_E,,,,0.538326758612298,0.7969560172639399,-0.258629258651642,,,,,,,,,
base_v5,zero_response,shell_mae,4dfx_E,,,,0.9807459823719219,1.3013710940715661,-0.32062511169964425,,,,,,,,,
base_v5,zero_response,shell_mae,4f4m_D,,,,0.17185453351382607,0.3018239571455233,-0.12996942363169722,,,,,,,,,
base_v5,zero_response,shell_mae,4gvr_C,,,,0.20291261452654324,0.3215164928323362,-0.11860387830579294,,,,,,,,,
base_v5,zero_response,shell_mae,4hgq_E,,,,0.32758948429812473,0.2896468508205899,0.03794263347753485,,,,,,,,,
base_v5,zero_response,shell_mae,4ok4_B,,,,0.2164577294279512,0.34196936343568424,-0.12551163400773305,,,,,,,,,
base_v5,zero_response,shell_mae,4p4h_A,,,,0.2916846904111855,0.5825114384974406,-0.2908267480862551,,,,,,,,,
base_v5,zero_response,shell_mae,4wef_A,,,,0.12537465656421384,0.2624581776066493,-0.13708352104243546,,,,,,,,,
base_v5,zero_response,shell_mae,4x88_A,,,,0.1709335799583866,0.21330336089859742,-0.04236978094021082,,,,,,,,,
base_v5,zero_response,shell_mae,4xy5_A,,,,0.10433135297576597,0.2115901868268979,-0.10725883385113193,,,,,,,,,
base_v5,zero_response,shell_mae,5hgv_C,,,,0.23663336906349877,0.10984454973488635,0.1267888193286124,,,,,,,,,
base_v5,zero_response,shell_mae,5mdw_6,,,,0.30539544674649577,0.7312668592025313,-0.42587141245603555,,,,,,,,,
base_v5,zero_response,shell_mae,5tnf_C,,,,0.11869617174570901,0.24431762027264603,-0.12562144852693702,,,,,,,,,
base_v5,zero_response,shell_mae,5vec_B,,,,0.1764264014538507,0.30039902216151104,-0.12397262070766035,,,,,,,,,
base_v5,zero_response,shell_mae,5xuh_A,,,,0.36701343575850215,0.5918316403352121,-0.22481820457670992,,,,,,,,,
base_v5,zero_response,shell_mae,6a1v_A,,,,0.20925948036903128,0.26914470988072503,-0.059885229511693755,,,,,,,,,
base_v5,zero_response,shell_mae,6bau_B,,,,0.1805290678474196,0.2372583541686201,-0.0567292863212005,,,,,,,,,
base_v5,zero_response,shell_mae,6bl6_B,,,,1.3104281349620368,1.6205344833596802,-0.3101063483976434,,,,,,,,,
base_v5,zero_response,shell_mae,6e2j_A,,,,0.4724433528785402,0.776016283853447,-0.3035729309749068,,,,,,,,,
base_v5,zero_response,shell_mae,6ej6_A,,,,0.12417794359552485,0.07604985771240662,0.04812808588311823,,,,,,,,,
base_v5,zero_response,shell_mae,6i7u_A,,,,0.17533119369643332,0.3189486432496732,-0.14361744955323988,,,,,,,,,
base_v5,zero_response,shell_mae,6k0q_A,,,,0.08130388274594266,0.11871013538548293,-0.03740625263954027,,,,,,,,,
base_v5,zero_response,shell_mae,6l7d_A,,,,0.7195447782242487,0.9300340381109853,-0.2104892598867366,,,,,,,,,
base_v5,zero_response,shell_mae,6m4l_A,,,,0.1127112115897885,0.2177716193348503,-0.10506040774506181,,,,,,,,,
base_v5,zero_response,shell_mae,6o4b_G,,,,0.2712306504264474,0.4409312105979256,-0.16970056017147822,,,,,,,,,
base_v5,zero_response,shell_mae,6r6n_B,,,,0.11046947070278496,0.3357986598409207,-0.22532918913813577,,,,,,,,,
base_v5,zero_response,shell_mae,6uau_A,,,,0.08492005005384794,0.21556363382015534,-0.13064358376630741,,,,,,,,,
base_v5,zero_response,shell_mae,6zy0_A,,,,0.11105360472297847,0.14959522900768904,-0.03854162428471057,,,,,,,,,
base_v5,zero_response,shell_mae,7bbx_A,,,,0.2554263252492812,0.14456266832453085,0.11086365692475036,,,,,,,,,
base_v5,zero_response,shell_mae,7bxo_B,,,,0.9954496344269217,1.4630334917875458,-0.46758385736062413,,,,,,,,,
base_v5,zero_response,shell_mae,7dwo_B,,,,1.5273058220130618,1.9376592320060344,-0.41035340999297265,,,,,,,,,
base_v5,zero_response,shell_mae,7m8h_C,,,,0.14727182481953804,0.14875520401858036,-0.0014833791990423173,,,,,,,,,
base_v5,zero_response,shell_mae,7n6n_A,,,,0.36055837226155113,0.6318235316326655,-0.27126515937111434,,,,,,,,,
base_v5,zero_response,shell_mae,7nlg_C,,,,0.24005687828052338,0.39790671693825236,-0.15784983865772897,,,,,,,,,
base_v5,zero_response,shell_mae,7o58_B,,,,0.8037799932686585,1.0429466835329537,-0.23916669026429527,,,,,,,,,
base_v5,zero_response,shell_mae,7sj1_C,,,,0.5983057201906559,0.8961765909055139,-0.29787087071485807,,,,,,,,,
base_v5,zero_response,shell_mae,7sp0_B,,,,0.4972868664176963,0.19261089185820823,0.3046759745594881,,,,,,,,,
base_v5,zero_response,shell_mae,7vns_A,,,,0.27238607998384384,0.3818839797524506,-0.10949789976860674,,,,,,,,,
base_v5,zero_response,shell_mae,8eip_B,,,,0.12703308839402103,0.1492372903675074,-0.02220420197348638,,,,,,,,,
base_v5,zero_response,shell_mae,8eqo_B,,,,0.4737462781855824,0.7369263576577068,-0.26318007947212435,,,,,,,,,
base_v5,zero_response,shell_mae,8f79_A,,,,2.1604931410587658,2.554890172708259,-0.39439703164949336,,,,,,,,,
base_v5,zero_response,shell_mae,8jce_G,,,,0.13582322722514967,0.36992787814034134,-0.23410465091519167,,,,,,,,,
base_v5,zero_response,shell_mae,8ka0_C,,,,0.3500355907235956,0.6585909180197774,-0.30855532729618185,,,,,,,,,
base_v5,zero_response,shell_mae,8r3c_A,,,,0.20105624902861247,0.2955857783120513,-0.09452952928343883,,,,,,,,,
base_v5,zero_response,shell_mae,8t06_A,,,,0.34223703024051555,0.6120606838974665,-0.26982365365695093,,,,,,,,,
base_v5,zero_response,shell_mae,8up8_C,,,,0.3100081191259198,0.3103660727541703,-0.0003579536282504736,,,,,,,,,
base_v5,zero_response,shell_mae,8wkd_A,,,,0.7524088247655294,1.5117319828888656,-0.7593231581233362,,,,,,,,,
base_v5,zero_response,shell_mae,8x84_C,,,,1.0045253183322995,1.518867245818968,-0.5143419274866685,,,,,,,,,
base_v5,zero_response,shell_mae,9bc6_C,,,,0.43961795565520356,0.7426200419656831,-0.30300208631047953,,,,,,,,,
base_v5,zero_response,shell_mae,9cp9_B,,,,0.11277365701819958,0.18682378263719043,-0.07405012561899085,,,,,,,,,
base_v5,zero_response,shell_mae,9hkm_C,,,,1.0750828009975433,1.3439600705171317,-0.26887726951958846,,,,,,,,,
base_v5,zero_response,shell_mae,9j83_A,,,,1.1756373602080417,1.670871789532395,-0.49523442932435335,,,,,,,,,
base_v5,zero_response,shell_mae,9m80_B,,,,0.25128525928390655,0.4528845620549613,-0.20159930277105476,,,,,,,,,
base_v5,zero_response,shell_mae,9r2f_C,,,,7.195597653421799,8.071569400632175,-0.8759717472103761,,,,,,,,,
base_v5,zero_response,shell_mae,9sd5_A,,,,0.15472904439888732,0.30844671849134964,-0.15371767409246231,,,,,,,,,
base_v5,zero_response,shell_mae,9swq_B,,,,0.5801972591203144,0.8642021084632346,-0.28400484934292025,,,,,,,,,
base_v5,zero_response,shell_mae,9va6_A,,,,0.737637812861499,1.0764674728030603,-0.33882965994156133,,,,,,,,,
base_v5,zero_response,perturbed_auprc,1ct1_E,,,,,,,0.3134563158590995,0.07775615169435732,0.23570016416474218,,,,,,
base_v5,zero_response,perturbed_auprc,1gyr_C,,,,,,,0.24137613426451912,0.11978021978021978,0.12159591448429934,,,,,,
base_v5,zero_response,perturbed_auprc,1h7x_D,,,,,,,0.19274419423603859,0.02603921167116132,0.16670498256487726,,,,,,
base_v5,zero_response,perturbed_auprc,1ild_A,,,,,,,0.5645833333333333,0.007782101167315175,0.5568012321660182,,,,,,
base_v5,zero_response,perturbed_auprc,1jll_E,,,,,,,0.23809012511812375,0.05413831716549617,0.18395180795262758,,,,,,
base_v5,zero_response,perturbed_auprc,1me5_B,,,,,,,0.25466488198553144,0.08477842003853564,0.1698864619469958,,,,,,
base_v5,zero_response,perturbed_auprc,1mjy_A,,,,,,,0.4541484793144144,0.15729323308270676,0.2968552462317076,,,,,,
base_v5,zero_response,perturbed_auprc,1u5o_A,,,,,,,0.4696348553005658,0.1451741757753488,0.324460679525217,,,,,,
base_v5,zero_response,perturbed_auprc,1vyd_B,,,,,,,0.525,0.008620689655172414,0.5163793103448276,,,,,,
base_v5,zero_response,perturbed_auprc,1vzi_B,,,,,,,0.03600564523406963,0.011384615384615384,0.024621029849454246,,,,,,
base_v5,zero_response,perturbed_auprc,1y39_A,,,,,,,0.03125,0.013513513513513514,0.017736486486486486,,,,,,
base_v5,zero_response,perturbed_auprc,1z73_A,,,,,,,,,,,,,,,
base_v5,zero_response,perturbed_auprc,1z8u_A,,,,,,,0.738429427715142,0.07777777777777778,0.6606516499373642,,,,,,
base_v5,zero_response,perturbed_auprc,2a6x_B,,,,,,,0.08354174561071112,0.0182648401826484,0.06527690542806272,,,,,,
base_v5,zero_response,perturbed_auprc,2awi_L,,,,,,,0.41920676212018826,0.07808219178082192,0.34112457033936633,,,,,,
base_v5,zero_response,perturbed_auprc,2bek_D,,,,,,,0.32037350802098347,0.04451821586653047,0.275855292154453,,,,,,
base_v5,zero_response,perturbed_auprc,2d5g_D,,,,,,,0.37400157590947064,0.06927710843373494,0.30472446747573567,,,,,,
base_v5,zero_response,perturbed_auprc,2eyp_A,,,,,,,0.19286477542122732,0.05074134592108449,0.14212342950014284,,,,,,
base_v5,zero_response,perturbed_auprc,2hlp_A,,,,,,,0.416640731516609,0.07543627183078343,0.3412044596858256,,,,,,
base_v5,zero_response,perturbed_auprc,2o94_B,,,,,,,0.11005739930191405,0.023529411764705882,0.08652798753720817,,,,,,
base_v5,zero_response,perturbed_auprc,2ouv_B,,,,,,,0.1498679132296457,0.04452494008049564,0.10534297314915007,,,,,,
base_v5,zero_response,perturbed_auprc,2pp3_B,,,,,,,0.20226953438104806,0.0090014064697609,0.19326812791128717,,,,,,
base_v5,zero_response,perturbed_auprc,2xhn_B,,,,,,,,,,,,,,,
base_v5,zero_response,perturbed_auprc,2ygp_A,,,,,,,1.0,0.005747126436781609,0.9942528735632183,,,,,,
base_v5,zero_response,perturbed_auprc,3a9w_A,,,,,,,0.40328074227772776,0.007496602642233711,0.395784139635494,,,,,,
base_v5,zero_response,perturbed_auprc,3ax3_A,,,,,,,0.6341463820877774,0.3434343434343434,0.290712038653434,,,,,,
base_v5,zero_response,perturbed_auprc,3b8t_A,,,,,,,0.4191750743020686,0.0054453590510541066,0.4137297152510145,,,,,,
base_v5,zero_response,perturbed_auprc,3cfh_B,,,,,,,0.11305187783231262,0.015691543741784723,0.0973603340905279,,,,,,
base_v5,zero_response,perturbed_auprc,3cyi_A,,,,,,,0.9132953742525431,0.8504672897196262,0.062828084532917,,,,,,
base_v5,zero_response,perturbed_auprc,3dl5_C,,,,,,,0.2510934664403442,0.039587318412025216,0.21150614802831896,,,,,,
base_v5,zero_response,perturbed_auprc,3e44_A,,,,,,,0.6584517001764231,0.3141151291878304,0.34433657098859266,,,,,,
base_v5,zero_response,perturbed_auprc,3g7j_B,,,,,,,0.29363711535523923,0.03949158657905962,0.25414552877617963,,,,,,
base_v5,zero_response,perturbed_auprc,3jtq_B,,,,,,,0.6946923123862778,0.017241379310344827,0.677450933075933,,,,,,
base_v5,zero_response,perturbed_auprc,3lze_A,,,,,,,,,,,,,,,
base_v5,zero_response,perturbed_auprc,3m0o_B,,,,,,,0.23637662732995787,0.01917907644464552,0.21719755088531234,,,,,,
base_v5,zero_response,perturbed_auprc,3o98_B,,,,,,,0.05263157894736842,0.001658374792703151,0.05097320415466527,,,,,,
base_v5,zero_response,perturbed_auprc,3pnv_A,,,,,,,0.4606789480311611,0.23385987097327302,0.2268190770578881,,,,,,
base_v5,zero_response,perturbed_auprc,3wfz_C,,,,,,,0.02477802828022464,0.011759851826227335,0.013018176453997304,,,,,,
base_v5,zero_response,perturbed_auprc,3x2y_C,,,,,,,0.2024684907048265,0.03659776347001017,0.16587072723481633,,,,,,
base_v5,zero_response,perturbed_auprc,3zwb_B,,,,,,,0.17676873920407704,0.03237211590360952,0.1443966233004675,,,,,,
base_v5,zero_response,perturbed_auprc,4bl2_B,,,,,,,0.4475071927738763,0.1717137590578811,0.2757934337159952,,,,,,
base_v5,zero_response,perturbed_auprc,4cj8_I,,,,,,,0.4322200560802091,0.1610761939106692,0.2711438621695399,,,,,,
base_v5,zero_response,perturbed_auprc,4cv1_E,,,,,,,0.5245755378539387,0.10221094541551694,0.4223645924384218,,,,,,
base_v5,zero_response,perturbed_auprc,4dfx_E,,,,,,,0.23410649964651975,0.03554274735830932,0.19856375228821044,,,,,,
base_v5,zero_response,perturbed_auprc,4f4m_D,,,,,,,0.35512330728714153,0.06378715869909607,0.29133614858804546,,,,,,
base_v5,zero_response,perturbed_auprc,4gvr_C,,,,,,,0.16628815812281608,0.07120181405895691,0.09508634406385917,,,,,,
base_v5,zero_response,perturbed_auprc,4hgq_E,,,,,,,0.30187471546570144,0.009885439763488544,0.2919892757022129,,,,,,
base_v5,zero_response,perturbed_auprc,4ok4_B,,,,,,,0.26028795345241335,0.0926470526751483,0.16764090077726504,,,,,,
base_v5,zero_response,perturbed_auprc,4p4h_A,,,,,,,0.28941630789667905,0.1848404255319149,0.10457588236476414,,,,,,
base_v5,zero_response,perturbed_auprc,4wef_A,,,,,,,0.3476600579622031,0.029070560938992768,0.3185894970232104,,,,,,
base_v5,zero_response,perturbed_auprc,4x88_A,,,,,,,0.5341269841269841,0.013163454902585336,0.5209635292243988,,,,,,
base_v5,zero_response,perturbed_auprc,4xy5_A,,,,,,,0.9165743816906607,0.013774104683195593,0.9028002770074651,,,,,,
base_v5,zero_response,perturbed_auprc,5hgv_C,,,,,,,0.005489916339113827,0.002442912139131425,0.0030470041999824025,,,,,,
base_v5,zero_response,perturbed_auprc,5mdw_6,,,,,,,0.20772910812384499,0.21875,-0.011020891876155015,,,,,,
base_v5,zero_response,perturbed_auprc,5tnf_C,,,,,,,0.35437640503574763,0.01304021949268418,0.34133618554306344,,,,,,
base_v5,zero_response,perturbed_auprc,5vec_B,,,,,,,0.316316608887617,0.022754137115839245,0.29356247177177774,,,,,,
base_v5,zero_response,perturbed_auprc,5xuh_A,,,,,,,0.42530367640676636,0.208,0.21730367640676637,,,,,,
base_v5,zero_response,perturbed_auprc,6a1v_A,,,,,,,0.5693776249893892,0.03256794854852209,0.5368096764408671,,,,,,
base_v5,zero_response,perturbed_auprc,6bau_B,,,,,,,0.060704107376824946,0.02696078431372549,0.033743323063099455,,,,,,
base_v5,zero_response,perturbed_auprc,6bl6_B,,,,,,,0.5058179560023025,0.45577691428570655,0.05004104171659596,,,,,,
base_v5,zero_response,perturbed_auprc,6e2j_A,,,,,,,0.43377014312288825,0.11214953271028037,0.32162061041260787,,,,,,
base_v5,zero_response,perturbed_auprc,6ej6_A,,,,,,,,,,,,,,,
base_v5,zero_response,perturbed_auprc,6i7u_A,,,,,,,0.15127060641658846,0.05913978494623656,0.0921308214703519,,,,,,
base_v5,zero_response,perturbed_auprc,6k0q_A,,,,,,,0.013250233357724493,0.0026833631484794278,0.010566870209245065,,,,,,
base_v5,zero_response,perturbed_auprc,6l7d_A,,,,,,,0.5562057273643677,0.12442015434147968,0.431785573022888,,,,,,
base_v5,zero_response,perturbed_auprc,6m4l_A,,,,,,,0.04396722539477236,0.010080645161290322,0.03388658023348204,,,,,,
base_v5,zero_response,perturbed_auprc,6o4b_G,,,,,,,0.31028265128272947,0.04113936599210557,0.2691432852906239,,,,,,
base_v5,zero_response,perturbed_auprc,6r6n_B,,,,,,,0.53125,0.01,0.52125,,,,,,
base_v5,zero_response,perturbed_auprc,6uau_A,,,,,,,0.464815479955423,0.017980636237897647,0.44683484371752535,,,,,,
base_v5,zero_response,perturbed_auprc,6zy0_A,,,,,,,0.25,0.0014265335235378032,0.2485734664764622,,,,,,
base_v5,zero_response,perturbed_auprc,7bbx_A,,,,,,,,,,,,,,,
base_v5,zero_response,perturbed_auprc,7bxo_B,,,,,,,0.5671835714169473,0.13173192371665654,0.43545164770029077,,,,,,
base_v5,zero_response,perturbed_auprc,7dwo_B,,,,,,,0.7370618658274425,0.634417808219178,0.10264405760826445,,,,,,
base_v5,zero_response,perturbed_auprc,7m8h_C,,,,,,,0.3235575285049727,0.009070294784580497,0.3144872337203922,,,,,,
base_v5,zero_response,perturbed_auprc,7n6n_A,,,,,,,0.41569272473665453,0.1814450993774359,0.23424762535921864,,,,,,
base_v5,zero_response,perturbed_auprc,7nlg_C,,,,,,,0.3271109246972894,0.0989010989010989,0.22820982579619054,,,,,,
base_v5,zero_response,perturbed_auprc,7o58_B,,,,,,,0.8292801124814776,0.49724517906336085,0.33203493341811674,,,,,,
base_v5,zero_response,perturbed_auprc,7sj1_C,,,,,,,0.4658852781411746,0.47959183673469385,-0.013706558593519269,,,,,,
base_v5,zero_response,perturbed_auprc,7sp0_B,,,,,,,1.0,0.004098360655737705,0.9959016393442623,,,,,,
base_v5,zero_response,perturbed_auprc,7vns_A,,,,,,,0.3863549499268197,0.04955621301775148,0.3367987369090682,,,,,,
base_v5,zero_response,perturbed_auprc,8eip_B,,,,,,,0.6496415770609318,0.007320989512770336,0.6423205875481615,,,,,,
base_v5,zero_response,perturbed_auprc,8eqo_B,,,,,,,0.45511964665825894,0.1869368647312343,0.2681827819270246,,,,,,
base_v5,zero_response,perturbed_auprc,8f79_A,,,,,,,0.7577481810936562,0.668580749171432,0.0891674319222242,,,,,,
base_v5,zero_response,perturbed_auprc,8jce_G,,,,,,,0.25845124157362576,0.026490066225165563,0.2319611753484602,,,,,,
base_v5,zero_response,perturbed_auprc,8ka0_C,,,,,,,0.6830820760715498,0.4012345679012346,0.28184750817031523,,,,,,
base_v5,zero_response,perturbed_auprc,8r3c_A,,,,,,,0.48837488015340363,0.026131657860916747,0.4622432222924869,,,,,,
base_v5,zero_response,perturbed_auprc,8t06_A,,,,,,,0.304490000486448,0.06972361809045226,0.23476638239599573,,,,,,
base_v5,zero_response,perturbed_auprc,8up8_C,,,,,,,0.292335079973897,0.06339468302658487,0.22894039694731216,,,,,,
base_v5,zero_response,perturbed_auprc,8wkd_A,,,,,,,0.4651381020279811,0.2916666666666667,0.17347143536131443,,,,,,
base_v5,zero_response,perturbed_auprc,8x84_C,,,,,,,0.4893810559083164,0.06561679790026247,0.4237642580080539,,,,,,
base_v5,zero_response,perturbed_auprc,9bc6_C,,,,,,,0.3527197917904569,0.3285123966942149,0.024207395096242035,,,,,,
base_v5,zero_response,perturbed_auprc,9cp9_B,,,,,,,0.15481458251344615,0.006167866222651914,0.14864671629079423,,,,,,
base_v5,zero_response,perturbed_auprc,9hkm_C,,,,,,,0.3500768660556095,0.16217306376223237,0.18790380229337714,,,,,,
base_v5,zero_response,perturbed_auprc,9j83_A,,,,,,,0.9304033035264607,0.8782201405152225,0.052183163011238265,,,,,,
base_v5,zero_response,perturbed_auprc,9m80_B,,,,,,,0.44420128174524687,0.06309808612440192,0.38110319562084494,,,,,,
base_v5,zero_response,perturbed_auprc,9r2f_C,,,,,,,,,,,,,,,
base_v5,zero_response,perturbed_auprc,9sd5_A,,,,,,,0.29644565022536384,0.023323615160349854,0.273122035065014,,,,,,
base_v5,zero_response,perturbed_auprc,9swq_B,,,,,,,0.5986789016398075,0.5046728971962616,0.0940060044435459,,,,,,
base_v5,zero_response,perturbed_auprc,9va6_A,,,,,,,0.31198783134284896,0.22424242424242424,0.08774540710042472,,,,,,
base_v5,zero_response,derived_radius_mae,1ct1_E,,,,,,,,,,26.22122393282663,27.009650470271254,-0.7884265374446251,,,
base_v5,zero_response,derived_radius_mae,1gyr_C,,,,,,,,,,39.562649726867676,39.562649726867676,0.0,,,
base_v5,zero_response,derived_radius_mae,1h7x_D,,,,,,,,,,80.03887315229936,80.03887315229936,0.0,,,
base_v5,zero_response,derived_radius_mae,1ild_A,,,,,,,,,,32.0631103515625,32.0631103515625,0.0,,,
base_v5,zero_response,derived_radius_mae,1jll_E,,,,,,,,,,31.290436137806285,52.85120912031694,-21.560772982510652,,,
base_v5,zero_response,derived_radius_mae,1me5_B,,,,,,,,,,34.087395985921226,34.087395985921226,0.0,,,
base_v5,zero_response,derived_radius_mae,1mjy_A,,,,,,,,,,23.571336327937612,23.571336327937612,0.0,,,
base_v5,zero_response,derived_radius_mae,1u5o_A,,,,,,,,,,8.679454061720106,21.056103282504612,-12.376649220784506,,,
base_v5,zero_response,derived_radius_mae,1vyd_B,,,,,,,,,,11.682313919067383,11.682313919067383,0.0,,,
base_v5,zero_response,derived_radius_mae,1vzi_B,,,,,,,,,,16.99758849143982,16.99758849143982,0.0,,,
base_v5,zero_response,derived_radius_mae,1y39_A,,,,,,,,,,0.0,0.0,0.0,,,
base_v5,zero_response,derived_radius_mae,1z73_A,,,,,,,,,,0.0,0.0,0.0,,,
base_v5,zero_response,derived_radius_mae,1z8u_A,,,,,,,,,,40.69789493083954,43.61150932312012,-2.9136143922805786,,,
base_v5,zero_response,derived_radius_mae,2a6x_B,,,,,,,,,,17.218212127685547,17.218212127685547,0.0,,,
base_v5,zero_response,derived_radius_mae,2awi_L,,,,,,,,,,41.47215805053711,41.47215805053711,0.0,,,
base_v5,zero_response,derived_radius_mae,2bek_D,,,,,,,,,,31.227688831753202,31.227688831753202,0.0,,,
base_v5,zero_response,derived_radius_mae,2d5g_D,,,,,,,,,,22.99198627471924,22.99198627471924,0.0,,,
base_v5,zero_response,derived_radius_mae,2eyp_A,,,,,,,,,,14.493084315595956,15.423744070118872,-0.9306597545229156,,,
base_v5,zero_response,derived_radius_mae,2hlp_A,,,,,,,,,,43.031165418608175,43.73156566920506,-0.7004002505968856,,,
base_v5,zero_response,derived_radius_mae,2o94_B,,,,,,,,,,28.4301016330719,28.4301016330719,0.0,,,
base_v5,zero_response,derived_radius_mae,2ouv_B,,,,,,,,,,30.5053034695712,30.5053034695712,0.0,,,
base_v5,zero_response,derived_radius_mae,2pp3_B,,,,,,,,,,40.51922728220622,41.932623291015624,-1.413396008809407,,,
base_v5,zero_response,derived_radius_mae,2xhn_B,,,,,,,,,,0.0,0.0,0.0,,,
base_v5,zero_response,derived_radius_mae,2ygp_A,,,,,,,,,,30.54112434387207,30.54112434387207,0.0,,,
base_v5,zero_response,derived_radius_mae,3a9w_A,,,,,,,,,,27.943183263142902,27.943183263142902,0.0,,,
base_v5,zero_response,derived_radius_mae,3ax3_A,,,,,,,,,,22.731449445088703,22.731449445088703,0.0,,,
base_v5,zero_response,derived_radius_mae,3b8t_A,,,,,,,,,,25.997915074510395,25.997915074510395,0.0,,,
base_v5,zero_response,derived_radius_mae,3cfh_B,,,,,,,,,,17.798782634735108,17.798782634735108,0.0,,,
base_v5,zero_response,derived_radius_mae,3cyi_A,,,,,,,,,,16.565554089016384,29.79861217074924,-13.233058081732857,,,
base_v5,zero_response,derived_radius_mae,3dl5_C,,,,,,,,,,16.4854181910816,63.004932503951224,-46.519514312869624,,,
base_v5,zero_response,derived_radius_mae,3e44_A,,,,,,,,,,46.82238006591797,46.82238006591797,0.0,,,
base_v5,zero_response,derived_radius_mae,3g7j_B,,,,,,,,,,12.49513041973114,12.49513041973114,0.0,,,
base_v5,zero_response,derived_radius_mae,3jtq_B,,,,,,,,,,25.843168258666992,25.843168258666992,0.0,,,
base_v5,zero_response,derived_radius_mae,3lze_A,,,,,,,,,,50.91887664794922,0.0,50.91887664794922,,,
base_v5,zero_response,derived_radius_mae,3m0o_B,,,,,,,,,,20.690383830992115,34.8729331874046,-14.182549356412483,,,
base_v5,zero_response,derived_radius_mae,3o98_B,,,,,,,,,,42.439449310302734,42.439449310302734,0.0,,,
base_v5,zero_response,derived_radius_mae,3pnv_A,,,,,,,,,,67.00126775105794,67.00126775105794,0.0,,,
base_v5,zero_response,derived_radius_mae,3wfz_C,,,,,,,,,,41.76523303985596,41.76523303985596,0.0,,,
base_v5,zero_response,derived_radius_mae,3x2y_C,,,,,,,,,,17.662153879801433,17.662153879801433,0.0,,,
base_v5,zero_response,derived_radius_mae,3zwb_B,,,,,,,,,,49.847237723214285,49.847237723214285,0.0,,,
base_v5,zero_response,derived_radius_mae,4bl2_B,,,,,,,,,,5.883495431197317,86.55384876853542,-80.6703533373381,,,
base_v5,zero_response,derived_radius_mae,4cj8_I,,,,,,,,,,33.61017608642578,33.61017608642578,0.0,,,
base_v5,zero_response,derived_radius_mae,4cv1_E,,,,,,,,,,31.12730160471081,35.2492806001227,-4.121978995411894,,,
base_v5,zero_response,derived_radius_mae,4dfx_E,,,,,,,,,,18.141690254211426,36.39386908213297,-18.252178827921547,,,
base_v5,zero_response,derived_radius_mae,4f4m_D,,,,,,,,,,18.310216406117316,18.310216406117316,0.0,,,
base_v5,zero_response,derived_radius_mae,4gvr_C,,,,,,,,,,13.69410228729248,21.827998797098797,-8.133896509806316,,,
base_v5,zero_response,derived_radius_mae,4hgq_E,,,,,,,,,,15.087509373823801,24.832160731156666,-9.744651357332865,,,
base_v5,zero_response,derived_radius_mae,4ok4_B,,,,,,,,,,44.203465938568115,44.203465938568115,0.0,,,
base_v5,zero_response,derived_radius_mae,4p4h_A,,,,,,,,,,36.8932728767395,36.8932728767395,0.0,,,
base_v5,zero_response,derived_radius_mae,4wef_A,,,,,,,,,,31.315160179138182,31.315160179138182,0.0,,,
base_v5,zero_response,derived_radius_mae,4x88_A,,,,,,,,,,2.240385084441214,2.240385084441214,0.0,,,
base_v5,zero_response,derived_radius_mae,4xy5_A,,,,,,,,,,26.470184961954754,26.470184961954754,0.0,,,
base_v5,zero_response,derived_radius_mae,5hgv_C,,,,,,,,,,14.587264060974121,23.316757202148438,-8.729493141174316,,,
base_v5,zero_response,derived_radius_mae,5mdw_6,,,,,,,,,,11.302181243896484,33.24297332763672,-21.940792083740234,,,
base_v5,zero_response,derived_radius_mae,5tnf_C,,,,,,,,,,19.2394905949043,19.2394905949043,0.0,,,
base_v5,zero_response,derived_radius_mae,5vec_B,,,,,,,,,,52.37406857808431,52.37406857808431,0.0,,,
base_v5,zero_response,derived_radius_mae,5xuh_A,,,,,,,,,,23.93380355834961,23.93380355834961,0.0,,,
base_v5,zero_response,derived_radius_mae,6a1v_A,,,,,,,,,,23.122143665949505,21.02190645535787,2.1002372105916365,,,
base_v5,zero_response,derived_radius_mae,6bau_B,,,,,,,,,,8.02792485555013,8.02792485555013,0.0,,,
base_v5,zero_response,derived_radius_mae,6bl6_B,,,,,,,,,,25.89215047308739,80.12193574296667,-54.22978526987928,,,
base_v5,zero_response,derived_radius_mae,6e2j_A,,,,,,,,,,0.5886077880859375,145.72537231445312,-145.1367645263672,,,
base_v5,zero_response,derived_radius_mae,6ej6_A,,,,,,,,,,0.0,0.0,0.0,,,
base_v5,zero_response,derived_radius_mae,6i7u_A,,,,,,,,,,45.484169006347656,45.484169006347656,0.0,,,
base_v5,zero_response,derived_radius_mae,6k0q_A,,,,,,,,,,11.812048435211182,11.812048435211182,0.0,,,
base_v5,zero_response,derived_radius_mae,6l7d_A,,,,,,,,,,34.66973231537173,34.66973231537173,0.0,,,
base_v5,zero_response,derived_radius_mae,6m4l_A,,,,,,,,,,36.23588180541992,36.23588180541992,0.0,,,
base_v5,zero_response,derived_radius_mae,6o4b_G,,,,,,,,,,53.127310793411326,53.127310793411326,0.0,,,
base_v5,zero_response,derived_radius_mae,6r6n_B,,,,,,,,,,24.782733917236328,24.782733917236328,0.0,,,
base_v5,zero_response,derived_radius_mae,6uau_A,,,,,,,,,,26.013817469278973,26.013817469278973,0.0,,,
base_v5,zero_response,derived_radius_mae,6zy0_A,,,,,,,,,,9.435430526733398,28.01908302307129,-18.58365249633789,,,
base_v5,zero_response,derived_radius_mae,7bbx_A,,,,,,,,,,0.0,0.0,0.0,,,
base_v5,zero_response,derived_radius_mae,7bxo_B,,,,,,,,,,26.726096066561613,33.93557288429954,-7.209476817737926,,,
base_v5,zero_response,derived_radius_mae,7dwo_B,,,,,,,,,,13.742589950561523,68.64007949829102,-54.89748954772949,,,
base_v5,zero_response,derived_radius_mae,7m8h_C,,,,,,,,,,17.537354826927185,17.537354826927185,0.0,,,
base_v5,zero_response,derived_radius_mae,7n6n_A,,,,,,,,,,28.33567015319512,47.60965616577541,-19.27398601258029,,,
base_v5,zero_response,derived_radius_mae,7nlg_C,,,,,,,,,,2.919854300362723,2.919854300362723,0.0,,,
base_v5,zero_response,derived_radius_mae,7o58_B,,,,,,,,,,32.793346325556435,32.793346325556435,0.0,,,
base_v5,zero_response,derived_radius_mae,7sj1_C,,,,,,,,,,0.0,48.44914722442627,-48.44914722442627,,,
base_v5,zero_response,derived_radius_mae,7sp0_B,,,,,,,,,,0.0,56.826961517333984,-56.826961517333984,,,
base_v5,zero_response,derived_radius_mae,7vns_A,,,,,,,,,,3.4188308715820317,22.53256058692932,-19.11372971534729,,,
base_v5,zero_response,derived_radius_mae,8eip_B,,,,,,,,,,13.936768531799316,13.936768531799316,0.0,,,
base_v5,zero_response,derived_radius_mae,8eqo_B,,,,,,,,,,17.24411379650411,28.58547497670585,-11.34136118020174,,,
base_v5,zero_response,derived_radius_mae,8f79_A,,,,,,,,,,131.24072202046713,131.24072202046713,0.0,,,
base_v5,zero_response,derived_radius_mae,8jce_G,,,,,,,,,,56.53575642903646,56.53575642903646,0.0,,,
base_v5,zero_response,derived_radius_mae,8ka0_C,,,,,,,,,,50.01686096191406,50.01686096191406,0.0,,,
base_v5,zero_response,derived_radius_mae,8r3c_A,,,,,,,,,,20.020714925130207,20.020714925130207,0.0,,,
base_v5,zero_response,derived_radius_mae,8t06_A,,,,,,,,,,33.49544906616211,33.49544906616211,0.0,,,
base_v5,zero_response,derived_radius_mae,8up8_C,,,,,,,,,,15.527965545654297,18.71684398651123,-3.188878440856932,,,
base_v5,zero_response,derived_radius_mae,8wkd_A,,,,,,,,,,39.22949421405792,43.032684326171875,-3.8031901121139526,,,
base_v5,zero_response,derived_radius_mae,8x84_C,,,,,,,,,,30.234486937522888,43.161468863487244,-12.926981925964355,,,
base_v5,zero_response,derived_radius_mae,9bc6_C,,,,,,,,,,1.589249610900879,78.3049087524414,-76.71565914154053,,,
base_v5,zero_response,derived_radius_mae,9cp9_B,,,,,,,,,,32.01237678527832,32.01237678527832,0.0,,,
base_v5,zero_response,derived_radius_mae,9hkm_C,,,,,,,,,,48.152000427246094,48.152000427246094,0.0,,,
base_v5,zero_response,derived_radius_mae,9j83_A,,,,,,,,,,3.1034088134765625,66.65164184570312,-63.54823303222656,,,
base_v5,zero_response,derived_radius_mae,9m80_B,,,,,,,,,,52.29926013946533,52.29926013946533,0.0,,,
base_v5,zero_response,derived_radius_mae,9r2f_C,,,,,,,,,,2.5916116502549915,50.59802500406901,-48.00641335381402,,,
base_v5,zero_response,derived_radius_mae,9sd5_A,,,,,,,,,,52.14410018920898,52.14410018920898,0.0,,,
base_v5,zero_response,derived_radius_mae,9swq_B,,,,,,,,,,40.45744609832764,71.04696273803711,-30.589516639709473,,,
base_v5,zero_response,derived_radius_mae,9va6_A,,,,,,,,,,31.261920928955085,31.261920928955085,0.0,,,
base_v5,zero_response,derived_class_macro_f1,1ct1_E,,,,,,,,,,,,,0.003952569169960474,0.11014492753623188,-0.1061923583662714
base_v5,zero_response,derived_class_macro_f1,1gyr_C,,,,,,,,,,,,,0.0,0.0,0.0
base_v5,zero_response,derived_class_macro_f1,1h7x_D,,,,,,,,,,,,,0.09090909090909091,0.09090909090909091,0.0
base_v5,zero_response,derived_class_macro_f1,1ild_A,,,,,,,,,,,,,0.0,0.0,0.0
base_v5,zero_response,derived_class_macro_f1,1jll_E,,,,,,,,,,,,,0.9090909090909091,0.0,0.9090909090909091
base_v5,zero_response,derived_class_macro_f1,1me5_B,,,,,,,,,,,,,0.0,0.0,0.0
base_v5,zero_response,derived_class_macro_f1,1mjy_A,,,,,,,,,,,,,0.0,0.0,0.0
base_v5,zero_response,derived_class_macro_f1,1u5o_A,,,,,,,,,,,,,0.5555555555555556,0.3333333333333333,0.22222222222222227
base_v5,zero_response,derived_class_macro_f1,1vyd_B,,,,,,,,,,,,,0.5,0.5,0.0
base_v5,zero_response,derived_class_macro_f1,1vzi_B,,,,,,,,,,,,,0.35,0.35,0.0
base_v5,zero_response,derived_class_macro_f1,1y39_A,,,,,,,,,,,,,0.0,0.0,0.0
base_v5,zero_response,derived_class_macro_f1,1z73_A,,,,,,,,,,,,,1.0,1.0,0.0
base_v5,zero_response,derived_class_macro_f1,1z8u_A,,,,,,,,,,,,,0.0,0.0,0.0
base_v5,zero_response,derived_class_macro_f1,2a6x_B,,,,,,,,,,,,,0.0,0.0,0.0
base_v5,zero_response,derived_class_macro_f1,2awi_L,,,,,,,,,,,,,0.0,0.0,0.0
base_v5,zero_response,derived_class_macro_f1,2bek_D,,,,,,,,,,,,,0.011111111111111112,0.011111111111111112,0.0
base_v5,zero_response,derived_class_macro_f1,2d5g_D,,,,,,,,,,,,,0.0,0.0,0.0
base_v5,zero_response,derived_class_macro_f1,2eyp_A,,,,,,,,,,,,,0.39655172413793105,0.3793103448275862,0.017241379310344862
base_v5,zero_response,derived_class_macro_f1,2hlp_A,,,,,,,,,,,,,0.043782837127845885,0.02626970227670753,0.017513134851138354
base_v5,zero_response,derived_class_macro_f1,2o94_B,,,,,,,,,,,,,0.375,0.375,0.0
base_v5,zero_response,derived_class_macro_f1,2ouv_B,,,,,,,,,,,,,0.045454545454545456,0.045454545454545456,0.0
base_v5,zero_response,derived_class_macro_f1,2pp3_B,,,,,,,,,,,,,0.0,0.4,-0.4
base_v5,zero_response,derived_class_macro_f1,2xhn_B,,,,,,,,,,,,,1.0,1.0,0.0
base_v5,zero_response,derived_class_macro_f1,2ygp_A,,,,,,,,,,,,,0.0,0.0,0.0
base_v5,zero_response,derived_class_macro_f1,3a9w_A,,,,,,,,,,,,,0.0,0.0,0.0
base_v5,zero_response,derived_class_macro_f1,3ax3_A,,,,,,,,,,,,,0.0,0.0,0.0
base_v5,zero_response,derived_class_macro_f1,3b8t_A,,,,,,,,,,,,,0.2830188679245283,0.2830188679245283,0.0
base_v5,zero_response,derived_class_macro_f1,3cfh_B,,,,,,,,,,,,,0.375,0.375,0.0
base_v5,zero_response,derived_class_macro_f1,3cyi_A,,,,,,,,,,,,,0.7777777777777778,0.0,0.7777777777777778
base_v5,zero_response,derived_class_macro_f1,3dl5_C,,,,,,,,,,,,,0.7631578947368421,0.0,0.7631578947368421
base_v5,zero_response,derived_class_macro_f1,3e44_A,,,,,,,,,,,,,0.0,0.0,0.0
base_v5,zero_response,derived_class_macro_f1,3g7j_B,,,,,,,,,,,,,0.5,0.5625,-0.0625
base_v5,zero_response,derived_class_macro_f1,3jtq_B,,,,,,,,,,,,,0.5,0.5,0.0
base_v5,zero_response,derived_class_macro_f1,3lze_A,,,,,,,,,,,,,0.0,1.0,-1.0
base_v5,zero_response,derived_class_macro_f1,3m0o_B,,,,,,,,,,,,,0.453781512605042,0.16806722689075632,0.2857142857142857
base_v5,zero_response,derived_class_macro_f1,3o98_B,,,,,,,,,,,,,0.0,0.0,0.0
base_v5,zero_response,derived_class_macro_f1,3pnv_A,,,,,,,,,,,,,0.0,0.0,0.0
base_v5,zero_response,derived_class_macro_f1,3wfz_C,,,,,,,,,,,,,0.0,0.0,0.0
base_v5,zero_response,derived_class_macro_f1,3x2y_C,,,,,,,,,,,,,0.0,0.2777777777777778,-0.2777777777777778
base_v5,zero_response,derived_class_macro_f1,3zwb_B,,,,,,,,,,,,,0.0,0.0,0.0
base_v5,zero_response,derived_class_macro_f1,4bl2_B,,,,,,,,,,,,,1.0,0.0,1.0
base_v5,zero_response,derived_class_macro_f1,4cj8_I,,,,,,,,,,,,,0.0,0.0,0.0
base_v5,zero_response,derived_class_macro_f1,4cv1_E,,,,,,,,,,,,,0.25920542635658916,0.006298449612403101,0.25290697674418605
base_v5,zero_response,derived_class_macro_f1,4dfx_E,,,,,,,,,,,,,1.0,0.0,1.0
base_v5,zero_response,derived_class_macro_f1,4f4m_D,,,,,,,,,,,,,0.17391304347826086,0.21739130434782608,-0.043478260869565216
base_v5,zero_response,derived_class_macro_f1,4gvr_C,,,,,,,,,,,,,0.7777777777777778,0.2222222222222222,0.5555555555555556
base_v5,zero_response,derived_class_macro_f1,4hgq_E,,,,,,,,,,,,,0.6875,0.3125,0.375
base_v5,zero_response,derived_class_macro_f1,4ok4_B,,,,,,,,,,,,,0.125,0.125,0.0
base_v5,zero_response,derived_class_macro_f1,4p4h_A,,,,,,,,,,,,,0.0,0.0,0.0
base_v5,zero_response,derived_class_macro_f1,4wef_A,,,,,,,,,,,,,0.15,0.15,0.0
base_v5,zero_response,derived_class_macro_f1,4x88_A,,,,,,,,,,,,,0.9242424242424242,0.9242424242424242,0.0
base_v5,zero_response,derived_class_macro_f1,4xy5_A,,,,,,,,,,,,,0.0,0.0,0.0
base_v5,zero_response,derived_class_macro_f1,5hgv_C,,,,,,,,,,,,,0.75,0.25,0.5
base_v5,zero_response,derived_class_macro_f1,5mdw_6,,,,,,,,,,,,,1.0,0.0,1.0
base_v5,zero_response,derived_class_macro_f1,5tnf_C,,,,,,,,,,,,,0.2319915254237288,0.2319915254237288,0.0
base_v5,zero_response,derived_class_macro_f1,5vec_B,,,,,,,,,,,,,0.0,0.0,0.0
base_v5,zero_response,derived_class_macro_f1,5xuh_A,,,,,,,,,,,,,0.0,0.0,0.0
base_v5,zero_response,derived_class_macro_f1,6a1v_A,,,,,,,,,,,,,0.22916666666666666,0.3333333333333333,-0.10416666666666666
base_v5,zero_response,derived_class_macro_f1,6bau_B,,,,,,,,,,,,,0.0,0.75,-0.75
base_v5,zero_response,derived_class_macro_f1,6bl6_B,,,,,,,,,,,,,0.851063829787234,0.14893617021276595,0.7021276595744681
base_v5,zero_response,derived_class_macro_f1,6e2j_A,,,,,,,,,,,,,1.0,0.0,1.0
base_v5,zero_response,derived_class_macro_f1,6ej6_A,,,,,,,,,,,,,0.0,1.0,-1.0
base_v5,zero_response,derived_class_macro_f1,6i7u_A,,,,,,,,,,,,,0.0,0.0,0.0
base_v5,zero_response,derived_class_macro_f1,6k0q_A,,,,,,,,,,,,,0.5,0.5,0.0
base_v5,zero_response,derived_class_macro_f1,6l7d_A,,,,,,,,,,,,,0.0,0.0,0.0
base_v5,zero_response,derived_class_macro_f1,6m4l_A,,,,,,,,,,,,,0.0,0.0,0.0
base_v5,zero_response,derived_class_macro_f1,6o4b_G,,,,,,,,,,,,,0.04830917874396135,0.04830917874396135,0.0
base_v5,zero_response,derived_class_macro_f1,6r6n_B,,,,,,,,,,,,,0.0,0.0,0.0
base_v5,zero_response,derived_class_macro_f1,6uau_A,,,,,,,,,,,,,0.0,0.0,0.0
base_v5,zero_response,derived_class_macro_f1,6zy0_A,,,,,,,,,,,,,1.0,0.0,1.0
base_v5,zero_response,derived_class_macro_f1,7bbx_A,,,,,,,,,,,,,0.0,1.0,-1.0
base_v5,zero_response,derived_class_macro_f1,7bxo_B,,,,,,,,,,,,,0.18181818181818182,0.045454545454545456,0.13636363636363635
base_v5,zero_response,derived_class_macro_f1,7dwo_B,,,,,,,,,,,,,0.0,0.0,0.0
base_v5,zero_response,derived_class_macro_f1,7m8h_C,,,,,,,,,,,,,0.4375,0.4375,0.0
base_v5,zero_response,derived_class_macro_f1,7n6n_A,,,,,,,,,,,,,0.5088289019687436,0.0042960557472430825,0.5045328462215005
base_v5,zero_response,derived_class_macro_f1,7nlg_C,,,,,,,,,,,,,0.8571428571428571,0.8571428571428571,0.0
base_v5,zero_response,derived_class_macro_f1,7o58_B,,,,,,,,,,,,,0.125,0.125,0.0
base_v5,zero_response,derived_class_macro_f1,7sj1_C,,,,,,,,,,,,,1.0,0.0,1.0
base_v5,zero_response,derived_class_macro_f1,7sp0_B,,,,,,,,,,,,,1.0,0.0,1.0
base_v5,zero_response,derived_class_macro_f1,7vns_A,,,,,,,,,,,,,0.5,0.0,0.5
base_v5,zero_response,derived_class_macro_f1,8eip_B,,,,,,,,,,,,,0.5,0.5,0.0
base_v5,zero_response,derived_class_macro_f1,8eqo_B,,,,,,,,,,,,,0.42021625163827,0.015727391874180863,0.4044888597640891
base_v5,zero_response,derived_class_macro_f1,8f79_A,,,,,,,,,,,,,0.0,0.0,0.0
base_v5,zero_response,derived_class_macro_f1,8jce_G,,,,,,,,,,,,,0.0,0.0,0.0
base_v5,zero_response,derived_class_macro_f1,8ka0_C,,,,,,,,,,,,,0.0,0.0,0.0
base_v5,zero_response,derived_class_macro_f1,8r3c_A,,,,,,,,,,,,,0.006666666666666667,0.006666666666666667,0.0
base_v5,zero_response,derived_class_macro_f1,8t06_A,,,,,,,,,,,,,0.0,0.0,0.0
base_v5,zero_response,derived_class_macro_f1,8up8_C,,,,,,,,,,,,,0.0,0.4,-0.4
base_v5,zero_response,derived_class_macro_f1,8wkd_A,,,,,,,,,,,,,0.0,0.0,0.0
base_v5,zero_response,derived_class_macro_f1,8x84_C,,,,,,,,,,,,,1.0,0.0,1.0
base_v5,zero_response,derived_class_macro_f1,9bc6_C,,,,,,,,,,,,,1.0,0.0,1.0
base_v5,zero_response,derived_class_macro_f1,9cp9_B,,,,,,,,,,,,,0.0,0.0,0.0
base_v5,zero_response,derived_class_macro_f1,9hkm_C,,,,,,,,,,,,,0.0,0.0,0.0
base_v5,zero_response,derived_class_macro_f1,9j83_A,,,,,,,,,,,,,1.0,0.0,1.0
base_v5,zero_response,derived_class_macro_f1,9m80_B,,,,,,,,,,,,,0.0,0.0,0.0
base_v5,zero_response,derived_class_macro_f1,9r2f_C,,,,,,,,,,,,,1.0,0.0,1.0
base_v5,zero_response,derived_class_macro_f1,9sd5_A,,,,,,,,,,,,,0.0,0.0,0.0
base_v5,zero_response,derived_class_macro_f1,9swq_B,,,,,,,,,,,,,1.0,0.0,1.0
base_v5,zero_response,derived_class_macro_f1,9va6_A,,,,,,,,,,,,,0.0,0.0,0.0
base_v5,global_mean,global_mae,1ct1_E,0.2773535816057411,0.4116619812956443,-0.1343083996899032,,,,,,,,,,,,
base_v5,global_mean,global_mae,1gyr_C,0.3646523220836434,0.29367275160495127,0.07097957047869213,,,,,,,,,,,,
base_v5,global_mean,global_mae,1h7x_D,0.18513522668236604,0.4578871468398203,-0.27275192015745425,,,,,,,,,,,,
base_v5,global_mean,global_mae,1ild_A,0.15970983367833647,0.42987925947756156,-0.2701694257992251,,,,,,,,,,,,
base_v5,global_mean,global_mae,1jll_E,0.22554619104010712,0.28636352417845334,-0.060817333138346225,,,,,,,,,,,,
base_v5,global_mean,global_mae,1me5_B,0.2598359432817941,0.34409017740660897,-0.08425423412481486,,,,,,,,,,,,
base_v5,global_mean,global_mae,1mjy_A,0.39436258041871747,0.41437299141711686,-0.020010410998399397,,,,,,,,,,,,
base_v5,global_mean,global_mae,1u5o_A,0.3115856679339157,0.4397016073562219,-0.1281159394223062,,,,,,,,,,,,
base_v5,global_mean,global_mae,1vyd_B,0.14097670481363633,0.39778347910333683,-0.2568067742897005,,,,,,,,,,,,
base_v5,global_mean,global_mae,1vzi_B,0.18632298683961854,0.413897143395152,-0.22757415655553345,,,,,,,,,,,,
base_v5,global_mean,global_mae,1y39_A,0.2109787290462771,0.39498816405397813,-0.18400943500770103,,,,,,,,,,,,
base_v5,global_mean,global_mae,1z73_A,0.06641552078324449,0.4788398107525006,-0.4124242899692561,,,,,,,,,,,,
base_v5,global_mean,global_mae,1z8u_A,0.2822472388493932,0.3699946151787622,-0.08774737632936902,,,,,,,,,,,,
base_v5,global_mean,global_mae,2a6x_B,0.16920783346068097,0.43712797794133834,-0.2679201444806574,,,,,,,,,,,,
base_v5,global_mean,global_mae,2awi_L,0.2255493866764519,0.3085629916456464,-0.08301360496919447,,,,,,,,,,,,
base_v5,global_mean,global_mae,2bek_D,0.17516712583325134,0.33340754176179177,-0.15824041592854043,,,,,,,,,,,,
base_v5,global_mean,global_mae,2d5g_D,0.27948298327714566,0.37859912261546375,-0.09911613933831809,,,,,,,,,,,,
base_v5,global_mean,global_mae,2eyp_A,0.19452737293423103,0.4667862866336527,-0.2722589136994217,,,,,,,,,,,,
base_v5,global_mean,global_mae,2hlp_A,0.31801972003764456,0.40428899331673357,-0.08626927327908901,,,,,,,,,,,,
base_v5,global_mean,global_mae,2o94_B,0.2224696957410368,0.2666323148604373,-0.044162619119400504,,,,,,,,,,,,
base_v5,global_mean,global_mae,2ouv_B,0.19517570462503883,0.3286710697083597,-0.13349536508332085,,,,,,,,,,,,
base_v5,global_mean,global_mae,2pp3_B,0.11384525143993303,0.47717205323341777,-0.36332680179348475,,,,,,,,,,,,
base_v5,global_mean,global_mae,2xhn_B,0.13406192656518437,0.5519803675610249,-0.4179184409958405,,,,,,,,,,,,
base_v5,global_mean,global_mae,2ygp_A,0.2289951940109932,0.44106950710966497,-0.21207431309867178,,,,,,,,,,,,
base_v5,global_mean,global_mae,3a9w_A,0.1395984046544669,0.4442977908070837,-0.3046993861526168,,,,,,,,,,,,
base_v5,global_mean,global_mae,3ax3_A,0.666376341360085,0.6080550484434523,0.05832129291663268,,,,,,,,,,,,
base_v5,global_mean,global_mae,3b8t_A,0.12208701594584816,0.4749221470646171,-0.35283513111876896,,,,,,,,,,,,
base_v5,global_mean,global_mae,3cfh_B,0.12510215774407757,0.4809155065011594,-0.3558133487570818,,,,,,,,,,,,
base_v5,global_mean,global_mae,3cyi_A,2.2016246515526396,1.968717284728836,0.23290736682380375,,,,,,,,,,,,
base_v5,global_mean,global_mae,3dl5_C,0.22750206837714657,0.347441042268605,-0.11993897389145844,,,,,,,,,,,,
base_v5,global_mean,global_mae,3e44_A,0.6680758691503252,0.48851394171420987,0.17956192743611538,,,,,,,,,,,,
base_v5,global_mean,global_mae,3g7j_B,0.1579529561543645,0.4555170250193312,-0.2975640688649667,,,,,,,,,,,,
base_v5,global_mean,global_mae,3jtq_B,0.10887245888379313,0.43939485754086227,-0.3305223986570691,,,,,,,,,,,,
base_v5,global_mean,global_mae,3lze_A,0.37830967451245784,0.42124112602228064,-0.042931451509822804,,,,,,,,,,,,
base_v5,global_mean,global_mae,3m0o_B,0.13532201675194958,0.46773163339071916,-0.33240961663876956,,,,,,,,,,,,
base_v5,global_mean,global_mae,3o98_B,0.14449740752614848,0.313281173040939,-0.16878376551479052,,,,,,,,,,,,
base_v5,global_mean,global_mae,3pnv_A,0.607757563176388,0.6343512448038089,-0.02659368162742093,,,,,,,,,,,,
base_v5,global_mean,global_mae,3wfz_C,0.1075864451297589,0.4269203118580296,-0.3193338667282707,,,,,,,,,,,,
base_v5,global_mean,global_mae,3x2y_C,0.22677185228771413,0.44597516266769965,-0.21920331037998553,,,,,,,,,,,,
base_v5,global_mean,global_mae,3zwb_B,0.1983591088345334,0.2834627831111797,-0.08510367427664628,,,,,,,,,,,,
base_v5,global_mean,global_mae,4bl2_B,0.584999478793932,0.5802397572993852,0.0047597214945468425,,,,,,,,,,,,
base_v5,global_mean,global_mae,4cj8_I,0.3564385893049752,0.3399418652592759,0.016496724045699296,,,,,,,,,,,,
base_v5,global_mean,global_mae,4cv1_E,0.37975315782082864,0.4645992133342197,-0.08484605551339108,,,,,,,,,,,,
base_v5,global_mean,global_mae,4dfx_E,0.2898443682722239,0.4715530203367288,-0.18170865206450493,,,,,,,,,,,,
base_v5,global_mean,global_mae,4f4m_D,0.20020841111311807,0.39460041329052586,-0.1943920021774078,,,,,,,,,,,,
base_v5,global_mean,global_mae,4gvr_C,0.3212424949851262,0.4964349972075952,-0.17519250222246902,,,,,,,,,,,,
base_v5,global_mean,global_mae,4hgq_E,0.2732562752530427,0.4052037481793022,-0.13194747292625952,,,,,,,,,,,,
base_v5,global_mean,global_mae,4ok4_B,0.23306438645586205,0.42047102699920796,-0.1874066405433459,,,,,,,,,,,,
base_v5,global_mean,global_mae,4p4h_A,0.38567433642481075,0.31595263795114736,0.06972169847366338,,,,,,,,,,,,
base_v5,global_mean,global_mae,4wef_A,0.1732691669003636,0.40114901463172703,-0.22787984773136344,,,,,,,,,,,,
base_v5,global_mean,global_mae,4x88_A,0.14920851065491764,0.4065426385573142,-0.25733412790239657,,,,,,,,,,,,
base_v5,global_mean,global_mae,4xy5_A,0.11527890528195613,0.391772261611635,-0.27649335632967886,,,,,,,,,,,,
base_v5,global_mean,global_mae,5hgv_C,0.23305079830615874,0.4951932670996082,-0.2621424687934495,,,,,,,,,,,,
base_v5,global_mean,global_mae,5mdw_6,0.34166685526724905,0.32724441902246326,0.014422436244785786,,,,,,,,,,,,
base_v5,global_mean,global_mae,5tnf_C,0.11320378969898846,0.4323595571468565,-0.319155767447868,,,,,,,,,,,,
base_v5,global_mean,global_mae,5vec_B,0.14456858636836695,0.41227900127062345,-0.2677104149022565,,,,,,,,,,,,
base_v5,global_mean,global_mae,5xuh_A,0.5760296253363292,0.5016331262389818,0.07439649909734736,,,,,,,,,,,,
base_v5,global_mean,global_mae,6a1v_A,0.22020014407853314,0.42820437891750135,-0.2080042348389682,,,,,,,,,,,,
base_v5,global_mean,global_mae,6bau_B,0.20071101557650584,0.40473894026013263,-0.2040279246836268,,,,,,,,,,,,
base_v5,global_mean,global_mae,6bl6_B,1.496539377481055,1.5088564118857715,-0.012317034404716543,,,,,,,,,,,,
base_v5,global_mean,global_mae,6e2j_A,0.35938112904256747,0.31865224304878825,0.04072888599377922,,,,,,,,,,,,
base_v5,global_mean,global_mae,6ej6_A,0.12171006549640999,0.5324572432806695,-0.41074717778425945,,,,,,,,,,,,
base_v5,global_mean,global_mae,6i7u_A,0.24966517722694784,0.3836360152270044,-0.13397083800005657,,,,,,,,,,,,
base_v5,global_mean,global_mae,6k0q_A,0.11887270909598079,0.5181949998025407,-0.3993222907065599,,,,,,,,,,,,
base_v5,global_mean,global_mae,6l7d_A,0.3692663837677002,0.3927090021374443,-0.023442618369744095,,,,,,,,,,,,
base_v5,global_mean,global_mae,6m4l_A,0.1165020644773669,0.45326714269674173,-0.33676507821937485,,,,,,,,,,,,
base_v5,global_mean,global_mae,6o4b_G,0.3181105623589912,0.3987524734055856,-0.0806419110465944,,,,,,,,,,,,
base_v5,global_mean,global_mae,6r6n_B,0.1186655711568892,0.38854343684390186,-0.26987786568701266,,,,,,,,,,,,
base_v5,global_mean,global_mae,6uau_A,0.10585406285814973,0.387961749664996,-0.2821076868068463,,,,,,,,,,,,
base_v5,global_mean,global_mae,6zy0_A,0.10935278160872201,0.4529839937074293,-0.3436312120987073,,,,,,,,,,,,
base_v5,global_mean,global_mae,7bbx_A,0.3022926254780032,0.5170310409051705,-0.21473841542716732,,,,,,,,,,,,
base_v5,global_mean,global_mae,7bxo_B,0.33140145483440453,0.4250267690315048,-0.0936253141971003,,,,,,,,,,,,
base_v5,global_mean,global_mae,7dwo_B,1.6817211286477387,1.5751126405100453,0.10660848813769341,,,,,,,,,,,,
base_v5,global_mean,global_mae,7m8h_C,0.15242819164020957,0.4644676513900504,-0.3120394597498408,,,,,,,,,,,,
base_v5,global_mean,global_mae,7n6n_A,0.47928447139671065,0.457404225786013,0.02188024561069768,,,,,,,,,,,,
base_v5,global_mean,global_mae,7nlg_C,0.1969653345447098,0.37042347950157123,-0.17345814495686143,,,,,,,,,,,,
base_v5,global_mean,global_mae,7o58_B,0.838045751018682,0.7941176101596469,0.04392814085903507,,,,,,,,,,,,
base_v5,global_mean,global_mae,7sj1_C,0.5855085484027787,0.40526441781192407,0.1802441305908546,,,,,,,,,,,,
base_v5,global_mean,global_mae,7sp0_B,0.22377520304967147,0.3914497889822624,-0.16767458593259094,,,,,,,,,,,,
base_v5,global_mean,global_mae,7vns_A,0.25772351983964953,0.4843754686557098,-0.22665194881606027,,,,,,,,,,,,
base_v5,global_mean,global_mae,8eip_B,0.11624156235966236,0.438262817687428,-0.3220212553277656,,,,,,,,,,,,
base_v5,global_mean,global_mae,8eqo_B,0.43725983768684534,0.34901569410018385,0.0882441435866615,,,,,,,,,,,,
base_v5,global_mean,global_mae,8f79_A,1.8473180905251987,1.6836508436200222,0.16366724690517653,,,,,,,,,,,,
base_v5,global_mean,global_mae,8jce_G,0.1505736293622286,0.38565636623291233,-0.23508273687068373,,,,,,,,,,,,
base_v5,global_mean,global_mae,8ka0_C,0.7364720822254449,0.5906314405164232,0.14584064170902167,,,,,,,,,,,,
base_v5,global_mean,global_mae,8r3c_A,0.18723240817210088,0.4387952265391087,-0.2515628183670078,,,,,,,,,,,,
base_v5,global_mean,global_mae,8t06_A,0.252083155249325,0.3227215855447903,-0.0706384302954653,,,,,,,,,,,,
base_v5,global_mean,global_mae,8up8_C,0.19189950744478615,0.4123363858054569,-0.22043687836067075,,,,,,,,,,,,
base_v5,global_mean,global_mae,8wkd_A,0.5407187705859542,0.43036853428930044,0.11035023629665375,,,,,,,,,,,,
base_v5,global_mean,global_mae,8x84_C,0.2788792166836301,0.41570835020924796,-0.13682913352561787,,,,,,,,,,,,
base_v5,global_mean,global_mae,9bc6_C,0.5078691858220999,0.4976324345502802,0.010236751271819722,,,,,,,,,,,,
base_v5,global_mean,global_mae,9cp9_B,0.11530324536932855,0.43511663542025086,-0.3198133900509223,,,,,,,,,,,,
base_v5,global_mean,global_mae,9hkm_C,0.5177179713747252,0.5275128739398384,-0.009794902565113173,,,,,,,,,,,,
base_v5,global_mean,global_mae,9j83_A,2.187089989350049,2.3080391562794635,-0.12094916692941471,,,,,,,,,,,,
base_v5,global_mean,global_mae,9m80_B,0.3900951056492751,0.22896384334906883,0.16113126230020625,,,,,,,,,,,,
base_v5,global_mean,global_mae,9r2f_C,7.49932209374728,7.682541258878423,-0.18321916513114278,,,,,,,,,,,,
base_v5,global_mean,global_mae,9sd5_A,0.11746324800802042,0.4220669154544787,-0.3046036674464583,,,,,,,,,,,,
base_v5,global_mean,global_mae,9swq_B,0.8965268671698288,0.6781958986387074,0.21833096853112133,,,,,,,,,,,,
base_v5,global_mean,global_mae,9va6_A,0.49435491479481714,0.37717379050498656,0.11718112428983057,,,,,,,,,,,,
base_v5,global_mean,shell_mae,1ct1_E,,,,0.4968122218967269,0.5504806977170053,-0.05366847582027834,,,,,,,,,
base_v5,global_mean,shell_mae,1gyr_C,,,,0.2820777465948358,0.2524005742039788,0.029677172390856987,,,,,,,,,
base_v5,global_mean,shell_mae,1h7x_D,,,,0.8701647105429514,1.0666423147895294,-0.196477604246578,,,,,,,,,
base_v5,global_mean,shell_mae,1ild_A,,,,0.1738051065133128,0.4196601118232851,-0.2458550053099723,,,,,,,,,
base_v5,global_mean,shell_mae,1jll_E,,,,0.1534827544201841,0.3148405557967688,-0.16135780137658468,,,,,,,,,
base_v5,global_mean,shell_mae,1me5_B,,,,0.2196646446239613,0.3189827279963086,-0.09931808337234732,,,,,,,,,
base_v5,global_mean,shell_mae,1mjy_A,,,,0.39776347062248985,0.36789064271926314,0.029872827903226706,,,,,,,,,
base_v5,global_mean,shell_mae,1u5o_A,,,,0.29191689444976643,0.37290964023609463,-0.0809927457863282,,,,,,,,,
base_v5,global_mean,shell_mae,1vyd_B,,,,0.16618743950326356,0.36551264239497183,-0.19932520289170827,,,,,,,,,
base_v5,global_mean,shell_mae,1vzi_B,,,,0.1775257520251315,0.4365146186903468,-0.2589888666652153,,,,,,,,,
base_v5,global_mean,shell_mae,1y39_A,,,,0.269830314139379,0.37946500149281587,-0.10963468735343684,,,,,,,,,
base_v5,global_mean,shell_mae,1z73_A,,,,0.06511828056044752,0.464080996029942,-0.39896271546949447,,,,,,,,,
base_v5,global_mean,shell_mae,1z8u_A,,,,0.7766606972471851,0.8758135204824309,-0.09915282323524577,,,,,,,,,
base_v5,global_mean,shell_mae,2a6x_B,,,,0.16230971750463266,0.4408121554011255,-0.27850243789649287,,,,,,,,,
base_v5,global_mean,shell_mae,2awi_L,,,,0.16126686557718434,0.32344269850035007,-0.16217583292316573,,,,,,,,,
base_v5,global_mean,shell_mae,2bek_D,,,,0.15665759027387216,0.32109228666216316,-0.164434696388291,,,,,,,,,
base_v5,global_mean,shell_mae,2d5g_D,,,,0.21685364402703242,0.2959181220262733,-0.0790644779992409,,,,,,,,,
base_v5,global_mean,shell_mae,2eyp_A,,,,0.17629325654856423,0.4420652442219944,-0.26577198767343013,,,,,,,,,
base_v5,global_mean,shell_mae,2hlp_A,,,,0.28514007248408674,0.3764027737115819,-0.09126270122749514,,,,,,,,,
base_v5,global_mean,shell_mae,2o94_B,,,,0.19750983527533064,0.24363918569106705,-0.0461293504157364,,,,,,,,,
base_v5,global_mean,shell_mae,2ouv_B,,,,0.17342363215499018,0.3812605473412436,-0.2078369151862534,,,,,,,,,
base_v5,global_mean,shell_mae,2pp3_B,,,,0.1709706360460029,0.47157174970832444,-0.30060111366232156,,,,,,,,,
base_v5,global_mean,shell_mae,2xhn_B,,,,0.11842343071904537,0.5422352022356074,-0.423811771516562,,,,,,,,,
base_v5,global_mean,shell_mae,2ygp_A,,,,0.1968644907510001,0.3416432974259745,-0.1447788066749744,,,,,,,,,
base_v5,global_mean,shell_mae,3a9w_A,,,,0.13975069539714768,0.4604107505696174,-0.3206600551724697,,,,,,,,,
base_v5,global_mean,shell_mae,3ax3_A,,,,0.8420378233473437,0.7508881905256622,0.09114963282168143,,,,,,,,,
base_v5,global_mean,shell_mae,3b8t_A,,,,0.13075289412752325,0.42806549586041626,-0.297312601732893,,,,,,,,,
base_v5,global_mean,shell_mae,3cfh_B,,,,0.11000384037388129,0.4750276967338244,-0.3650238563599431,,,,,,,,,
base_v5,global_mean,shell_mae,3cyi_A,,,,1.847091554919215,1.5935967146679628,0.25349484025125224,,,,,,,,,
base_v5,global_mean,shell_mae,3dl5_C,,,,0.2394512400088653,0.34630754517074647,-0.10685630516188116,,,,,,,,,
base_v5,global_mean,shell_mae,3e44_A,,,,1.0421111694900103,0.8289069134516228,0.21320425603838744,,,,,,,,,
base_v5,global_mean,shell_mae,3g7j_B,,,,0.2614354814429585,0.512545089148023,-0.2511096077050645,,,,,,,,,
base_v5,global_mean,shell_mae,3jtq_B,,,,0.10470332575720122,0.4239922145568531,-0.3192888887996519,,,,,,,,,
base_v5,global_mean,shell_mae,3lze_A,,,,0.44313134355326067,0.3554091387465532,0.08772220480670745,,,,,,,,,
base_v5,global_mean,shell_mae,3m0o_B,,,,0.15015599875361552,0.46089444889923536,-0.31073845014561985,,,,,,,,,
base_v5,global_mean,shell_mae,3o98_B,,,,0.14471187883934922,0.26255201005853007,-0.11784013121918085,,,,,,,,,
base_v5,global_mean,shell_mae,3pnv_A,,,,0.42608178869987906,0.4193414982979924,0.006740290401886673,,,,,,,,,
base_v5,global_mean,shell_mae,3wfz_C,,,,0.09039330548091608,0.42648908450821404,-0.336095779027298,,,,,,,,,
base_v5,global_mean,shell_mae,3x2y_C,,,,0.3194491923102386,0.4773601265823307,-0.15791093427209207,,,,,,,,,
base_v5,global_mean,shell_mae,3zwb_B,,,,0.15925943419139646,0.2981449914887067,-0.13888555729731025,,,,,,,,,
base_v5,global_mean,shell_mae,4bl2_B,,,,0.49765208425002794,0.48808385137638804,0.009568232873639892,,,,,,,,,
base_v5,global_mean,shell_mae,4cj8_I,,,,0.4736614048855869,0.39829140818367625,0.07536999670191064,,,,,,,,,
base_v5,global_mean,shell_mae,4cv1_E,,,,0.538326758612298,0.6236799115969648,-0.08535315298466684,,,,,,,,,
base_v5,global_mean,shell_mae,4dfx_E,,,,0.9807459823719219,1.1027676333773015,-0.12202165100537965,,,,,,,,,
base_v5,global_mean,shell_mae,4f4m_D,,,,0.17185453351382607,0.3935004744752659,-0.22164594096143986,,,,,,,,,
base_v5,global_mean,shell_mae,4gvr_C,,,,0.20291261452654324,0.42174027086688587,-0.21882765634034262,,,,,,,,,
base_v5,global_mean,shell_mae,4hgq_E,,,,0.32758948429812473,0.3516508559315059,-0.02406137163338118,,,,,,,,,
base_v5,global_mean,shell_mae,4ok4_B,,,,0.2164577294279512,0.41173858515085343,-0.19528085572290224,,,,,,,,,
base_v5,global_mean,shell_mae,4p4h_A,,,,0.2916846904111855,0.2557785433661767,0.035906147045008774,,,,,,,,,
base_v5,global_mean,shell_mae,4wef_A,,,,0.12537465656421384,0.389294713318522,-0.2639200567543082,,,,,,,,,
base_v5,global_mean,shell_mae,4x88_A,,,,0.1709335799583866,0.4132617040977002,-0.2423281241393136,,,,,,,,,
base_v5,global_mean,shell_mae,4xy5_A,,,,0.10433135297576597,0.42632239496787827,-0.3219910419921123,,,,,,,,,
base_v5,global_mean,shell_mae,5hgv_C,,,,0.23663336906349877,0.5139535276847518,-0.27732015862125303,,,,,,,,,
base_v5,global_mean,shell_mae,5mdw_6,,,,0.30539544674649577,0.3326776533822218,-0.02728220663572606,,,,,,,,,
base_v5,global_mean,shell_mae,5tnf_C,,,,0.11869617174570901,0.4000951523263221,-0.2813989805806131,,,,,,,,,
base_v5,global_mean,shell_mae,5vec_B,,,,0.1764264014538507,0.4268418493066903,-0.2504154478528396,,,,,,,,,
base_v5,global_mean,shell_mae,5xuh_A,,,,0.36701343575850215,0.3669990849005685,1.4350857933664862e-05,,,,,,,,,
base_v5,global_mean,shell_mae,6a1v_A,,,,0.20925948036903128,0.4040608000067673,-0.19480131963773603,,,,,,,,,
base_v5,global_mean,shell_mae,6bau_B,,,,0.1805290678474196,0.4007125030812766,-0.220183435233857,,,,,,,,,
base_v5,global_mean,shell_mae,6bl6_B,,,,1.3104281349620368,1.3010084494005818,0.009419685561455005,,,,,,,,,
base_v5,global_mean,shell_mae,6e2j_A,,,,0.4724433528785402,0.3435051395908723,0.1289382132876679,,,,,,,,,
base_v5,global_mean,shell_mae,6ej6_A,,,,0.12417794359552485,0.5468900865548663,-0.4227121429593414,,,,,,,,,
base_v5,global_mean,shell_mae,6i7u_A,,,,0.17533119369643332,0.36901593101302005,-0.19368473731658672,,,,,,,,,
base_v5,global_mean,shell_mae,6k0q_A,,,,0.08130388274594266,0.505643972794051,-0.42434009004810835,,,,,,,,,
base_v5,global_mean,shell_mae,6l7d_A,,,,0.7195447782242487,0.6662305369057672,0.0533142413184815,,,,,,,,,
base_v5,global_mean,shell_mae,6m4l_A,,,,0.1127112115897885,0.43415681767360037,-0.3214456060838119,,,,,,,,,
base_v5,global_mean,shell_mae,6o4b_G,,,,0.2712306504264474,0.35663575839567513,-0.08540510796922773,,,,,,,,,
base_v5,global_mean,shell_mae,6r6n_B,,,,0.11046947070278496,0.29612727746473244,-0.18565780676194749,,,,,,,,,
base_v5,global_mean,shell_mae,6uau_A,,,,0.08492005005384794,0.4208257630207332,-0.33590571296688526,,,,,,,,,
base_v5,global_mean,shell_mae,6zy0_A,,,,0.11105360472297847,0.4737195427080051,-0.3626659379850266,,,,,,,,,
base_v5,global_mean,shell_mae,7bbx_A,,,,0.2554263252492812,0.47837727594274215,-0.22295095069346094,,,,,,,,,
base_v5,global_mean,shell_mae,7bxo_B,,,,0.9954496344269217,1.1142207021131538,-0.11877106768623213,,,,,,,,,
base_v5,global_mean,shell_mae,7dwo_B,,,,1.5273058220130618,1.3961921429671553,0.13111367904590643,,,,,,,,,
base_v5,global_mean,shell_mae,7m8h_C,,,,0.14727182481953804,0.4779873206419493,-0.3307154958224113,,,,,,,,,
base_v5,global_mean,shell_mae,7n6n_A,,,,0.36055837226155113,0.38172324557544207,-0.02116487331389094,,,,,,,,,
base_v5,global_mean,shell_mae,7nlg_C,,,,0.24005687828052338,0.3697664130873142,-0.12970953480679084,,,,,,,,,
base_v5,global_mean,shell_mae,7o58_B,,,,0.8037799932686585,0.7150577345874679,0.08872225868119055,,,,,,,,,
base_v5,global_mean,shell_mae,7sj1_C,,,,0.5983057201906559,0.30671766373113946,0.2915880564595164,,,,,,,,,
base_v5,global_mean,shell_mae,7sp0_B,,,,0.4972868664176963,0.4332402352793208,0.0640466311383755,,,,,,,,,
base_v5,global_mean,shell_mae,7vns_A,,,,0.27238607998384384,0.4393129640900238,-0.16692688410617995,,,,,,,,,
base_v5,global_mean,shell_mae,8eip_B,,,,0.12703308839402103,0.4829319236796709,-0.3558988352856499,,,,,,,,,
base_v5,global_mean,shell_mae,8eqo_B,,,,0.4737462781855824,0.39282242803118467,0.08092385015439774,,,,,,,,,
base_v5,global_mean,shell_mae,8f79_A,,,,2.1604931410587658,1.9807626409122818,0.17973050014648395,,,,,,,,,
base_v5,global_mean,shell_mae,8jce_G,,,,0.13582322722514967,0.3252567729478822,-0.18943354572273252,,,,,,,,,
base_v5,global_mean,shell_mae,8ka0_C,,,,0.3500355907235956,0.3306981411058093,0.019337449617786273,,,,,,,,,
base_v5,global_mean,shell_mae,8r3c_A,,,,0.20105624902861247,0.37257318496588465,-0.17151693593727219,,,,,,,,,
base_v5,global_mean,shell_mae,8t06_A,,,,0.34223703024051555,0.36634980447141524,-0.024112774230899692,,,,,,,,,
base_v5,global_mean,shell_mae,8up8_C,,,,0.3100081191259198,0.3786312961425988,-0.06862317701667903,,,,,,,,,
base_v5,global_mean,shell_mae,8wkd_A,,,,0.7524088247655294,0.9505881548992227,-0.19817933013369327,,,,,,,,,
base_v5,global_mean,shell_mae,8x84_C,,,,1.0045253183322995,1.0931303221891677,-0.0886050038568682,,,,,,,,,
base_v5,global_mean,shell_mae,9bc6_C,,,,0.43961795565520356,0.4015451667711608,0.03807278888404275,,,,,,,,,
base_v5,global_mean,shell_mae,9cp9_B,,,,0.11277365701819958,0.44908013509000216,-0.3363064780718026,,,,,,,,,
base_v5,global_mean,shell_mae,9hkm_C,,,,1.0750828009975433,0.9460671936915848,0.1290156073059585,,,,,,,,,
base_v5,global_mean,shell_mae,9j83_A,,,,1.1756373602080417,1.0704163367270896,0.10522102348095208,,,,,,,,,
base_v5,global_mean,shell_mae,9m80_B,,,,0.25128525928390655,0.2354777616720014,0.01580749761190514,,,,,,,,,
base_v5,global_mean,shell_mae,9r2f_C,,,,7.195597653421799,7.448629456364904,-0.2530318029431049,,,,,,,,,
base_v5,global_mean,shell_mae,9sd5_A,,,,0.15472904439888732,0.4207118616131604,-0.2659828172142731,,,,,,,,,
base_v5,global_mean,shell_mae,9swq_B,,,,0.5801972591203144,0.3467567417044318,0.23344051741588256,,,,,,,,,
base_v5,global_mean,shell_mae,9va6_A,,,,0.737637812861499,0.6108767689532832,0.12676104390821574,,,,,,,,,
base_v5,global_mean,perturbed_auprc,1ct1_E,,,,,,,0.3134563158590995,0.07775615169435732,0.23570016416474218,,,,,,
base_v5,global_mean,perturbed_auprc,1gyr_C,,,,,,,0.24137613426451912,0.11978021978021978,0.12159591448429934,,,,,,
base_v5,global_mean,perturbed_auprc,1h7x_D,,,,,,,0.19274419423603859,0.02603921167116132,0.16670498256487726,,,,,,
base_v5,global_mean,perturbed_auprc,1ild_A,,,,,,,0.5645833333333333,0.007782101167315175,0.5568012321660182,,,,,,
base_v5,global_mean,perturbed_auprc,1jll_E,,,,,,,0.23809012511812375,0.05413831716549617,0.18395180795262758,,,,,,
base_v5,global_mean,perturbed_auprc,1me5_B,,,,,,,0.25466488198553144,0.08477842003853564,0.1698864619469958,,,,,,
base_v5,global_mean,perturbed_auprc,1mjy_A,,,,,,,0.4541484793144144,0.15729323308270676,0.2968552462317076,,,,,,
base_v5,global_mean,perturbed_auprc,1u5o_A,,,,,,,0.4696348553005658,0.1451741757753488,0.324460679525217,,,,,,
base_v5,global_mean,perturbed_auprc,1vyd_B,,,,,,,0.525,0.008620689655172414,0.5163793103448276,,,,,,
base_v5,global_mean,perturbed_auprc,1vzi_B,,,,,,,0.03600564523406963,0.011384615384615384,0.024621029849454246,,,,,,
base_v5,global_mean,perturbed_auprc,1y39_A,,,,,,,0.03125,0.013513513513513514,0.017736486486486486,,,,,,
base_v5,global_mean,perturbed_auprc,1z73_A,,,,,,,,,,,,,,,
base_v5,global_mean,perturbed_auprc,1z8u_A,,,,,,,0.738429427715142,0.07777777777777778,0.6606516499373642,,,,,,
base_v5,global_mean,perturbed_auprc,2a6x_B,,,,,,,0.08354174561071112,0.0182648401826484,0.06527690542806272,,,,,,
base_v5,global_mean,perturbed_auprc,2awi_L,,,,,,,0.41920676212018826,0.07808219178082192,0.34112457033936633,,,,,,
base_v5,global_mean,perturbed_auprc,2bek_D,,,,,,,0.32037350802098347,0.04451821586653047,0.275855292154453,,,,,,
base_v5,global_mean,perturbed_auprc,2d5g_D,,,,,,,0.37400157590947064,0.06927710843373494,0.30472446747573567,,,,,,
base_v5,global_mean,perturbed_auprc,2eyp_A,,,,,,,0.19286477542122732,0.05074134592108449,0.14212342950014284,,,,,,
base_v5,global_mean,perturbed_auprc,2hlp_A,,,,,,,0.416640731516609,0.07543627183078343,0.3412044596858256,,,,,,
base_v5,global_mean,perturbed_auprc,2o94_B,,,,,,,0.11005739930191405,0.023529411764705882,0.08652798753720817,,,,,,
base_v5,global_mean,perturbed_auprc,2ouv_B,,,,,,,0.1498679132296457,0.04452494008049564,0.10534297314915007,,,,,,
base_v5,global_mean,perturbed_auprc,2pp3_B,,,,,,,0.20226953438104806,0.0090014064697609,0.19326812791128717,,,,,,
base_v5,global_mean,perturbed_auprc,2xhn_B,,,,,,,,,,,,,,,
base_v5,global_mean,perturbed_auprc,2ygp_A,,,,,,,1.0,0.005747126436781609,0.9942528735632183,,,,,,
base_v5,global_mean,perturbed_auprc,3a9w_A,,,,,,,0.40328074227772776,0.007496602642233711,0.395784139635494,,,,,,
base_v5,global_mean,perturbed_auprc,3ax3_A,,,,,,,0.6341463820877774,0.3434343434343434,0.290712038653434,,,,,,
base_v5,global_mean,perturbed_auprc,3b8t_A,,,,,,,0.4191750743020686,0.0054453590510541066,0.4137297152510145,,,,,,
base_v5,global_mean,perturbed_auprc,3cfh_B,,,,,,,0.11305187783231262,0.015691543741784723,0.0973603340905279,,,,,,
base_v5,global_mean,perturbed_auprc,3cyi_A,,,,,,,0.9132953742525431,0.8504672897196262,0.062828084532917,,,,,,
base_v5,global_mean,perturbed_auprc,3dl5_C,,,,,,,0.2510934664403442,0.039587318412025216,0.21150614802831896,,,,,,
base_v5,global_mean,perturbed_auprc,3e44_A,,,,,,,0.6584517001764231,0.3141151291878304,0.34433657098859266,,,,,,
base_v5,global_mean,perturbed_auprc,3g7j_B,,,,,,,0.29363711535523923,0.03949158657905962,0.25414552877617963,,,,,,
base_v5,global_mean,perturbed_auprc,3jtq_B,,,,,,,0.6946923123862778,0.017241379310344827,0.677450933075933,,,,,,
base_v5,global_mean,perturbed_auprc,3lze_A,,,,,,,,,,,,,,,
base_v5,global_mean,perturbed_auprc,3m0o_B,,,,,,,0.23637662732995787,0.01917907644464552,0.21719755088531234,,,,,,
base_v5,global_mean,perturbed_auprc,3o98_B,,,,,,,0.05263157894736842,0.001658374792703151,0.05097320415466527,,,,,,
base_v5,global_mean,perturbed_auprc,3pnv_A,,,,,,,0.4606789480311611,0.23385987097327302,0.2268190770578881,,,,,,
base_v5,global_mean,perturbed_auprc,3wfz_C,,,,,,,0.02477802828022464,0.011759851826227335,0.013018176453997304,,,,,,
base_v5,global_mean,perturbed_auprc,3x2y_C,,,,,,,0.2024684907048265,0.03659776347001017,0.16587072723481633,,,,,,
base_v5,global_mean,perturbed_auprc,3zwb_B,,,,,,,0.17676873920407704,0.03237211590360952,0.1443966233004675,,,,,,
base_v5,global_mean,perturbed_auprc,4bl2_B,,,,,,,0.4475071927738763,0.1717137590578811,0.2757934337159952,,,,,,
base_v5,global_mean,perturbed_auprc,4cj8_I,,,,,,,0.4322200560802091,0.1610761939106692,0.2711438621695399,,,,,,
base_v5,global_mean,perturbed_auprc,4cv1_E,,,,,,,0.5245755378539387,0.10221094541551694,0.4223645924384218,,,,,,
base_v5,global_mean,perturbed_auprc,4dfx_E,,,,,,,0.23410649964651975,0.03554274735830932,0.19856375228821044,,,,,,
base_v5,global_mean,perturbed_auprc,4f4m_D,,,,,,,0.35512330728714153,0.06378715869909607,0.29133614858804546,,,,,,
base_v5,global_mean,perturbed_auprc,4gvr_C,,,,,,,0.16628815812281608,0.07120181405895691,0.09508634406385917,,,,,,
base_v5,global_mean,perturbed_auprc,4hgq_E,,,,,,,0.30187471546570144,0.009885439763488544,0.2919892757022129,,,,,,
base_v5,global_mean,perturbed_auprc,4ok4_B,,,,,,,0.26028795345241335,0.0926470526751483,0.16764090077726504,,,,,,
base_v5,global_mean,perturbed_auprc,4p4h_A,,,,,,,0.28941630789667905,0.1848404255319149,0.10457588236476414,,,,,,
base_v5,global_mean,perturbed_auprc,4wef_A,,,,,,,0.3476600579622031,0.029070560938992768,0.3185894970232104,,,,,,
base_v5,global_mean,perturbed_auprc,4x88_A,,,,,,,0.5341269841269841,0.013163454902585336,0.5209635292243988,,,,,,
base_v5,global_mean,perturbed_auprc,4xy5_A,,,,,,,0.9165743816906607,0.013774104683195593,0.9028002770074651,,,,,,
base_v5,global_mean,perturbed_auprc,5hgv_C,,,,,,,0.005489916339113827,0.002442912139131425,0.0030470041999824025,,,,,,
base_v5,global_mean,perturbed_auprc,5mdw_6,,,,,,,0.20772910812384499,0.21875,-0.011020891876155015,,,,,,
base_v5,global_mean,perturbed_auprc,5tnf_C,,,,,,,0.35437640503574763,0.01304021949268418,0.34133618554306344,,,,,,
base_v5,global_mean,perturbed_auprc,5vec_B,,,,,,,0.316316608887617,0.022754137115839245,0.29356247177177774,,,,,,
base_v5,global_mean,perturbed_auprc,5xuh_A,,,,,,,0.42530367640676636,0.208,0.21730367640676637,,,,,,
base_v5,global_mean,perturbed_auprc,6a1v_A,,,,,,,0.5693776249893892,0.03256794854852209,0.5368096764408671,,,,,,
base_v5,global_mean,perturbed_auprc,6bau_B,,,,,,,0.060704107376824946,0.02696078431372549,0.033743323063099455,,,,,,
base_v5,global_mean,perturbed_auprc,6bl6_B,,,,,,,0.5058179560023025,0.45577691428570655,0.05004104171659596,,,,,,
base_v5,global_mean,perturbed_auprc,6e2j_A,,,,,,,0.43377014312288825,0.11214953271028037,0.32162061041260787,,,,,,
base_v5,global_mean,perturbed_auprc,6ej6_A,,,,,,,,,,,,,,,
base_v5,global_mean,perturbed_auprc,6i7u_A,,,,,,,0.15127060641658846,0.05913978494623656,0.0921308214703519,,,,,,
base_v5,global_mean,perturbed_auprc,6k0q_A,,,,,,,0.013250233357724493,0.0026833631484794278,0.010566870209245065,,,,,,
base_v5,global_mean,perturbed_auprc,6l7d_A,,,,,,,0.5562057273643677,0.12442015434147968,0.431785573022888,,,,,,
base_v5,global_mean,perturbed_auprc,6m4l_A,,,,,,,0.04396722539477236,0.010080645161290322,0.03388658023348204,,,,,,
base_v5,global_mean,perturbed_auprc,6o4b_G,,,,,,,0.31028265128272947,0.04113936599210557,0.2691432852906239,,,,,,
base_v5,global_mean,perturbed_auprc,6r6n_B,,,,,,,0.53125,0.01,0.52125,,,,,,
base_v5,global_mean,perturbed_auprc,6uau_A,,,,,,,0.464815479955423,0.017980636237897647,0.44683484371752535,,,,,,
base_v5,global_mean,perturbed_auprc,6zy0_A,,,,,,,0.25,0.0014265335235378032,0.2485734664764622,,,,,,
base_v5,global_mean,perturbed_auprc,7bbx_A,,,,,,,,,,,,,,,
base_v5,global_mean,perturbed_auprc,7bxo_B,,,,,,,0.5671835714169473,0.13173192371665654,0.43545164770029077,,,,,,
base_v5,global_mean,perturbed_auprc,7dwo_B,,,,,,,0.7370618658274425,0.634417808219178,0.10264405760826445,,,,,,
base_v5,global_mean,perturbed_auprc,7m8h_C,,,,,,,0.3235575285049727,0.009070294784580497,0.3144872337203922,,,,,,
base_v5,global_mean,perturbed_auprc,7n6n_A,,,,,,,0.41569272473665453,0.1814450993774359,0.23424762535921864,,,,,,
base_v5,global_mean,perturbed_auprc,7nlg_C,,,,,,,0.3271109246972894,0.0989010989010989,0.22820982579619054,,,,,,
base_v5,global_mean,perturbed_auprc,7o58_B,,,,,,,0.8292801124814776,0.49724517906336085,0.33203493341811674,,,,,,
base_v5,global_mean,perturbed_auprc,7sj1_C,,,,,,,0.4658852781411746,0.47959183673469385,-0.013706558593519269,,,,,,
base_v5,global_mean,perturbed_auprc,7sp0_B,,,,,,,1.0,0.004098360655737705,0.9959016393442623,,,,,,
base_v5,global_mean,perturbed_auprc,7vns_A,,,,,,,0.3863549499268197,0.04955621301775148,0.3367987369090682,,,,,,
base_v5,global_mean,perturbed_auprc,8eip_B,,,,,,,0.6496415770609318,0.007320989512770336,0.6423205875481615,,,,,,
base_v5,global_mean,perturbed_auprc,8eqo_B,,,,,,,0.45511964665825894,0.1869368647312343,0.2681827819270246,,,,,,
base_v5,global_mean,perturbed_auprc,8f79_A,,,,,,,0.7577481810936562,0.668580749171432,0.0891674319222242,,,,,,
base_v5,global_mean,perturbed_auprc,8jce_G,,,,,,,0.25845124157362576,0.026490066225165563,0.2319611753484602,,,,,,
base_v5,global_mean,perturbed_auprc,8ka0_C,,,,,,,0.6830820760715498,0.4012345679012346,0.28184750817031523,,,,,,
base_v5,global_mean,perturbed_auprc,8r3c_A,,,,,,,0.48837488015340363,0.026131657860916747,0.4622432222924869,,,,,,
base_v5,global_mean,perturbed_auprc,8t06_A,,,,,,,0.304490000486448,0.06972361809045226,0.23476638239599573,,,,,,
base_v5,global_mean,perturbed_auprc,8up8_C,,,,,,,0.292335079973897,0.06339468302658487,0.22894039694731216,,,,,,
base_v5,global_mean,perturbed_auprc,8wkd_A,,,,,,,0.4651381020279811,0.2916666666666667,0.17347143536131443,,,,,,
base_v5,global_mean,perturbed_auprc,8x84_C,,,,,,,0.4893810559083164,0.06561679790026247,0.4237642580080539,,,,,,
base_v5,global_mean,perturbed_auprc,9bc6_C,,,,,,,0.3527197917904569,0.3285123966942149,0.024207395096242035,,,,,,
base_v5,global_mean,perturbed_auprc,9cp9_B,,,,,,,0.15481458251344615,0.006167866222651914,0.14864671629079423,,,,,,
base_v5,global_mean,perturbed_auprc,9hkm_C,,,,,,,0.3500768660556095,0.16217306376223237,0.18790380229337714,,,,,,
base_v5,global_mean,perturbed_auprc,9j83_A,,,,,,,0.9304033035264607,0.8782201405152225,0.052183163011238265,,,,,,
base_v5,global_mean,perturbed_auprc,9m80_B,,,,,,,0.44420128174524687,0.06309808612440192,0.38110319562084494,,,,,,
base_v5,global_mean,perturbed_auprc,9r2f_C,,,,,,,,,,,,,,,
base_v5,global_mean,perturbed_auprc,9sd5_A,,,,,,,0.29644565022536384,0.023323615160349854,0.273122035065014,,,,,,
base_v5,global_mean,perturbed_auprc,9swq_B,,,,,,,0.5986789016398075,0.5046728971962616,0.0940060044435459,,,,,,
base_v5,global_mean,perturbed_auprc,9va6_A,,,,,,,0.31198783134284896,0.22424242424242424,0.08774540710042472,,,,,,
base_v5,global_mean,derived_radius_mae,1ct1_E,,,,,,,,,,26.22122393282663,27.009650470271254,-0.7884265374446251,,,
base_v5,global_mean,derived_radius_mae,1gyr_C,,,,,,,,,,39.562649726867676,39.562649726867676,0.0,,,
base_v5,global_mean,derived_radius_mae,1h7x_D,,,,,,,,,,80.03887315229936,80.03887315229936,0.0,,,
base_v5,global_mean,derived_radius_mae,1ild_A,,,,,,,,,,32.0631103515625,32.0631103515625,0.0,,,
base_v5,global_mean,derived_radius_mae,1jll_E,,,,,,,,,,31.290436137806285,52.85120912031694,-21.560772982510652,,,
base_v5,global_mean,derived_radius_mae,1me5_B,,,,,,,,,,34.087395985921226,34.087395985921226,0.0,,,
base_v5,global_mean,derived_radius_mae,1mjy_A,,,,,,,,,,23.571336327937612,23.571336327937612,0.0,,,
base_v5,global_mean,derived_radius_mae,1u5o_A,,,,,,,,,,8.679454061720106,21.056103282504612,-12.376649220784506,,,
base_v5,global_mean,derived_radius_mae,1vyd_B,,,,,,,,,,11.682313919067383,11.682313919067383,0.0,,,
base_v5,global_mean,derived_radius_mae,1vzi_B,,,,,,,,,,16.99758849143982,16.99758849143982,0.0,,,
base_v5,global_mean,derived_radius_mae,1y39_A,,,,,,,,,,0.0,0.0,0.0,,,
base_v5,global_mean,derived_radius_mae,1z73_A,,,,,,,,,,0.0,0.0,0.0,,,
base_v5,global_mean,derived_radius_mae,1z8u_A,,,,,,,,,,40.69789493083954,43.61150932312012,-2.9136143922805786,,,
base_v5,global_mean,derived_radius_mae,2a6x_B,,,,,,,,,,17.218212127685547,17.218212127685547,0.0,,,
base_v5,global_mean,derived_radius_mae,2awi_L,,,,,,,,,,41.47215805053711,41.47215805053711,0.0,,,
base_v5,global_mean,derived_radius_mae,2bek_D,,,,,,,,,,31.227688831753202,31.227688831753202,0.0,,,
base_v5,global_mean,derived_radius_mae,2d5g_D,,,,,,,,,,22.99198627471924,22.99198627471924,0.0,,,
base_v5,global_mean,derived_radius_mae,2eyp_A,,,,,,,,,,14.493084315595956,15.423744070118872,-0.9306597545229156,,,
base_v5,global_mean,derived_radius_mae,2hlp_A,,,,,,,,,,43.031165418608175,43.73156566920506,-0.7004002505968856,,,
base_v5,global_mean,derived_radius_mae,2o94_B,,,,,,,,,,28.4301016330719,28.4301016330719,0.0,,,
base_v5,global_mean,derived_radius_mae,2ouv_B,,,,,,,,,,30.5053034695712,30.5053034695712,0.0,,,
base_v5,global_mean,derived_radius_mae,2pp3_B,,,,,,,,,,40.51922728220622,41.932623291015624,-1.413396008809407,,,
base_v5,global_mean,derived_radius_mae,2xhn_B,,,,,,,,,,0.0,0.0,0.0,,,
base_v5,global_mean,derived_radius_mae,2ygp_A,,,,,,,,,,30.54112434387207,30.54112434387207,0.0,,,
base_v5,global_mean,derived_radius_mae,3a9w_A,,,,,,,,,,27.943183263142902,27.943183263142902,0.0,,,
base_v5,global_mean,derived_radius_mae,3ax3_A,,,,,,,,,,22.731449445088703,22.731449445088703,0.0,,,
base_v5,global_mean,derived_radius_mae,3b8t_A,,,,,,,,,,25.997915074510395,25.997915074510395,0.0,,,
base_v5,global_mean,derived_radius_mae,3cfh_B,,,,,,,,,,17.798782634735108,17.798782634735108,0.0,,,
base_v5,global_mean,derived_radius_mae,3cyi_A,,,,,,,,,,16.565554089016384,29.79861217074924,-13.233058081732857,,,
base_v5,global_mean,derived_radius_mae,3dl5_C,,,,,,,,,,16.4854181910816,63.004932503951224,-46.519514312869624,,,
base_v5,global_mean,derived_radius_mae,3e44_A,,,,,,,,,,46.82238006591797,46.82238006591797,0.0,,,
base_v5,global_mean,derived_radius_mae,3g7j_B,,,,,,,,,,12.49513041973114,12.49513041973114,0.0,,,
base_v5,global_mean,derived_radius_mae,3jtq_B,,,,,,,,,,25.843168258666992,25.843168258666992,0.0,,,
base_v5,global_mean,derived_radius_mae,3lze_A,,,,,,,,,,50.91887664794922,0.0,50.91887664794922,,,
base_v5,global_mean,derived_radius_mae,3m0o_B,,,,,,,,,,20.690383830992115,34.8729331874046,-14.182549356412483,,,
base_v5,global_mean,derived_radius_mae,3o98_B,,,,,,,,,,42.439449310302734,42.439449310302734,0.0,,,
base_v5,global_mean,derived_radius_mae,3pnv_A,,,,,,,,,,67.00126775105794,67.00126775105794,0.0,,,
base_v5,global_mean,derived_radius_mae,3wfz_C,,,,,,,,,,41.76523303985596,41.76523303985596,0.0,,,
base_v5,global_mean,derived_radius_mae,3x2y_C,,,,,,,,,,17.662153879801433,17.662153879801433,0.0,,,
base_v5,global_mean,derived_radius_mae,3zwb_B,,,,,,,,,,49.847237723214285,49.847237723214285,0.0,,,
base_v5,global_mean,derived_radius_mae,4bl2_B,,,,,,,,,,5.883495431197317,86.55384876853542,-80.6703533373381,,,
base_v5,global_mean,derived_radius_mae,4cj8_I,,,,,,,,,,33.61017608642578,33.61017608642578,0.0,,,
base_v5,global_mean,derived_radius_mae,4cv1_E,,,,,,,,,,31.12730160471081,35.2492806001227,-4.121978995411894,,,
base_v5,global_mean,derived_radius_mae,4dfx_E,,,,,,,,,,18.141690254211426,36.39386908213297,-18.252178827921547,,,
base_v5,global_mean,derived_radius_mae,4f4m_D,,,,,,,,,,18.310216406117316,18.310216406117316,0.0,,,
base_v5,global_mean,derived_radius_mae,4gvr_C,,,,,,,,,,13.69410228729248,21.827998797098797,-8.133896509806316,,,
base_v5,global_mean,derived_radius_mae,4hgq_E,,,,,,,,,,15.087509373823801,24.832160731156666,-9.744651357332865,,,
base_v5,global_mean,derived_radius_mae,4ok4_B,,,,,,,,,,44.203465938568115,44.203465938568115,0.0,,,
base_v5,global_mean,derived_radius_mae,4p4h_A,,,,,,,,,,36.8932728767395,36.8932728767395,0.0,,,
base_v5,global_mean,derived_radius_mae,4wef_A,,,,,,,,,,31.315160179138182,31.315160179138182,0.0,,,
base_v5,global_mean,derived_radius_mae,4x88_A,,,,,,,,,,2.240385084441214,2.240385084441214,0.0,,,
base_v5,global_mean,derived_radius_mae,4xy5_A,,,,,,,,,,26.470184961954754,26.470184961954754,0.0,,,
base_v5,global_mean,derived_radius_mae,5hgv_C,,,,,,,,,,14.587264060974121,23.316757202148438,-8.729493141174316,,,
base_v5,global_mean,derived_radius_mae,5mdw_6,,,,,,,,,,11.302181243896484,33.24297332763672,-21.940792083740234,,,
base_v5,global_mean,derived_radius_mae,5tnf_C,,,,,,,,,,19.2394905949043,19.2394905949043,0.0,,,
base_v5,global_mean,derived_radius_mae,5vec_B,,,,,,,,,,52.37406857808431,52.37406857808431,0.0,,,
base_v5,global_mean,derived_radius_mae,5xuh_A,,,,,,,,,,23.93380355834961,23.93380355834961,0.0,,,
base_v5,global_mean,derived_radius_mae,6a1v_A,,,,,,,,,,23.122143665949505,21.02190645535787,2.1002372105916365,,,
base_v5,global_mean,derived_radius_mae,6bau_B,,,,,,,,,,8.02792485555013,8.02792485555013,0.0,,,
base_v5,global_mean,derived_radius_mae,6bl6_B,,,,,,,,,,25.89215047308739,80.12193574296667,-54.22978526987928,,,
base_v5,global_mean,derived_radius_mae,6e2j_A,,,,,,,,,,0.5886077880859375,145.72537231445312,-145.1367645263672,,,
base_v5,global_mean,derived_radius_mae,6ej6_A,,,,,,,,,,0.0,0.0,0.0,,,
base_v5,global_mean,derived_radius_mae,6i7u_A,,,,,,,,,,45.484169006347656,45.484169006347656,0.0,,,
base_v5,global_mean,derived_radius_mae,6k0q_A,,,,,,,,,,11.812048435211182,11.812048435211182,0.0,,,
base_v5,global_mean,derived_radius_mae,6l7d_A,,,,,,,,,,34.66973231537173,34.66973231537173,0.0,,,
base_v5,global_mean,derived_radius_mae,6m4l_A,,,,,,,,,,36.23588180541992,36.23588180541992,0.0,,,
base_v5,global_mean,derived_radius_mae,6o4b_G,,,,,,,,,,53.127310793411326,53.127310793411326,0.0,,,
base_v5,global_mean,derived_radius_mae,6r6n_B,,,,,,,,,,24.782733917236328,24.782733917236328,0.0,,,
base_v5,global_mean,derived_radius_mae,6uau_A,,,,,,,,,,26.013817469278973,26.013817469278973,0.0,,,
base_v5,global_mean,derived_radius_mae,6zy0_A,,,,,,,,,,9.435430526733398,28.01908302307129,-18.58365249633789,,,
base_v5,global_mean,derived_radius_mae,7bbx_A,,,,,,,,,,0.0,0.0,0.0,,,
base_v5,global_mean,derived_radius_mae,7bxo_B,,,,,,,,,,26.726096066561613,33.93557288429954,-7.209476817737926,,,
base_v5,global_mean,derived_radius_mae,7dwo_B,,,,,,,,,,13.742589950561523,68.64007949829102,-54.89748954772949,,,
base_v5,global_mean,derived_radius_mae,7m8h_C,,,,,,,,,,17.537354826927185,17.537354826927185,0.0,,,
base_v5,global_mean,derived_radius_mae,7n6n_A,,,,,,,,,,28.33567015319512,47.60965616577541,-19.27398601258029,,,
base_v5,global_mean,derived_radius_mae,7nlg_C,,,,,,,,,,2.919854300362723,2.919854300362723,0.0,,,
base_v5,global_mean,derived_radius_mae,7o58_B,,,,,,,,,,32.793346325556435,32.793346325556435,0.0,,,
base_v5,global_mean,derived_radius_mae,7sj1_C,,,,,,,,,,0.0,48.44914722442627,-48.44914722442627,,,
base_v5,global_mean,derived_radius_mae,7sp0_B,,,,,,,,,,0.0,56.826961517333984,-56.826961517333984,,,
base_v5,global_mean,derived_radius_mae,7vns_A,,,,,,,,,,3.4188308715820317,22.53256058692932,-19.11372971534729,,,
base_v5,global_mean,derived_radius_mae,8eip_B,,,,,,,,,,13.936768531799316,13.936768531799316,0.0,,,
base_v5,global_mean,derived_radius_mae,8eqo_B,,,,,,,,,,17.24411379650411,28.58547497670585,-11.34136118020174,,,
base_v5,global_mean,derived_radius_mae,8f79_A,,,,,,,,,,131.24072202046713,131.24072202046713,0.0,,,
base_v5,global_mean,derived_radius_mae,8jce_G,,,,,,,,,,56.53575642903646,56.53575642903646,0.0,,,
base_v5,global_mean,derived_radius_mae,8ka0_C,,,,,,,,,,50.01686096191406,50.01686096191406,0.0,,,
base_v5,global_mean,derived_radius_mae,8r3c_A,,,,,,,,,,20.020714925130207,20.020714925130207,0.0,,,
base_v5,global_mean,derived_radius_mae,8t06_A,,,,,,,,,,33.49544906616211,33.49544906616211,0.0,,,
base_v5,global_mean,derived_radius_mae,8up8_C,,,,,,,,,,15.527965545654297,18.71684398651123,-3.188878440856932,,,
base_v5,global_mean,derived_radius_mae,8wkd_A,,,,,,,,,,39.22949421405792,43.032684326171875,-3.8031901121139526,,,
base_v5,global_mean,derived_radius_mae,8x84_C,,,,,,,,,,30.234486937522888,43.161468863487244,-12.926981925964355,,,
base_v5,global_mean,derived_radius_mae,9bc6_C,,,,,,,,,,1.589249610900879,78.3049087524414,-76.71565914154053,,,
base_v5,global_mean,derived_radius_mae,9cp9_B,,,,,,,,,,32.01237678527832,32.01237678527832,0.0,,,
base_v5,global_mean,derived_radius_mae,9hkm_C,,,,,,,,,,48.152000427246094,48.152000427246094,0.0,,,
base_v5,global_mean,derived_radius_mae,9j83_A,,,,,,,,,,3.1034088134765625,66.65164184570312,-63.54823303222656,,,
base_v5,global_mean,derived_radius_mae,9m80_B,,,,,,,,,,52.29926013946533,52.29926013946533,0.0,,,
base_v5,global_mean,derived_radius_mae,9r2f_C,,,,,,,,,,2.5916116502549915,50.59802500406901,-48.00641335381402,,,
base_v5,global_mean,derived_radius_mae,9sd5_A,,,,,,,,,,52.14410018920898,52.14410018920898,0.0,,,
base_v5,global_mean,derived_radius_mae,9swq_B,,,,,,,,,,40.45744609832764,71.04696273803711,-30.589516639709473,,,
base_v5,global_mean,derived_radius_mae,9va6_A,,,,,,,,,,31.261920928955085,31.261920928955085,0.0,,,
base_v5,global_mean,derived_class_macro_f1,1ct1_E,,,,,,,,,,,,,0.003952569169960474,0.11014492753623188,-0.1061923583662714
base_v5,global_mean,derived_class_macro_f1,1gyr_C,,,,,,,,,,,,,0.0,0.0,0.0
base_v5,global_mean,derived_class_macro_f1,1h7x_D,,,,,,,,,,,,,0.09090909090909091,0.09090909090909091,0.0
base_v5,global_mean,derived_class_macro_f1,1ild_A,,,,,,,,,,,,,0.0,0.0,0.0
base_v5,global_mean,derived_class_macro_f1,1jll_E,,,,,,,,,,,,,0.9090909090909091,0.0,0.9090909090909091
base_v5,global_mean,derived_class_macro_f1,1me5_B,,,,,,,,,,,,,0.0,0.0,0.0
base_v5,global_mean,derived_class_macro_f1,1mjy_A,,,,,,,,,,,,,0.0,0.0,0.0
base_v5,global_mean,derived_class_macro_f1,1u5o_A,,,,,,,,,,,,,0.5555555555555556,0.3333333333333333,0.22222222222222227
base_v5,global_mean,derived_class_macro_f1,1vyd_B,,,,,,,,,,,,,0.5,0.5,0.0
base_v5,global_mean,derived_class_macro_f1,1vzi_B,,,,,,,,,,,,,0.35,0.35,0.0
base_v5,global_mean,derived_class_macro_f1,1y39_A,,,,,,,,,,,,,0.0,0.0,0.0
base_v5,global_mean,derived_class_macro_f1,1z73_A,,,,,,,,,,,,,1.0,1.0,0.0
base_v5,global_mean,derived_class_macro_f1,1z8u_A,,,,,,,,,,,,,0.0,0.0,0.0
base_v5,global_mean,derived_class_macro_f1,2a6x_B,,,,,,,,,,,,,0.0,0.0,0.0
base_v5,global_mean,derived_class_macro_f1,2awi_L,,,,,,,,,,,,,0.0,0.0,0.0
base_v5,global_mean,derived_class_macro_f1,2bek_D,,,,,,,,,,,,,0.011111111111111112,0.011111111111111112,0.0
base_v5,global_mean,derived_class_macro_f1,2d5g_D,,,,,,,,,,,,,0.0,0.0,0.0
base_v5,global_mean,derived_class_macro_f1,2eyp_A,,,,,,,,,,,,,0.39655172413793105,0.3793103448275862,0.017241379310344862
base_v5,global_mean,derived_class_macro_f1,2hlp_A,,,,,,,,,,,,,0.043782837127845885,0.02626970227670753,0.017513134851138354
base_v5,global_mean,derived_class_macro_f1,2o94_B,,,,,,,,,,,,,0.375,0.375,0.0
base_v5,global_mean,derived_class_macro_f1,2ouv_B,,,,,,,,,,,,,0.045454545454545456,0.045454545454545456,0.0
base_v5,global_mean,derived_class_macro_f1,2pp3_B,,,,,,,,,,,,,0.0,0.4,-0.4
base_v5,global_mean,derived_class_macro_f1,2xhn_B,,,,,,,,,,,,,1.0,1.0,0.0
base_v5,global_mean,derived_class_macro_f1,2ygp_A,,,,,,,,,,,,,0.0,0.0,0.0
base_v5,global_mean,derived_class_macro_f1,3a9w_A,,,,,,,,,,,,,0.0,0.0,0.0
base_v5,global_mean,derived_class_macro_f1,3ax3_A,,,,,,,,,,,,,0.0,0.0,0.0
base_v5,global_mean,derived_class_macro_f1,3b8t_A,,,,,,,,,,,,,0.2830188679245283,0.2830188679245283,0.0
base_v5,global_mean,derived_class_macro_f1,3cfh_B,,,,,,,,,,,,,0.375,0.375,0.0
base_v5,global_mean,derived_class_macro_f1,3cyi_A,,,,,,,,,,,,,0.7777777777777778,0.0,0.7777777777777778
base_v5,global_mean,derived_class_macro_f1,3dl5_C,,,,,,,,,,,,,0.7631578947368421,0.0,0.7631578947368421
base_v5,global_mean,derived_class_macro_f1,3e44_A,,,,,,,,,,,,,0.0,0.0,0.0
base_v5,global_mean,derived_class_macro_f1,3g7j_B,,,,,,,,,,,,,0.5,0.5625,-0.0625
base_v5,global_mean,derived_class_macro_f1,3jtq_B,,,,,,,,,,,,,0.5,0.5,0.0
base_v5,global_mean,derived_class_macro_f1,3lze_A,,,,,,,,,,,,,0.0,1.0,-1.0
base_v5,global_mean,derived_class_macro_f1,3m0o_B,,,,,,,,,,,,,0.453781512605042,0.16806722689075632,0.2857142857142857
base_v5,global_mean,derived_class_macro_f1,3o98_B,,,,,,,,,,,,,0.0,0.0,0.0
base_v5,global_mean,derived_class_macro_f1,3pnv_A,,,,,,,,,,,,,0.0,0.0,0.0
base_v5,global_mean,derived_class_macro_f1,3wfz_C,,,,,,,,,,,,,0.0,0.0,0.0
base_v5,global_mean,derived_class_macro_f1,3x2y_C,,,,,,,,,,,,,0.0,0.2777777777777778,-0.2777777777777778
base_v5,global_mean,derived_class_macro_f1,3zwb_B,,,,,,,,,,,,,0.0,0.0,0.0
base_v5,global_mean,derived_class_macro_f1,4bl2_B,,,,,,,,,,,,,1.0,0.0,1.0
base_v5,global_mean,derived_class_macro_f1,4cj8_I,,,,,,,,,,,,,0.0,0.0,0.0
base_v5,global_mean,derived_class_macro_f1,4cv1_E,,,,,,,,,,,,,0.25920542635658916,0.006298449612403101,0.25290697674418605
base_v5,global_mean,derived_class_macro_f1,4dfx_E,,,,,,,,,,,,,1.0,0.0,1.0
base_v5,global_mean,derived_class_macro_f1,4f4m_D,,,,,,,,,,,,,0.17391304347826086,0.21739130434782608,-0.043478260869565216
base_v5,global_mean,derived_class_macro_f1,4gvr_C,,,,,,,,,,,,,0.7777777777777778,0.2222222222222222,0.5555555555555556
base_v5,global_mean,derived_class_macro_f1,4hgq_E,,,,,,,,,,,,,0.6875,0.3125,0.375
base_v5,global_mean,derived_class_macro_f1,4ok4_B,,,,,,,,,,,,,0.125,0.125,0.0
base_v5,global_mean,derived_class_macro_f1,4p4h_A,,,,,,,,,,,,,0.0,0.0,0.0
base_v5,global_mean,derived_class_macro_f1,4wef_A,,,,,,,,,,,,,0.15,0.15,0.0
base_v5,global_mean,derived_class_macro_f1,4x88_A,,,,,,,,,,,,,0.9242424242424242,0.9242424242424242,0.0
base_v5,global_mean,derived_class_macro_f1,4xy5_A,,,,,,,,,,,,,0.0,0.0,0.0
base_v5,global_mean,derived_class_macro_f1,5hgv_C,,,,,,,,,,,,,0.75,0.25,0.5
base_v5,global_mean,derived_class_macro_f1,5mdw_6,,,,,,,,,,,,,1.0,0.0,1.0
base_v5,global_mean,derived_class_macro_f1,5tnf_C,,,,,,,,,,,,,0.2319915254237288,0.2319915254237288,0.0
base_v5,global_mean,derived_class_macro_f1,5vec_B,,,,,,,,,,,,,0.0,0.0,0.0
base_v5,global_mean,derived_class_macro_f1,5xuh_A,,,,,,,,,,,,,0.0,0.0,0.0
base_v5,global_mean,derived_class_macro_f1,6a1v_A,,,,,,,,,,,,,0.22916666666666666,0.3333333333333333,-0.10416666666666666
base_v5,global_mean,derived_class_macro_f1,6bau_B,,,,,,,,,,,,,0.0,0.75,-0.75
base_v5,global_mean,derived_class_macro_f1,6bl6_B,,,,,,,,,,,,,0.851063829787234,0.14893617021276595,0.7021276595744681
base_v5,global_mean,derived_class_macro_f1,6e2j_A,,,,,,,,,,,,,1.0,0.0,1.0
base_v5,global_mean,derived_class_macro_f1,6ej6_A,,,,,,,,,,,,,0.0,1.0,-1.0
base_v5,global_mean,derived_class_macro_f1,6i7u_A,,,,,,,,,,,,,0.0,0.0,0.0
base_v5,global_mean,derived_class_macro_f1,6k0q_A,,,,,,,,,,,,,0.5,0.5,0.0
base_v5,global_mean,derived_class_macro_f1,6l7d_A,,,,,,,,,,,,,0.0,0.0,0.0
base_v5,global_mean,derived_class_macro_f1,6m4l_A,,,,,,,,,,,,,0.0,0.0,0.0
base_v5,global_mean,derived_class_macro_f1,6o4b_G,,,,,,,,,,,,,0.04830917874396135,0.04830917874396135,0.0
base_v5,global_mean,derived_class_macro_f1,6r6n_B,,,,,,,,,,,,,0.0,0.0,0.0
base_v5,global_mean,derived_class_macro_f1,6uau_A,,,,,,,,,,,,,0.0,0.0,0.0
base_v5,global_mean,derived_class_macro_f1,6zy0_A,,,,,,,,,,,,,1.0,0.0,1.0
base_v5,global_mean,derived_class_macro_f1,7bbx_A,,,,,,,,,,,,,0.0,1.0,-1.0
base_v5,global_mean,derived_class_macro_f1,7bxo_B,,,,,,,,,,,,,0.18181818181818182,0.045454545454545456,0.13636363636363635
base_v5,global_mean,derived_class_macro_f1,7dwo_B,,,,,,,,,,,,,0.0,0.0,0.0
base_v5,global_mean,derived_class_macro_f1,7m8h_C,,,,,,,,,,,,,0.4375,0.4375,0.0
base_v5,global_mean,derived_class_macro_f1,7n6n_A,,,,,,,,,,,,,0.5088289019687436,0.0042960557472430825,0.5045328462215005
base_v5,global_mean,derived_class_macro_f1,7nlg_C,,,,,,,,,,,,,0.8571428571428571,0.8571428571428571,0.0
base_v5,global_mean,derived_class_macro_f1,7o58_B,,,,,,,,,,,,,0.125,0.125,0.0
base_v5,global_mean,derived_class_macro_f1,7sj1_C,,,,,,,,,,,,,1.0,0.0,1.0
base_v5,global_mean,derived_class_macro_f1,7sp0_B,,,,,,,,,,,,,1.0,0.0,1.0
base_v5,global_mean,derived_class_macro_f1,7vns_A,,,,,,,,,,,,,0.5,0.0,0.5
base_v5,global_mean,derived_class_macro_f1,8eip_B,,,,,,,,,,,,,0.5,0.5,0.0
base_v5,global_mean,derived_class_macro_f1,8eqo_B,,,,,,,,,,,,,0.42021625163827,0.015727391874180863,0.4044888597640891
base_v5,global_mean,derived_class_macro_f1,8f79_A,,,,,,,,,,,,,0.0,0.0,0.0
base_v5,global_mean,derived_class_macro_f1,8jce_G,,,,,,,,,,,,,0.0,0.0,0.0
base_v5,global_mean,derived_class_macro_f1,8ka0_C,,,,,,,,,,,,,0.0,0.0,0.0
base_v5,global_mean,derived_class_macro_f1,8r3c_A,,,,,,,,,,,,,0.006666666666666667,0.006666666666666667,0.0
base_v5,global_mean,derived_class_macro_f1,8t06_A,,,,,,,,,,,,,0.0,0.0,0.0
base_v5,global_mean,derived_class_macro_f1,8up8_C,,,,,,,,,,,,,0.0,0.4,-0.4
base_v5,global_mean,derived_class_macro_f1,8wkd_A,,,,,,,,,,,,,0.0,0.0,0.0
base_v5,global_mean,derived_class_macro_f1,8x84_C,,,,,,,,,,,,,1.0,0.0,1.0
base_v5,global_mean,derived_class_macro_f1,9bc6_C,,,,,,,,,,,,,1.0,0.0,1.0
base_v5,global_mean,derived_class_macro_f1,9cp9_B,,,,,,,,,,,,,0.0,0.0,0.0
base_v5,global_mean,derived_class_macro_f1,9hkm_C,,,,,,,,,,,,,0.0,0.0,0.0
base_v5,global_mean,derived_class_macro_f1,9j83_A,,,,,,,,,,,,,1.0,0.0,1.0
base_v5,global_mean,derived_class_macro_f1,9m80_B,,,,,,,,,,,,,0.0,0.0,0.0
base_v5,global_mean,derived_class_macro_f1,9r2f_C,,,,,,,,,,,,,1.0,0.0,1.0
base_v5,global_mean,derived_class_macro_f1,9sd5_A,,,,,,,,,,,,,0.0,0.0,0.0
base_v5,global_mean,derived_class_macro_f1,9swq_B,,,,,,,,,,,,,1.0,0.0,1.0
base_v5,global_mean,derived_class_macro_f1,9va6_A,,,,,,,,,,,,,0.0,0.0,0.0
base_v5,shell_mean,global_mae,1ct1_E,0.2773535816057411,0.4119770851132635,-0.1346235035075224,,,,,,,,,,,,
base_v5,shell_mean,global_mae,1gyr_C,0.3646523220836434,0.2963182401741026,0.06833408190954082,,,,,,,,,,,,
base_v5,shell_mean,global_mae,1h7x_D,0.18513522668236604,0.4661029369850102,-0.28096771030264417,,,,,,,,,,,,
base_v5,shell_mean,global_mae,1ild_A,0.15970983367833647,0.43094091027511233,-0.27123107659677587,,,,,,,,,,,,
base_v5,shell_mean,global_mae,1jll_E,0.22554619104010712,0.2826244332647074,-0.057078242224600256,,,,,,,,,,,,
base_v5,shell_mean,global_mae,1me5_B,0.2598359432817941,0.3391051835960104,-0.07926924031421628,,,,,,,,,,,,
base_v5,shell_mean,global_mae,1mjy_A,0.39436258041871747,0.4186693555500386,-0.024306775131321123,,,,,,,,,,,,
base_v5,shell_mean,global_mae,1u5o_A,0.3115856679339157,0.43959942552273606,-0.1280137575888204,,,,,,,,,,,,
base_v5,shell_mean,global_mae,1vyd_B,0.14097670481363633,0.3777864067293383,-0.23680970191570194,,,,,,,,,,,,
base_v5,shell_mean,global_mae,1vzi_B,0.18632298683961854,0.3977071557118558,-0.21138416887223724,,,,,,,,,,,,
base_v5,shell_mean,global_mae,1y39_A,0.2109787290462771,0.3659341095166432,-0.15495538047036608,,,,,,,,,,,,
base_v5,shell_mean,global_mae,1z73_A,0.06641552078324449,0.47313530459798064,-0.40671978381473617,,,,,,,,,,,,
base_v5,shell_mean,global_mae,1z8u_A,0.2822472388493932,0.3643477969647696,-0.08210055811537642,,,,,,,,,,,,
base_v5,shell_mean,global_mae,2a6x_B,0.16920783346068097,0.4269673695626188,-0.25775953610193786,,,,,,,,,,,,
base_v5,shell_mean,global_mae,2awi_L,0.2255493866764519,0.3041648492523252,-0.07861546257587326,,,,,,,,,,,,
base_v5,shell_mean,global_mae,2bek_D,0.17516712583325134,0.3278020854760863,-0.15263495964283497,,,,,,,,,,,,
base_v5,shell_mean,global_mae,2d5g_D,0.27948298327714566,0.36880569671650965,-0.08932271343936399,,,,,,,,,,,,
base_v5,shell_mean,global_mae,2eyp_A,0.19452737293423103,0.4533999626647564,-0.2588725897305254,,,,,,,,,,,,
base_v5,shell_mean,global_mae,2hlp_A,0.31801972003764456,0.40669039501035315,-0.08867067497270859,,,,,,,,,,,,
base_v5,shell_mean,global_mae,2o94_B,0.2224696957410368,0.2769318037625293,-0.054462108021492484,,,,,,,,,,,,
base_v5,shell_mean,global_mae,2ouv_B,0.19517570462503883,0.315627868906367,-0.12045216428132818,,,,,,,,,,,,
base_v5,shell_mean,global_mae,2pp3_B,0.11384525143993303,0.47482923459497434,-0.3609839831550413,,,,,,,,,,,,
base_v5,shell_mean,global_mae,2xhn_B,0.13406192656518437,0.5543923625561196,-0.4203304359909352,,,,,,,,,,,,
base_v5,shell_mean,global_mae,2ygp_A,0.2289951940109932,0.43450398766168064,-0.20550879365068744,,,,,,,,,,,,
base_v5,shell_mean,global_mae,3a9w_A,0.1395984046544669,0.44367540760419777,-0.30407700294973083,,,,,,,,,,,,
base_v5,shell_mean,global_mae,3ax3_A,0.666376341360085,0.6065683388198265,0.05980800254025842,,,,,,,,,,,,
base_v5,shell_mean,global_mae,3b8t_A,0.12208701594584816,0.4816803838430763,-0.3595933678972282,,,,,,,,,,,,
base_v5,shell_mean,global_mae,3cfh_B,0.12510215774407757,0.4760473132275739,-0.3509451554834963,,,,,,,,,,,,
base_v5,shell_mean,global_mae,3cyi_A,2.2016246515526396,1.9852199556338885,0.2164046959187511,,,,,,,,,,,,
base_v5,shell_mean,global_mae,3dl5_C,0.22750206837714657,0.35256528395606535,-0.12506321557891878,,,,,,,,,,,,
base_v5,shell_mean,global_mae,3e44_A,0.6680758691503252,0.491488959791698,0.17658690935862725,,,,,,,,,,,,
base_v5,shell_mean,global_mae,3g7j_B,0.1579529561543645,0.45058276076233533,-0.29262980460797083,,,,,,,,,,,,
base_v5,shell_mean,global_mae,3jtq_B,0.10887245888379313,0.44817083693551923,-0.33929837805172613,,,,,,,,,,,,
base_v5,shell_mean,global_mae,3lze_A,0.37830967451245784,0.42126689997267414,-0.0429572254602163,,,,,,,,,,,,
base_v5,shell_mean,global_mae,3m0o_B,0.13532201675194958,0.46445549915301165,-0.3291334824010621,,,,,,,,,,,,
base_v5,shell_mean,global_mae,3o98_B,0.14449740752614848,0.31915147170412106,-0.17465406417797258,,,,,,,,,,,,
base_v5,shell_mean,global_mae,3pnv_A,0.607757563176388,0.6358362699433614,-0.028078706766973438,,,,,,,,,,,,
base_v5,shell_mean,global_mae,3wfz_C,0.1075864451297589,0.43145352127156616,-0.32386707614180726,,,,,,,,,,,,
base_v5,shell_mean,global_mae,3x2y_C,0.22677185228771413,0.4385353682358255,-0.21176351594811138,,,,,,,,,,,,
base_v5,shell_mean,global_mae,3zwb_B,0.1983591088345334,0.28595447242288946,-0.08759536358835607,,,,,,,,,,,,
base_v5,shell_mean,global_mae,4bl2_B,0.584999478793932,0.5830278055490584,0.001971673244873573,,,,,,,,,,,,
base_v5,shell_mean,global_mae,4cj8_I,0.3564385893049752,0.33609459220213583,0.02034399710283935,,,,,,,,,,,,
base_v5,shell_mean,global_mae,4cv1_E,0.37975315782082864,0.46462766170505787,-0.08487450388422924,,,,,,,,,,,,
base_v5,shell_mean,global_mae,4dfx_E,0.2898443682722239,0.47876920443704557,-0.1889248361648217,,,,,,,,,,,,
base_v5,shell_mean,global_mae,4f4m_D,0.20020841111311807,0.37563612603201035,-0.17542771491889228,,,,,,,,,,,,
base_v5,shell_mean,global_mae,4gvr_C,0.3212424949851262,0.4845227508937096,-0.16328025590858342,,,,,,,,,,,,
base_v5,shell_mean,global_mae,4hgq_E,0.2732562752530427,0.39715827327908176,-0.12390199802603907,,,,,,,,,,,,
base_v5,shell_mean,global_mae,4ok4_B,0.23306438645586205,0.42354018199290555,-0.1904757955370435,,,,,,,,,,,,
base_v5,shell_mean,global_mae,4p4h_A,0.38567433642481075,0.32005797523232377,0.06561636119248698,,,,,,,,,,,,
base_v5,shell_mean,global_mae,4wef_A,0.1732691669003636,0.39769328216278793,-0.22442411526242434,,,,,,,,,,,,
base_v5,shell_mean,global_mae,4x88_A,0.14920851065491764,0.40511207577382147,-0.25590356511890383,,,,,,,,,,,,
base_v5,shell_mean,global_mae,4xy5_A,0.11527890528195613,0.3611218649624608,-0.24584295968050468,,,,,,,,,,,,
base_v5,shell_mean,global_mae,5hgv_C,0.23305079830615874,0.5038589290287362,-0.2708081307225775,,,,,,,,,,,,
base_v5,shell_mean,global_mae,5mdw_6,0.34166685526724905,0.3187659321120009,0.022900923155248165,,,,,,,,,,,,
base_v5,shell_mean,global_mae,5tnf_C,0.11320378969898846,0.42647949887377484,-0.31327570917478637,,,,,,,,,,,,
base_v5,shell_mean,global_mae,5vec_B,0.14456858636836695,0.41810033649473666,-0.2735317501263697,,,,,,,,,,,,
base_v5,shell_mean,global_mae,5xuh_A,0.5760296253363292,0.5025500610470771,0.07347956428925206,,,,,,,,,,,,
base_v5,shell_mean,global_mae,6a1v_A,0.22020014407853314,0.42577818817285934,-0.2055780440943262,,,,,,,,,,,,
base_v5,shell_mean,global_mae,6bau_B,0.20071101557650584,0.4023984128748541,-0.20168739729834828,,,,,,,,,,,,
base_v5,shell_mean,global_mae,6bl6_B,1.496539377481055,1.5096550316565684,-0.013115654175513525,,,,,,,,,,,,
base_v5,shell_mean,global_mae,6e2j_A,0.35938112904256747,0.3202245361476301,0.03915659289493739,,,,,,,,,,,,
base_v5,shell_mean,global_mae,6ej6_A,0.12171006549640999,0.5298445486084937,-0.4081344831120837,,,,,,,,,,,,
base_v5,shell_mean,global_mae,6i7u_A,0.24966517722694784,0.38370084665435295,-0.1340356694274051,,,,,,,,,,,,
base_v5,shell_mean,global_mae,6k0q_A,0.11887270909598079,0.5204981883592826,-0.40162547926330183,,,,,,,,,,,,
base_v5,shell_mean,global_mae,6l7d_A,0.3692663837677002,0.39510735274396425,-0.025840968976264034,,,,,,,,,,,,
base_v5,shell_mean,global_mae,6m4l_A,0.1165020644773669,0.45250044130126854,-0.33599837682390166,,,,,,,,,,,,
base_v5,shell_mean,global_mae,6o4b_G,0.3181105623589912,0.39851469235067216,-0.08040412999168095,,,,,,,,,,,,
base_v5,shell_mean,global_mae,6r6n_B,0.1186655711568892,0.36240153612568976,-0.24373596496880057,,,,,,,,,,,,
base_v5,shell_mean,global_mae,6uau_A,0.10585406285814973,0.3786265162434197,-0.27277245338526995,,,,,,,,,,,,
base_v5,shell_mean,global_mae,6zy0_A,0.10935278160872201,0.4576831054574838,-0.3483303238487618,,,,,,,,,,,,
base_v5,shell_mean,global_mae,7bbx_A,0.3022926254780032,0.5208702236572704,-0.21857759817926725,,,,,,,,,,,,
base_v5,shell_mean,global_mae,7bxo_B,0.33140145483440453,0.4231239558401976,-0.09172250100579304,,,,,,,,,,,,
base_v5,shell_mean,global_mae,7dwo_B,1.6817211286477387,1.5739153688996774,0.10780575974806128,,,,,,,,,,,,
base_v5,shell_mean,global_mae,7m8h_C,0.15242819164020957,0.4534923475901228,-0.3010641559499132,,,,,,,,,,,,
base_v5,shell_mean,global_mae,7n6n_A,0.47928447139671065,0.4557734797474483,0.023510991649262347,,,,,,,,,,,,
base_v5,shell_mean,global_mae,7nlg_C,0.1969653345447098,0.3511934038139386,-0.1542280692692288,,,,,,,,,,,,
base_v5,shell_mean,global_mae,7o58_B,0.838045751018682,0.7928470984255553,0.04519865259312661,,,,,,,,,,,,
base_v5,shell_mean,global_mae,7sj1_C,0.5855085484027787,0.416938435856481,0.16857011254629767,,,,,,,,,,,,
base_v5,shell_mean,global_mae,7sp0_B,0.22377520304967147,0.40913381042783376,-0.1853586073781623,,,,,,,,,,,,
base_v5,shell_mean,global_mae,7vns_A,0.25772351983964953,0.47973220263808947,-0.22200868279843994,,,,,,,,,,,,
base_v5,shell_mean,global_mae,8eip_B,0.11624156235966236,0.4325880442490903,-0.31634648188942793,,,,,,,,,,,,
base_v5,shell_mean,global_mae,8eqo_B,0.43725983768684534,0.34703890086464056,0.09022093682220478,,,,,,,,,,,,
base_v5,shell_mean,global_mae,8f79_A,1.8473180905251987,1.6752685389878543,0.17204955153734436,,,,,,,,,,,,
base_v5,shell_mean,global_mae,8jce_G,0.1505736293622286,0.39137256491131145,-0.24079893554908285,,,,,,,,,,,,
base_v5,shell_mean,global_mae,8ka0_C,0.7364720822254449,0.5847668528326868,0.1517052293927581,,,,,,,,,,,,
base_v5,shell_mean,global_mae,8r3c_A,0.18723240817210088,0.45081979953380075,-0.26358739136169984,,,,,,,,,,,,
base_v5,shell_mean,global_mae,8t06_A,0.252083155249325,0.32362721162852853,-0.07154405637920352,,,,,,,,,,,,
base_v5,shell_mean,global_mae,8up8_C,0.19189950744478615,0.41609867566887954,-0.2241991682240934,,,,,,,,,,,,
base_v5,shell_mean,global_mae,8wkd_A,0.5407187705859542,0.4306787444899479,0.11004002609600627,,,,,,,,,,,,
base_v5,shell_mean,global_mae,8x84_C,0.2788792166836301,0.42575243984751177,-0.14687322316388168,,,,,,,,,,,,
base_v5,shell_mean,global_mae,9bc6_C,0.5078691858220999,0.49715356700110813,0.010715618820991812,,,,,,,,,,,,
base_v5,shell_mean,global_mae,9cp9_B,0.11530324536932855,0.4334479141898239,-0.31814466882049536,,,,,,,,,,,,
base_v5,shell_mean,global_mae,9hkm_C,0.5177179713747252,0.5304264156854214,-0.012708444310696176,,,,,,,,,,,,
base_v5,shell_mean,global_mae,9j83_A,2.187089989350049,2.306657405871139,-0.11956741652109004,,,,,,,,,,,,
base_v5,shell_mean,global_mae,9m80_B,0.3900951056492751,0.23063811493433709,0.159456990714938,,,,,,,,,,,,
base_v5,shell_mean,global_mae,9r2f_C,7.49932209374728,7.66985877029935,-0.17053667655206972,,,,,,,,,,,,
base_v5,shell_mean,global_mae,9sd5_A,0.11746324800802042,0.4270916948361056,-0.30962844682808516,,,,,,,,,,,,
base_v5,shell_mean,global_mae,9swq_B,0.8965268671698288,0.6733021938076643,0.22322467336216445,,,,,,,,,,,,
base_v5,shell_mean,global_mae,9va6_A,0.49435491479481714,0.3697646000958753,0.12459031469894183,,,,,,,,,,,,
base_v5,shell_mean,shell_mae,1ct1_E,,,,0.4968122218967269,0.5520926235884855,-0.05528040169175863,,,,,,,,,
base_v5,shell_mean,shell_mae,1gyr_C,,,,0.2820777465948358,0.28124702527257034,0.0008307213222654708,,,,,,,,,
base_v5,shell_mean,shell_mae,1h7x_D,,,,0.8701647105429514,1.066157115207631,-0.1959924046646796,,,,,,,,,
base_v5,shell_mean,shell_mae,1ild_A,,,,0.1738051065133128,0.4536814602803311,-0.27987635376701825,,,,,,,,,
base_v5,shell_mean,shell_mae,1jll_E,,,,0.1534827544201841,0.35518552381418655,-0.20170276939400245,,,,,,,,,
base_v5,shell_mean,shell_mae,1me5_B,,,,0.2196646446239613,0.336752541444854,-0.11708789682089271,,,,,,,,,
base_v5,shell_mean,shell_mae,1mjy_A,,,,0.39776347062248985,0.3761356847865366,0.02162778583595326,,,,,,,,,
base_v5,shell_mean,shell_mae,1u5o_A,,,,0.29191689444976643,0.4125888115468579,-0.12067191709709146,,,,,,,,,
base_v5,shell_mean,shell_mae,1vyd_B,,,,0.16618743950326356,0.3841315483398743,-0.21794410883661072,,,,,,,,,
base_v5,shell_mean,shell_mae,1vzi_B,,,,0.1775257520251315,0.4704727833989093,-0.2929470313737778,,,,,,,,,
base_v5,shell_mean,shell_mae,1y39_A,,,,0.269830314139379,0.3378802395553565,-0.06804992541597749,,,,,,,,,
base_v5,shell_mean,shell_mae,1z73_A,,,,0.06511828056044752,0.4991870766301355,-0.43406879606968796,,,,,,,,,
base_v5,shell_mean,shell_mae,1z8u_A,,,,0.7766606972471851,0.8096747620044735,-0.03301406475728841,,,,,,,,,
base_v5,shell_mean,shell_mae,2a6x_B,,,,0.16230971750463266,0.4780150790196004,-0.31570536151496775,,,,,,,,,
base_v5,shell_mean,shell_mae,2awi_L,,,,0.16126686557718434,0.361381187489114,-0.20011432191192968,,,,,,,,,
base_v5,shell_mean,shell_mae,2bek_D,,,,0.15665759027387216,0.35499691139741435,-0.1983393211235422,,,,,,,,,
base_v5,shell_mean,shell_mae,2d5g_D,,,,0.21685364402703242,0.3252691520998875,-0.10841550807285508,,,,,,,,,
base_v5,shell_mean,shell_mae,2eyp_A,,,,0.17629325654856423,0.4771839106505773,-0.3008906541020131,,,,,,,,,
base_v5,shell_mean,shell_mae,2hlp_A,,,,0.28514007248408674,0.39425389274002254,-0.1091138202559358,,,,,,,,,
base_v5,shell_mean,shell_mae,2o94_B,,,,0.19750983527533064,0.27722750441873895,-0.0797176691434083,,,,,,,,,
base_v5,shell_mean,shell_mae,2ouv_B,,,,0.17342363215499018,0.41644693527484067,-0.2430233031198505,,,,,,,,,
base_v5,shell_mean,shell_mae,2pp3_B,,,,0.1709706360460029,0.505868160601676,-0.3348975245556731,,,,,,,,,
base_v5,shell_mean,shell_mae,2xhn_B,,,,0.11842343071904537,0.5764154142564815,-0.4579919835374361,,,,,,,,,
base_v5,shell_mean,shell_mae,2ygp_A,,,,0.1968644907510001,0.364998449393279,-0.16813395864227892,,,,,,,,,
base_v5,shell_mean,shell_mae,3a9w_A,,,,0.13975069539714768,0.4950769967335704,-0.35532630133642273,,,,,,,,,
base_v5,shell_mean,shell_mae,3ax3_A,,,,0.8420378233473437,0.7004610664252908,0.14157675692205285,,,,,,,,,
base_v5,shell_mean,shell_mae,3b8t_A,,,,0.13075289412752325,0.45024593896008885,-0.3194930448325656,,,,,,,,,
base_v5,shell_mean,shell_mae,3cfh_B,,,,0.11000384037388129,0.5090997165671276,-0.3990958761932463,,,,,,,,,
base_v5,shell_mean,shell_mae,3cyi_A,,,,1.847091554919215,1.5567419578542598,0.2903495970649552,,,,,,,,,
base_v5,shell_mean,shell_mae,3dl5_C,,,,0.2394512400088653,0.36846737654265044,-0.12901613653378513,,,,,,,,,
base_v5,shell_mean,shell_mae,3e44_A,,,,1.0421111694900103,0.8012070598494169,0.2409041096405934,,,,,,,,,
base_v5,shell_mean,shell_mae,3g7j_B,,,,0.2614354814429585,0.5336211119825103,-0.2721856305395518,,,,,,,,,
base_v5,shell_mean,shell_mae,3jtq_B,,,,0.10470332575720122,0.4600344170878723,-0.3553310913306711,,,,,,,,,
base_v5,shell_mean,shell_mae,3lze_A,,,,0.44313134355326067,0.38899415011450866,0.05413719343875201,,,,,,,,,
base_v5,shell_mean,shell_mae,3m0o_B,,,,0.15015599875361552,0.4923593827918835,-0.342203384038268,,,,,,,,,
base_v5,shell_mean,shell_mae,3o98_B,,,,0.14471187883934922,0.30391595876732874,-0.15920407992797952,,,,,,,,,
base_v5,shell_mean,shell_mae,3pnv_A,,,,0.42608178869987906,0.43277805346806586,-0.006696264768186799,,,,,,,,,
base_v5,shell_mean,shell_mae,3wfz_C,,,,0.09039330548091608,0.46109064482994205,-0.370697339349026,,,,,,,,,
base_v5,shell_mean,shell_mae,3x2y_C,,,,0.3194491923102386,0.48510676597350993,-0.16565757366327133,,,,,,,,,
base_v5,shell_mean,shell_mae,3zwb_B,,,,0.15925943419139646,0.3376469828154242,-0.17838754862402775,,,,,,,,,
base_v5,shell_mean,shell_mae,4bl2_B,,,,0.49765208425002794,0.4890818849222255,0.008570199327802452,,,,,,,,,
base_v5,shell_mean,shell_mae,4cj8_I,,,,0.4736614048855869,0.38729383073907264,0.08636757414651425,,,,,,,,,
base_v5,shell_mean,shell_mae,4cv1_E,,,,0.538326758612298,0.6219532937952026,-0.08362653518290464,,,,,,,,,
base_v5,shell_mean,shell_mae,4dfx_E,,,,0.9807459823719219,1.0308383122277527,-0.050092329855830786,,,,,,,,,
base_v5,shell_mean,shell_mae,4f4m_D,,,,0.17185453351382607,0.4328704122071923,-0.26101587869336623,,,,,,,,,
base_v5,shell_mean,shell_mae,4gvr_C,,,,0.20291261452654324,0.45944189010926667,-0.2565292755827234,,,,,,,,,
base_v5,shell_mean,shell_mae,4hgq_E,,,,0.32758948429812473,0.377341209135778,-0.04975172483765328,,,,,,,,,
base_v5,shell_mean,shell_mae,4ok4_B,,,,0.2164577294279512,0.4305565446522583,-0.2140988152243071,,,,,,,,,
base_v5,shell_mean,shell_mae,4p4h_A,,,,0.2916846904111855,0.29292962852835686,-0.001244938117171357,,,,,,,,,
base_v5,shell_mean,shell_mae,4wef_A,,,,0.12537465656421384,0.4231946166255482,-0.2978199600613344,,,,,,,,,
base_v5,shell_mean,shell_mae,4x88_A,,,,0.1709335799583866,0.44681502253876987,-0.2758814425803833,,,,,,,,,
base_v5,shell_mean,shell_mae,4xy5_A,,,,0.10433135297576597,0.46060792420599145,-0.3562765712302255,,,,,,,,,
base_v5,shell_mean,shell_mae,5hgv_C,,,,0.23663336906349877,0.5480839806558062,-0.31145061159230747,,,,,,,,,
base_v5,shell_mean,shell_mae,5mdw_6,,,,0.30539544674649577,0.3109578359780604,-0.005562389231564657,,,,,,,,,
base_v5,shell_mean,shell_mae,5tnf_C,,,,0.11869617174570901,0.4355211952237319,-0.3168250234780229,,,,,,,,,
base_v5,shell_mean,shell_mae,5vec_B,,,,0.1764264014538507,0.467969127862972,-0.2915427264091213,,,,,,,,,
base_v5,shell_mean,shell_mae,5xuh_A,,,,0.36701343575850215,0.41963098466124965,-0.0526175489027475,,,,,,,,,
base_v5,shell_mean,shell_mae,6a1v_A,,,,0.20925948036903128,0.44165337051872866,-0.23239389014969739,,,,,,,,,
base_v5,shell_mean,shell_mae,6bau_B,,,,0.1805290678474196,0.43677950355158407,-0.2562504357041645,,,,,,,,,
base_v5,shell_mean,shell_mae,6bl6_B,,,,1.3104281349620368,1.2953164843902776,0.015111650571759228,,,,,,,,,
base_v5,shell_mean,shell_mae,6e2j_A,,,,0.4724433528785402,0.32456552441088893,0.1478778284676513,,,,,,,,,
base_v5,shell_mean,shell_mae,6ej6_A,,,,0.12417794359552485,0.5810702985757403,-0.45689235498021546,,,,,,,,,
base_v5,shell_mean,shell_mae,6i7u_A,,,,0.17533119369643332,0.4133723156216728,-0.2380411219252395,,,,,,,,,
base_v5,shell_mean,shell_mae,6k0q_A,,,,0.08130388274594266,0.5402691500203834,-0.45896526727444076,,,,,,,,,
base_v5,shell_mean,shell_mae,6l7d_A,,,,0.7195447782242487,0.6586551695365293,0.06088960868771942,,,,,,,,,
base_v5,shell_mean,shell_mae,6m4l_A,,,,0.1127112115897885,0.46946046615607684,-0.35674925456628837,,,,,,,,,
base_v5,shell_mean,shell_mae,6o4b_G,,,,0.2712306504264474,0.3687228118376046,-0.09749216141115719,,,,,,,,,
base_v5,shell_mean,shell_mae,6r6n_B,,,,0.11046947070278496,0.3300835712446147,-0.21961410054182973,,,,,,,,,
base_v5,shell_mean,shell_mae,6uau_A,,,,0.08492005005384794,0.45597618413439744,-0.3710561340805495,,,,,,,,,
base_v5,shell_mean,shell_mae,6zy0_A,,,,0.11105360472297847,0.5078679654792114,-0.39681436075623294,,,,,,,,,
base_v5,shell_mean,shell_mae,7bbx_A,,,,0.2554263252492812,0.5125574879636161,-0.2571311627143349,,,,,,,,,
base_v5,shell_mean,shell_mae,7bxo_B,,,,0.9954496344269217,1.0702312677673966,-0.07478163334047494,,,,,,,,,
base_v5,shell_mean,shell_mae,7dwo_B,,,,1.5273058220130618,1.3770907809438737,0.15021504106918804,,,,,,,,,
base_v5,shell_mean,shell_mae,7m8h_C,,,,0.14727182481953804,0.5119580276318795,-0.36468620281234143,,,,,,,,,
base_v5,shell_mean,shell_mae,7n6n_A,,,,0.36055837226155113,0.40657508589652336,-0.04601671363497223,,,,,,,,,
base_v5,shell_mean,shell_mae,7nlg_C,,,,0.24005687828052338,0.3766273074469135,-0.1365704291663901,,,,,,,,,
base_v5,shell_mean,shell_mae,7o58_B,,,,0.8037799932686585,0.69783362083681,0.10594637243184846,,,,,,,,,
base_v5,shell_mean,shell_mae,7sj1_C,,,,0.5983057201906559,0.3703313567217587,0.22797436346889716,,,,,,,,,
base_v5,shell_mean,shell_mae,7sp0_B,,,,0.4972868664176963,0.46736211236117164,0.02992475405652467,,,,,,,,,
base_v5,shell_mean,shell_mae,7vns_A,,,,0.27238607998384384,0.4798018326970068,-0.20741575271316298,,,,,,,,,
base_v5,shell_mean,shell_mae,8eip_B,,,,0.12703308839402103,0.517285043540754,-0.39025195514673294,,,,,,,,,
base_v5,shell_mean,shell_mae,8eqo_B,,,,0.4737462781855824,0.406743858454888,0.06700241973069443,,,,,,,,,
base_v5,shell_mean,shell_mae,8f79_A,,,,2.1604931410587658,1.9512677375819505,0.20922540347681529,,,,,,,,,
base_v5,shell_mean,shell_mae,8jce_G,,,,0.13582322722514967,0.31120678210912534,-0.17538355488397567,,,,,,,,,
base_v5,shell_mean,shell_mae,8ka0_C,,,,0.3500355907235956,0.3781477513167528,-0.028112160593157243,,,,,,,,,
base_v5,shell_mean,shell_mae,8r3c_A,,,,0.20105624902861247,0.40185125311961034,-0.20079500409099788,,,,,,,,,
base_v5,shell_mean,shell_mae,8t06_A,,,,0.34223703024051555,0.3778545252936479,-0.03561749505313233,,,,,,,,,
base_v5,shell_mean,shell_mae,8up8_C,,,,0.3100081191259198,0.41333367028048773,-0.10332555115456793,,,,,,,,,
base_v5,shell_mean,shell_mae,8wkd_A,,,,0.7524088247655294,0.9134743627965887,-0.16106553803105927,,,,,,,,,
base_v5,shell_mean,shell_mae,8x84_C,,,,1.0045253183322995,1.0383793206187004,-0.0338540022864009,,,,,,,,,
base_v5,shell_mean,shell_mae,9bc6_C,,,,0.43961795565520356,0.41867627641446836,0.0209416792407352,,,,,,,,,
base_v5,shell_mean,shell_mae,9cp9_B,,,,0.11277365701819958,0.4733900571213055,-0.3606164001031059,,,,,,,,,
base_v5,shell_mean,shell_mae,9hkm_C,,,,1.0750828009975433,0.8964704979806558,0.17861230301688746,,,,,,,,,
base_v5,shell_mean,shell_mae,9j83_A,,,,1.1756373602080417,1.1044740729563318,0.07116328725170984,,,,,,,,,
base_v5,shell_mean,shell_mae,9m80_B,,,,0.25128525928390655,0.28395332874133006,-0.03266806945742351,,,,,,,,,
base_v5,shell_mean,shell_mae,9r2f_C,,,,7.195597653421799,7.414449244344029,-0.21885159092223017,,,,,,,,,
base_v5,shell_mean,shell_mae,9sd5_A,,,,0.15472904439888732,0.4524383304543952,-0.29770928605550784,,,,,,,,,
base_v5,shell_mean,shell_mae,9swq_B,,,,0.5801972591203144,0.398066264000941,0.18213099511937342,,,,,,,,,
base_v5,shell_mean,shell_mae,9va6_A,,,,0.737637812861499,0.5506931368639153,0.1869446759975837,,,,,,,,,
base_v5,shell_mean,perturbed_auprc,1ct1_E,,,,,,,0.3134563158590995,0.17025526484630168,0.14320105101279781,,,,,,
base_v5,shell_mean,perturbed_auprc,1gyr_C,,,,,,,0.24137613426451912,0.12788141271011935,0.11349472155439977,,,,,,
base_v5,shell_mean,perturbed_auprc,1h7x_D,,,,,,,0.19274419423603859,0.04166296687249305,0.15108122736354554,,,,,,
base_v5,shell_mean,perturbed_auprc,1ild_A,,,,,,,0.5645833333333333,0.01,0.5545833333333333,,,,,,
base_v5,shell_mean,perturbed_auprc,1jll_E,,,,,,,0.23809012511812375,0.06336842350750863,0.17472170161061512,,,,,,
base_v5,shell_mean,perturbed_auprc,1me5_B,,,,,,,0.25466488198553144,0.09560115957712217,0.15906372240840927,,,,,,
base_v5,shell_mean,perturbed_auprc,1mjy_A,,,,,,,0.4541484793144144,0.18629731927043724,0.26785116004397713,,,,,,
base_v5,shell_mean,perturbed_auprc,1u5o_A,,,,,,,0.4696348553005658,0.18692610906663454,0.2827087462339313,,,,,,
base_v5,shell_mean,perturbed_auprc,1vyd_B,,,,,,,0.525,0.015625,0.509375,,,,,,
base_v5,shell_mean,perturbed_auprc,1vzi_B,,,,,,,0.03600564523406963,0.018164762067201093,0.017840883166868535,,,,,,
base_v5,shell_mean,perturbed_auprc,1y39_A,,,,,,,0.03125,0.3333333333333333,-0.3020833333333333,,,,,,
base_v5,shell_mean,perturbed_auprc,1z73_A,,,,,,,,,,,,,,,
base_v5,shell_mean,perturbed_auprc,1z8u_A,,,,,,,0.738429427715142,0.4777992277992278,0.2606301999159142,,,,,,
base_v5,shell_mean,perturbed_auprc,2a6x_B,,,,,,,0.08354174561071112,0.016566074531990604,0.06697567107872052,,,,,,
base_v5,shell_mean,perturbed_auprc,2awi_L,,,,,,,0.41920676212018826,0.09881182077200466,0.3203949413481836,,,,,,
base_v5,shell_mean,perturbed_auprc,2bek_D,,,,,,,0.32037350802098347,0.051791467282506,0.26858204073847747,,,,,,
base_v5,shell_mean,perturbed_auprc,2d5g_D,,,,,,,0.37400157590947064,0.08246908009907376,0.29153249581039686,,,,,,
base_v5,shell_mean,perturbed_auprc,2eyp_A,,,,,,,0.19286477542122732,0.07244601637874862,0.1204187590424787,,,,,,
base_v5,shell_mean,perturbed_auprc,2hlp_A,,,,,,,0.416640731516609,0.08070259503666251,0.3359381364799465,,,,,,
base_v5,shell_mean,perturbed_auprc,2o94_B,,,,,,,0.11005739930191405,0.03220408163265306,0.07785331766926099,,,,,,
base_v5,shell_mean,perturbed_auprc,2ouv_B,,,,,,,0.1498679132296457,0.06528662878181411,0.0845812844478316,,,,,,
base_v5,shell_mean,perturbed_auprc,2pp3_B,,,,,,,0.20226953438104806,0.011750315992445068,0.19051921838860297,,,,,,
base_v5,shell_mean,perturbed_auprc,2xhn_B,,,,,,,,,,,,,,,
base_v5,shell_mean,perturbed_auprc,2ygp_A,,,,,,,1.0,0.007936507936507936,0.9920634920634921,,,,,,
base_v5,shell_mean,perturbed_auprc,3a9w_A,,,,,,,0.40328074227772776,0.008032694794326127,0.39524804748340164,,,,,,
base_v5,shell_mean,perturbed_auprc,3ax3_A,,,,,,,0.6341463820877774,0.4092935269278534,0.22485285515992398,,,,,,
base_v5,shell_mean,perturbed_auprc,3b8t_A,,,,,,,0.4191750743020686,0.05949957664606311,0.3596754976560055,,,,,,
base_v5,shell_mean,perturbed_auprc,3cfh_B,,,,,,,0.11305187783231262,0.02306539216646343,0.08998648566584919,,,,,,
base_v5,shell_mean,perturbed_auprc,3cyi_A,,,,,,,0.9132953742525431,0.9015214495237226,0.01177392472882055,,,,,,
base_v5,shell_mean,perturbed_auprc,3dl5_C,,,,,,,0.2510934664403442,0.04437868312586388,0.20671478331448032,,,,,,
base_v5,shell_mean,perturbed_auprc,3e44_A,,,,,,,0.6584517001764231,0.3372760570526289,0.32117564312379415,,,,,,
base_v5,shell_mean,perturbed_auprc,3g7j_B,,,,,,,0.29363711535523923,0.06655503087399721,0.227082084481242,,,,,,
base_v5,shell_mean,perturbed_auprc,3jtq_B,,,,,,,0.6946923123862778,0.019148936170212766,0.6755433762160651,,,,,,
base_v5,shell_mean,perturbed_auprc,3lze_A,,,,,,,,,,,,,,,
base_v5,shell_mean,perturbed_auprc,3m0o_B,,,,,,,0.23637662732995787,0.024356260323479585,0.21202036700647828,,,,,,
base_v5,shell_mean,perturbed_auprc,3o98_B,,,,,,,0.05263157894736842,0.001949317738791423,0.050682261208576995,,,,,,
base_v5,shell_mean,perturbed_auprc,3pnv_A,,,,,,,0.4606789480311611,0.236281385408318,0.2243975626228431,,,,,,
base_v5,shell_mean,perturbed_auprc,3wfz_C,,,,,,,0.02477802828022464,0.013564097042779213,0.011213931237445426,,,,,,
base_v5,shell_mean,perturbed_auprc,3x2y_C,,,,,,,0.2024684907048265,0.05883683561210947,0.14363165509271703,,,,,,
base_v5,shell_mean,perturbed_auprc,3zwb_B,,,,,,,0.17676873920407704,0.0351025209145985,0.14166621828947853,,,,,,
base_v5,shell_mean,perturbed_auprc,4bl2_B,,,,,,,0.4475071927738763,0.1852280961894419,0.2622790965844344,,,,,,
base_v5,shell_mean,perturbed_auprc,4cj8_I,,,,,,,0.4322200560802091,0.2034195241903909,0.2288005318898182,,,,,,
base_v5,shell_mean,perturbed_auprc,4cv1_E,,,,,,,0.5245755378539387,0.14458554764686052,0.37998999020707824,,,,,,
base_v5,shell_mean,perturbed_auprc,4dfx_E,,,,,,,0.23410649964651975,0.3479794539772812,-0.11387295433076144,,,,,,
base_v5,shell_mean,perturbed_auprc,4f4m_D,,,,,,,0.35512330728714153,0.08195056102126926,0.2731727462658723,,,,,,
base_v5,shell_mean,perturbed_auprc,4gvr_C,,,,,,,0.16628815812281608,0.09044871493766875,0.07583944318514733,,,,,,
base_v5,shell_mean,perturbed_auprc,4hgq_E,,,,,,,0.30187471546570144,0.013841889655592734,0.2880328258101087,,,,,,
base_v5,shell_mean,perturbed_auprc,4ok4_B,,,,,,,0.26028795345241335,0.09936607945333684,0.1609218739990765,,,,,,
base_v5,shell_mean,perturbed_auprc,4p4h_A,,,,,,,0.28941630789667905,0.2160029613105508,0.07341334658612825,,,,,,
base_v5,shell_mean,perturbed_auprc,4wef_A,,,,,,,0.3476600579622031,0.037409924529275836,0.3102501334329273,,,,,,
base_v5,shell_mean,perturbed_auprc,4x88_A,,,,,,,0.5341269841269841,0.01962101181032963,0.5145059723166545,,,,,,
base_v5,shell_mean,perturbed_auprc,4xy5_A,,,,,,,0.9165743816906607,0.036231884057971016,0.8803424976326897,,,,,,
base_v5,shell_mean,perturbed_auprc,5hgv_C,,,,,,,0.005489916339113827,0.002725838683793404,0.0027640776553204236,,,,,,
base_v5,shell_mean,perturbed_auprc,5mdw_6,,,,,,,0.20772910812384499,0.2347282347282347,-0.026999126604389717,,,,,,
base_v5,shell_mean,perturbed_auprc,5tnf_C,,,,,,,0.35437640503574763,0.014657444434096405,0.33971896060165124,,,,,,
base_v5,shell_mean,perturbed_auprc,5vec_B,,,,,,,0.316316608887617,0.019465618740026887,0.2968509901475901,,,,,,
base_v5,shell_mean,perturbed_auprc,5xuh_A,,,,,,,0.42530367640676636,0.2701046085736261,0.15519906783314025,,,,,,
base_v5,shell_mean,perturbed_auprc,6a1v_A,,,,,,,0.5693776249893892,0.04768640867162338,0.5216912163177658,,,,,,
base_v5,shell_mean,perturbed_auprc,6bau_B,,,,,,,0.060704107376824946,0.02164847103479196,0.03905563634203299,,,,,,
base_v5,shell_mean,perturbed_auprc,6bl6_B,,,,,,,0.5058179560023025,0.46589639802506627,0.03992155797723623,,,,,,
base_v5,shell_mean,perturbed_auprc,6e2j_A,,,,,,,0.43377014312288825,0.18724634570304835,0.2465237974198399,,,,,,
base_v5,shell_mean,perturbed_auprc,6ej6_A,,,,,,,,,,,,,,,
base_v5,shell_mean,perturbed_auprc,6i7u_A,,,,,,,0.15127060641658846,0.06709002299626575,0.08418058342032271,,,,,,
base_v5,shell_mean,perturbed_auprc,6k0q_A,,,,,,,0.013250233357724493,0.0032822757111597373,0.009967957646564756,,,,,,
base_v5,shell_mean,perturbed_auprc,6l7d_A,,,,,,,0.5562057273643677,0.12803338492225508,0.4281723424421126,,,,,,
base_v5,shell_mean,perturbed_auprc,6m4l_A,,,,,,,0.04396722539477236,0.009495153144346694,0.034472072250425666,,,,,,
base_v5,shell_mean,perturbed_auprc,6o4b_G,,,,,,,0.31028265128272947,0.08471587052182816,0.2255667807609013,,,,,,
base_v5,shell_mean,perturbed_auprc,6r6n_B,,,,,,,0.53125,0.021980676328502417,0.5092693236714976,,,,,,
base_v5,shell_mean,perturbed_auprc,6uau_A,,,,,,,0.464815479955423,0.027423363711681855,0.43739211624374114,,,,,,
base_v5,shell_mean,perturbed_auprc,6zy0_A,,,,,,,0.25,0.0016556291390728477,0.24834437086092714,,,,,,
base_v5,shell_mean,perturbed_auprc,7bbx_A,,,,,,,,,,,,,,,
base_v5,shell_mean,perturbed_auprc,7bxo_B,,,,,,,0.5671835714169473,0.2821512806143239,0.28503229080262343,,,,,,
base_v5,shell_mean,perturbed_auprc,7dwo_B,,,,,,,0.7370618658274425,0.6526056738607603,0.08445619196668219,,,,,,
base_v5,shell_mean,perturbed_auprc,7m8h_C,,,,,,,0.3235575285049727,0.013152732736810821,0.3104047957681619,,,,,,
base_v5,shell_mean,perturbed_auprc,7n6n_A,,,,,,,0.41569272473665453,0.2148002341914379,0.20089249054521663,,,,,,
base_v5,shell_mean,perturbed_auprc,7nlg_C,,,,,,,0.3271109246972894,0.08472130194516754,0.2423896227521219,,,,,,
base_v5,shell_mean,perturbed_auprc,7o58_B,,,,,,,0.8292801124814776,0.5112251063548894,0.3180550061265882,,,,,,
base_v5,shell_mean,perturbed_auprc,7sj1_C,,,,,,,0.4658852781411746,0.4423137077623238,0.02357157037885077,,,,,,
base_v5,shell_mean,perturbed_auprc,7sp0_B,,,,,,,1.0,0.004201680672268907,0.9957983193277311,,,,,,
base_v5,shell_mean,perturbed_auprc,7vns_A,,,,,,,0.3863549499268197,0.04286773535460028,0.3434872145722194,,,,,,
base_v5,shell_mean,perturbed_auprc,8eip_B,,,,,,,0.6496415770609318,0.010034591106414187,0.6396069859545177,,,,,,
base_v5,shell_mean,perturbed_auprc,8eqo_B,,,,,,,0.45511964665825894,0.2286763902240001,0.22644325643425883,,,,,,
base_v5,shell_mean,perturbed_auprc,8f79_A,,,,,,,0.7577481810936562,0.671771660156008,0.08597652093764818,,,,,,
base_v5,shell_mean,perturbed_auprc,8jce_G,,,,,,,0.25845124157362576,0.029925187032418952,0.2285260545412068,,,,,,
base_v5,shell_mean,perturbed_auprc,8ka0_C,,,,,,,0.6830820760715498,0.4844808992616585,0.1986011768098913,,,,,,
base_v5,shell_mean,perturbed_auprc,8r3c_A,,,,,,,0.48837488015340363,0.043704058804729946,0.4446708213486737,,,,,,
base_v5,shell_mean,perturbed_auprc,8t06_A,,,,,,,0.304490000486448,0.0686451507473917,0.23584484973905628,,,,,,
base_v5,shell_mean,perturbed_auprc,8up8_C,,,,,,,0.292335079973897,0.0698223537691029,0.22251272620479412,,,,,,
base_v5,shell_mean,perturbed_auprc,8wkd_A,,,,,,,0.4651381020279811,0.30413776883343513,0.16100033319454599,,,,,,
base_v5,shell_mean,perturbed_auprc,8x84_C,,,,,,,0.4893810559083164,0.1916809668469461,0.29770008906137024,,,,,,
base_v5,shell_mean,perturbed_auprc,9bc6_C,,,,,,,0.3527197917904569,0.3381004629199685,0.014619328870488446,,,,,,
base_v5,shell_mean,perturbed_auprc,9cp9_B,,,,,,,0.15481458251344615,0.007865297788514075,0.14694928472493207,,,,,,
base_v5,shell_mean,perturbed_auprc,9hkm_C,,,,,,,0.3500768660556095,0.17545773907920667,0.17461912697640283,,,,,,
base_v5,shell_mean,perturbed_auprc,9j83_A,,,,,,,0.9304033035264607,0.8977725017690732,0.03263080175738753,,,,,,
base_v5,shell_mean,perturbed_auprc,9m80_B,,,,,,,0.44420128174524687,0.06870915907499016,0.3754921226702567,,,,,,
base_v5,shell_mean,perturbed_auprc,9r2f_C,,,,,,,,,,,,,,,
base_v5,shell_mean,perturbed_auprc,9sd5_A,,,,,,,0.29644565022536384,0.021063489092952734,0.2753821611324111,,,,,,
base_v5,shell_mean,perturbed_auprc,9swq_B,,,,,,,0.5986789016398075,0.5301202276554949,0.06855867398431259,,,,,,
base_v5,shell_mean,perturbed_auprc,9va6_A,,,,,,,0.31198783134284896,0.2890347987237628,0.022953032619086156,,,,,,
base_v5,shell_mean,derived_radius_mae,1ct1_E,,,,,,,,,,26.22122393282663,27.009650470271254,-0.7884265374446251,,,
base_v5,shell_mean,derived_radius_mae,1gyr_C,,,,,,,,,,39.562649726867676,39.562649726867676,0.0,,,
base_v5,shell_mean,derived_radius_mae,1h7x_D,,,,,,,,,,80.03887315229936,80.03887315229936,0.0,,,
base_v5,shell_mean,derived_radius_mae,1ild_A,,,,,,,,,,32.0631103515625,32.0631103515625,0.0,,,
base_v5,shell_mean,derived_radius_mae,1jll_E,,,,,,,,,,31.290436137806285,52.85120912031694,-21.560772982510652,,,
base_v5,shell_mean,derived_radius_mae,1me5_B,,,,,,,,,,34.087395985921226,34.087395985921226,0.0,,,
base_v5,shell_mean,derived_radius_mae,1mjy_A,,,,,,,,,,23.571336327937612,23.571336327937612,0.0,,,
base_v5,shell_mean,derived_radius_mae,1u5o_A,,,,,,,,,,8.679454061720106,21.056103282504612,-12.376649220784506,,,
base_v5,shell_mean,derived_radius_mae,1vyd_B,,,,,,,,,,11.682313919067383,11.682313919067383,0.0,,,
base_v5,shell_mean,derived_radius_mae,1vzi_B,,,,,,,,,,16.99758849143982,16.99758849143982,0.0,,,
base_v5,shell_mean,derived_radius_mae,1y39_A,,,,,,,,,,0.0,0.0,0.0,,,
base_v5,shell_mean,derived_radius_mae,1z73_A,,,,,,,,,,0.0,0.0,0.0,,,
base_v5,shell_mean,derived_radius_mae,1z8u_A,,,,,,,,,,40.69789493083954,43.61150932312012,-2.9136143922805786,,,
base_v5,shell_mean,derived_radius_mae,2a6x_B,,,,,,,,,,17.218212127685547,17.218212127685547,0.0,,,
base_v5,shell_mean,derived_radius_mae,2awi_L,,,,,,,,,,41.47215805053711,41.47215805053711,0.0,,,
base_v5,shell_mean,derived_radius_mae,2bek_D,,,,,,,,,,31.227688831753202,31.227688831753202,0.0,,,
base_v5,shell_mean,derived_radius_mae,2d5g_D,,,,,,,,,,22.99198627471924,22.99198627471924,0.0,,,
base_v5,shell_mean,derived_radius_mae,2eyp_A,,,,,,,,,,14.493084315595956,15.423744070118872,-0.9306597545229156,,,
base_v5,shell_mean,derived_radius_mae,2hlp_A,,,,,,,,,,43.031165418608175,43.73156566920506,-0.7004002505968856,,,
base_v5,shell_mean,derived_radius_mae,2o94_B,,,,,,,,,,28.4301016330719,28.4301016330719,0.0,,,
base_v5,shell_mean,derived_radius_mae,2ouv_B,,,,,,,,,,30.5053034695712,30.5053034695712,0.0,,,
base_v5,shell_mean,derived_radius_mae,2pp3_B,,,,,,,,,,40.51922728220622,41.932623291015624,-1.413396008809407,,,
base_v5,shell_mean,derived_radius_mae,2xhn_B,,,,,,,,,,0.0,0.0,0.0,,,
base_v5,shell_mean,derived_radius_mae,2ygp_A,,,,,,,,,,30.54112434387207,30.54112434387207,0.0,,,
base_v5,shell_mean,derived_radius_mae,3a9w_A,,,,,,,,,,27.943183263142902,27.943183263142902,0.0,,,
base_v5,shell_mean,derived_radius_mae,3ax3_A,,,,,,,,,,22.731449445088703,22.731449445088703,0.0,,,
base_v5,shell_mean,derived_radius_mae,3b8t_A,,,,,,,,,,25.997915074510395,25.997915074510395,0.0,,,
base_v5,shell_mean,derived_radius_mae,3cfh_B,,,,,,,,,,17.798782634735108,17.798782634735108,0.0,,,
base_v5,shell_mean,derived_radius_mae,3cyi_A,,,,,,,,,,16.565554089016384,29.79861217074924,-13.233058081732857,,,
base_v5,shell_mean,derived_radius_mae,3dl5_C,,,,,,,,,,16.4854181910816,63.004932503951224,-46.519514312869624,,,
base_v5,shell_mean,derived_radius_mae,3e44_A,,,,,,,,,,46.82238006591797,46.82238006591797,0.0,,,
base_v5,shell_mean,derived_radius_mae,3g7j_B,,,,,,,,,,12.49513041973114,12.49513041973114,0.0,,,
base_v5,shell_mean,derived_radius_mae,3jtq_B,,,,,,,,,,25.843168258666992,25.843168258666992,0.0,,,
base_v5,shell_mean,derived_radius_mae,3lze_A,,,,,,,,,,50.91887664794922,0.0,50.91887664794922,,,
base_v5,shell_mean,derived_radius_mae,3m0o_B,,,,,,,,,,20.690383830992115,34.8729331874046,-14.182549356412483,,,
base_v5,shell_mean,derived_radius_mae,3o98_B,,,,,,,,,,42.439449310302734,42.439449310302734,0.0,,,
base_v5,shell_mean,derived_radius_mae,3pnv_A,,,,,,,,,,67.00126775105794,67.00126775105794,0.0,,,
base_v5,shell_mean,derived_radius_mae,3wfz_C,,,,,,,,,,41.76523303985596,41.76523303985596,0.0,,,
base_v5,shell_mean,derived_radius_mae,3x2y_C,,,,,,,,,,17.662153879801433,17.662153879801433,0.0,,,
base_v5,shell_mean,derived_radius_mae,3zwb_B,,,,,,,,,,49.847237723214285,49.847237723214285,0.0,,,
base_v5,shell_mean,derived_radius_mae,4bl2_B,,,,,,,,,,5.883495431197317,86.55384876853542,-80.6703533373381,,,
base_v5,shell_mean,derived_radius_mae,4cj8_I,,,,,,,,,,33.61017608642578,33.61017608642578,0.0,,,
base_v5,shell_mean,derived_radius_mae,4cv1_E,,,,,,,,,,31.12730160471081,35.2492806001227,-4.121978995411894,,,
base_v5,shell_mean,derived_radius_mae,4dfx_E,,,,,,,,,,18.141690254211426,36.39386908213297,-18.252178827921547,,,
base_v5,shell_mean,derived_radius_mae,4f4m_D,,,,,,,,,,18.310216406117316,18.310216406117316,0.0,,,
base_v5,shell_mean,derived_radius_mae,4gvr_C,,,,,,,,,,13.69410228729248,21.827998797098797,-8.133896509806316,,,
base_v5,shell_mean,derived_radius_mae,4hgq_E,,,,,,,,,,15.087509373823801,24.832160731156666,-9.744651357332865,,,
base_v5,shell_mean,derived_radius_mae,4ok4_B,,,,,,,,,,44.203465938568115,44.203465938568115,0.0,,,
base_v5,shell_mean,derived_radius_mae,4p4h_A,,,,,,,,,,36.8932728767395,36.8932728767395,0.0,,,
base_v5,shell_mean,derived_radius_mae,4wef_A,,,,,,,,,,31.315160179138182,31.315160179138182,0.0,,,
base_v5,shell_mean,derived_radius_mae,4x88_A,,,,,,,,,,2.240385084441214,2.240385084441214,0.0,,,
base_v5,shell_mean,derived_radius_mae,4xy5_A,,,,,,,,,,26.470184961954754,26.470184961954754,0.0,,,
base_v5,shell_mean,derived_radius_mae,5hgv_C,,,,,,,,,,14.587264060974121,23.316757202148438,-8.729493141174316,,,
base_v5,shell_mean,derived_radius_mae,5mdw_6,,,,,,,,,,11.302181243896484,33.24297332763672,-21.940792083740234,,,
base_v5,shell_mean,derived_radius_mae,5tnf_C,,,,,,,,,,19.2394905949043,19.2394905949043,0.0,,,
base_v5,shell_mean,derived_radius_mae,5vec_B,,,,,,,,,,52.37406857808431,52.37406857808431,0.0,,,
base_v5,shell_mean,derived_radius_mae,5xuh_A,,,,,,,,,,23.93380355834961,23.93380355834961,0.0,,,
base_v5,shell_mean,derived_radius_mae,6a1v_A,,,,,,,,,,23.122143665949505,21.02190645535787,2.1002372105916365,,,
base_v5,shell_mean,derived_radius_mae,6bau_B,,,,,,,,,,8.02792485555013,8.02792485555013,0.0,,,
base_v5,shell_mean,derived_radius_mae,6bl6_B,,,,,,,,,,25.89215047308739,80.12193574296667,-54.22978526987928,,,
base_v5,shell_mean,derived_radius_mae,6e2j_A,,,,,,,,,,0.5886077880859375,145.72537231445312,-145.1367645263672,,,
base_v5,shell_mean,derived_radius_mae,6ej6_A,,,,,,,,,,0.0,0.0,0.0,,,
base_v5,shell_mean,derived_radius_mae,6i7u_A,,,,,,,,,,45.484169006347656,45.484169006347656,0.0,,,
base_v5,shell_mean,derived_radius_mae,6k0q_A,,,,,,,,,,11.812048435211182,11.812048435211182,0.0,,,
base_v5,shell_mean,derived_radius_mae,6l7d_A,,,,,,,,,,34.66973231537173,34.66973231537173,0.0,,,
base_v5,shell_mean,derived_radius_mae,6m4l_A,,,,,,,,,,36.23588180541992,36.23588180541992,0.0,,,
base_v5,shell_mean,derived_radius_mae,6o4b_G,,,,,,,,,,53.127310793411326,53.127310793411326,0.0,,,
base_v5,shell_mean,derived_radius_mae,6r6n_B,,,,,,,,,,24.782733917236328,24.782733917236328,0.0,,,
base_v5,shell_mean,derived_radius_mae,6uau_A,,,,,,,,,,26.013817469278973,26.013817469278973,0.0,,,
base_v5,shell_mean,derived_radius_mae,6zy0_A,,,,,,,,,,9.435430526733398,28.01908302307129,-18.58365249633789,,,
base_v5,shell_mean,derived_radius_mae,7bbx_A,,,,,,,,,,0.0,0.0,0.0,,,
base_v5,shell_mean,derived_radius_mae,7bxo_B,,,,,,,,,,26.726096066561613,33.93557288429954,-7.209476817737926,,,
base_v5,shell_mean,derived_radius_mae,7dwo_B,,,,,,,,,,13.742589950561523,68.64007949829102,-54.89748954772949,,,
base_v5,shell_mean,derived_radius_mae,7m8h_C,,,,,,,,,,17.537354826927185,17.537354826927185,0.0,,,
base_v5,shell_mean,derived_radius_mae,7n6n_A,,,,,,,,,,28.33567015319512,47.60965616577541,-19.27398601258029,,,
base_v5,shell_mean,derived_radius_mae,7nlg_C,,,,,,,,,,2.919854300362723,2.919854300362723,0.0,,,
base_v5,shell_mean,derived_radius_mae,7o58_B,,,,,,,,,,32.793346325556435,32.793346325556435,0.0,,,
base_v5,shell_mean,derived_radius_mae,7sj1_C,,,,,,,,,,0.0,48.44914722442627,-48.44914722442627,,,
base_v5,shell_mean,derived_radius_mae,7sp0_B,,,,,,,,,,0.0,56.826961517333984,-56.826961517333984,,,
base_v5,shell_mean,derived_radius_mae,7vns_A,,,,,,,,,,3.4188308715820317,22.53256058692932,-19.11372971534729,,,
base_v5,shell_mean,derived_radius_mae,8eip_B,,,,,,,,,,13.936768531799316,13.936768531799316,0.0,,,
base_v5,shell_mean,derived_radius_mae,8eqo_B,,,,,,,,,,17.24411379650411,28.58547497670585,-11.34136118020174,,,
base_v5,shell_mean,derived_radius_mae,8f79_A,,,,,,,,,,131.24072202046713,131.24072202046713,0.0,,,
base_v5,shell_mean,derived_radius_mae,8jce_G,,,,,,,,,,56.53575642903646,56.53575642903646,0.0,,,
base_v5,shell_mean,derived_radius_mae,8ka0_C,,,,,,,,,,50.01686096191406,50.01686096191406,0.0,,,
base_v5,shell_mean,derived_radius_mae,8r3c_A,,,,,,,,,,20.020714925130207,20.020714925130207,0.0,,,
base_v5,shell_mean,derived_radius_mae,8t06_A,,,,,,,,,,33.49544906616211,33.49544906616211,0.0,,,
base_v5,shell_mean,derived_radius_mae,8up8_C,,,,,,,,,,15.527965545654297,18.71684398651123,-3.188878440856932,,,
base_v5,shell_mean,derived_radius_mae,8wkd_A,,,,,,,,,,39.22949421405792,43.032684326171875,-3.8031901121139526,,,
base_v5,shell_mean,derived_radius_mae,8x84_C,,,,,,,,,,30.234486937522888,43.161468863487244,-12.926981925964355,,,
base_v5,shell_mean,derived_radius_mae,9bc6_C,,,,,,,,,,1.589249610900879,78.3049087524414,-76.71565914154053,,,
base_v5,shell_mean,derived_radius_mae,9cp9_B,,,,,,,,,,32.01237678527832,32.01237678527832,0.0,,,
base_v5,shell_mean,derived_radius_mae,9hkm_C,,,,,,,,,,48.152000427246094,48.152000427246094,0.0,,,
base_v5,shell_mean,derived_radius_mae,9j83_A,,,,,,,,,,3.1034088134765625,66.65164184570312,-63.54823303222656,,,
base_v5,shell_mean,derived_radius_mae,9m80_B,,,,,,,,,,52.29926013946533,52.29926013946533,0.0,,,
base_v5,shell_mean,derived_radius_mae,9r2f_C,,,,,,,,,,2.5916116502549915,50.59802500406901,-48.00641335381402,,,
base_v5,shell_mean,derived_radius_mae,9sd5_A,,,,,,,,,,52.14410018920898,52.14410018920898,0.0,,,
base_v5,shell_mean,derived_radius_mae,9swq_B,,,,,,,,,,40.45744609832764,71.04696273803711,-30.589516639709473,,,
base_v5,shell_mean,derived_radius_mae,9va6_A,,,,,,,,,,31.261920928955085,31.261920928955085,0.0,,,
base_v5,shell_mean,derived_class_macro_f1,1ct1_E,,,,,,,,,,,,,0.003952569169960474,0.11014492753623188,-0.1061923583662714
base_v5,shell_mean,derived_class_macro_f1,1gyr_C,,,,,,,,,,,,,0.0,0.0,0.0
base_v5,shell_mean,derived_class_macro_f1,1h7x_D,,,,,,,,,,,,,0.09090909090909091,0.09090909090909091,0.0
base_v5,shell_mean,derived_class_macro_f1,1ild_A,,,,,,,,,,,,,0.0,0.0,0.0
base_v5,shell_mean,derived_class_macro_f1,1jll_E,,,,,,,,,,,,,0.9090909090909091,0.0,0.9090909090909091
base_v5,shell_mean,derived_class_macro_f1,1me5_B,,,,,,,,,,,,,0.0,0.0,0.0
base_v5,shell_mean,derived_class_macro_f1,1mjy_A,,,,,,,,,,,,,0.0,0.0,0.0
base_v5,shell_mean,derived_class_macro_f1,1u5o_A,,,,,,,,,,,,,0.5555555555555556,0.3333333333333333,0.22222222222222227
base_v5,shell_mean,derived_class_macro_f1,1vyd_B,,,,,,,,,,,,,0.5,0.5,0.0
base_v5,shell_mean,derived_class_macro_f1,1vzi_B,,,,,,,,,,,,,0.35,0.35,0.0
base_v5,shell_mean,derived_class_macro_f1,1y39_A,,,,,,,,,,,,,0.0,0.0,0.0
base_v5,shell_mean,derived_class_macro_f1,1z73_A,,,,,,,,,,,,,1.0,1.0,0.0
base_v5,shell_mean,derived_class_macro_f1,1z8u_A,,,,,,,,,,,,,0.0,0.0,0.0
base_v5,shell_mean,derived_class_macro_f1,2a6x_B,,,,,,,,,,,,,0.0,0.0,0.0
base_v5,shell_mean,derived_class_macro_f1,2awi_L,,,,,,,,,,,,,0.0,0.0,0.0
base_v5,shell_mean,derived_class_macro_f1,2bek_D,,,,,,,,,,,,,0.011111111111111112,0.011111111111111112,0.0
base_v5,shell_mean,derived_class_macro_f1,2d5g_D,,,,,,,,,,,,,0.0,0.0,0.0
base_v5,shell_mean,derived_class_macro_f1,2eyp_A,,,,,,,,,,,,,0.39655172413793105,0.3793103448275862,0.017241379310344862
base_v5,shell_mean,derived_class_macro_f1,2hlp_A,,,,,,,,,,,,,0.043782837127845885,0.02626970227670753,0.017513134851138354
base_v5,shell_mean,derived_class_macro_f1,2o94_B,,,,,,,,,,,,,0.375,0.375,0.0
base_v5,shell_mean,derived_class_macro_f1,2ouv_B,,,,,,,,,,,,,0.045454545454545456,0.045454545454545456,0.0
base_v5,shell_mean,derived_class_macro_f1,2pp3_B,,,,,,,,,,,,,0.0,0.4,-0.4
base_v5,shell_mean,derived_class_macro_f1,2xhn_B,,,,,,,,,,,,,1.0,1.0,0.0
base_v5,shell_mean,derived_class_macro_f1,2ygp_A,,,,,,,,,,,,,0.0,0.0,0.0
base_v5,shell_mean,derived_class_macro_f1,3a9w_A,,,,,,,,,,,,,0.0,0.0,0.0
base_v5,shell_mean,derived_class_macro_f1,3ax3_A,,,,,,,,,,,,,0.0,0.0,0.0
base_v5,shell_mean,derived_class_macro_f1,3b8t_A,,,,,,,,,,,,,0.2830188679245283,0.2830188679245283,0.0
base_v5,shell_mean,derived_class_macro_f1,3cfh_B,,,,,,,,,,,,,0.375,0.375,0.0
base_v5,shell_mean,derived_class_macro_f1,3cyi_A,,,,,,,,,,,,,0.7777777777777778,0.0,0.7777777777777778
base_v5,shell_mean,derived_class_macro_f1,3dl5_C,,,,,,,,,,,,,0.7631578947368421,0.0,0.7631578947368421
base_v5,shell_mean,derived_class_macro_f1,3e44_A,,,,,,,,,,,,,0.0,0.0,0.0
base_v5,shell_mean,derived_class_macro_f1,3g7j_B,,,,,,,,,,,,,0.5,0.5625,-0.0625
base_v5,shell_mean,derived_class_macro_f1,3jtq_B,,,,,,,,,,,,,0.5,0.5,0.0
base_v5,shell_mean,derived_class_macro_f1,3lze_A,,,,,,,,,,,,,0.0,1.0,-1.0
base_v5,shell_mean,derived_class_macro_f1,3m0o_B,,,,,,,,,,,,,0.453781512605042,0.16806722689075632,0.2857142857142857
base_v5,shell_mean,derived_class_macro_f1,3o98_B,,,,,,,,,,,,,0.0,0.0,0.0
base_v5,shell_mean,derived_class_macro_f1,3pnv_A,,,,,,,,,,,,,0.0,0.0,0.0
base_v5,shell_mean,derived_class_macro_f1,3wfz_C,,,,,,,,,,,,,0.0,0.0,0.0
base_v5,shell_mean,derived_class_macro_f1,3x2y_C,,,,,,,,,,,,,0.0,0.2777777777777778,-0.2777777777777778
base_v5,shell_mean,derived_class_macro_f1,3zwb_B,,,,,,,,,,,,,0.0,0.0,0.0
base_v5,shell_mean,derived_class_macro_f1,4bl2_B,,,,,,,,,,,,,1.0,0.0,1.0
base_v5,shell_mean,derived_class_macro_f1,4cj8_I,,,,,,,,,,,,,0.0,0.0,0.0
base_v5,shell_mean,derived_class_macro_f1,4cv1_E,,,,,,,,,,,,,0.25920542635658916,0.006298449612403101,0.25290697674418605
base_v5,shell_mean,derived_class_macro_f1,4dfx_E,,,,,,,,,,,,,1.0,0.0,1.0
base_v5,shell_mean,derived_class_macro_f1,4f4m_D,,,,,,,,,,,,,0.17391304347826086,0.21739130434782608,-0.043478260869565216
base_v5,shell_mean,derived_class_macro_f1,4gvr_C,,,,,,,,,,,,,0.7777777777777778,0.2222222222222222,0.5555555555555556
base_v5,shell_mean,derived_class_macro_f1,4hgq_E,,,,,,,,,,,,,0.6875,0.3125,0.375
base_v5,shell_mean,derived_class_macro_f1,4ok4_B,,,,,,,,,,,,,0.125,0.125,0.0
base_v5,shell_mean,derived_class_macro_f1,4p4h_A,,,,,,,,,,,,,0.0,0.0,0.0
base_v5,shell_mean,derived_class_macro_f1,4wef_A,,,,,,,,,,,,,0.15,0.15,0.0
base_v5,shell_mean,derived_class_macro_f1,4x88_A,,,,,,,,,,,,,0.9242424242424242,0.9242424242424242,0.0
base_v5,shell_mean,derived_class_macro_f1,4xy5_A,,,,,,,,,,,,,0.0,0.0,0.0
base_v5,shell_mean,derived_class_macro_f1,5hgv_C,,,,,,,,,,,,,0.75,0.25,0.5
base_v5,shell_mean,derived_class_macro_f1,5mdw_6,,,,,,,,,,,,,1.0,0.0,1.0
base_v5,shell_mean,derived_class_macro_f1,5tnf_C,,,,,,,,,,,,,0.2319915254237288,0.2319915254237288,0.0
base_v5,shell_mean,derived_class_macro_f1,5vec_B,,,,,,,,,,,,,0.0,0.0,0.0
base_v5,shell_mean,derived_class_macro_f1,5xuh_A,,,,,,,,,,,,,0.0,0.0,0.0
base_v5,shell_mean,derived_class_macro_f1,6a1v_A,,,,,,,,,,,,,0.22916666666666666,0.3333333333333333,-0.10416666666666666
base_v5,shell_mean,derived_class_macro_f1,6bau_B,,,,,,,,,,,,,0.0,0.75,-0.75
base_v5,shell_mean,derived_class_macro_f1,6bl6_B,,,,,,,,,,,,,0.851063829787234,0.14893617021276595,0.7021276595744681
base_v5,shell_mean,derived_class_macro_f1,6e2j_A,,,,,,,,,,,,,1.0,0.0,1.0
base_v5,shell_mean,derived_class_macro_f1,6ej6_A,,,,,,,,,,,,,0.0,1.0,-1.0
base_v5,shell_mean,derived_class_macro_f1,6i7u_A,,,,,,,,,,,,,0.0,0.0,0.0
base_v5,shell_mean,derived_class_macro_f1,6k0q_A,,,,,,,,,,,,,0.5,0.5,0.0
base_v5,shell_mean,derived_class_macro_f1,6l7d_A,,,,,,,,,,,,,0.0,0.0,0.0
base_v5,shell_mean,derived_class_macro_f1,6m4l_A,,,,,,,,,,,,,0.0,0.0,0.0
base_v5,shell_mean,derived_class_macro_f1,6o4b_G,,,,,,,,,,,,,0.04830917874396135,0.04830917874396135,0.0
base_v5,shell_mean,derived_class_macro_f1,6r6n_B,,,,,,,,,,,,,0.0,0.0,0.0
base_v5,shell_mean,derived_class_macro_f1,6uau_A,,,,,,,,,,,,,0.0,0.0,0.0
base_v5,shell_mean,derived_class_macro_f1,6zy0_A,,,,,,,,,,,,,1.0,0.0,1.0
base_v5,shell_mean,derived_class_macro_f1,7bbx_A,,,,,,,,,,,,,0.0,1.0,-1.0
base_v5,shell_mean,derived_class_macro_f1,7bxo_B,,,,,,,,,,,,,0.18181818181818182,0.045454545454545456,0.13636363636363635
base_v5,shell_mean,derived_class_macro_f1,7dwo_B,,,,,,,,,,,,,0.0,0.0,0.0
base_v5,shell_mean,derived_class_macro_f1,7m8h_C,,,,,,,,,,,,,0.4375,0.4375,0.0
base_v5,shell_mean,derived_class_macro_f1,7n6n_A,,,,,,,,,,,,,0.5088289019687436,0.0042960557472430825,0.5045328462215005
base_v5,shell_mean,derived_class_macro_f1,7nlg_C,,,,,,,,,,,,,0.8571428571428571,0.8571428571428571,0.0
base_v5,shell_mean,derived_class_macro_f1,7o58_B,,,,,,,,,,,,,0.125,0.125,0.0
base_v5,shell_mean,derived_class_macro_f1,7sj1_C,,,,,,,,,,,,,1.0,0.0,1.0
base_v5,shell_mean,derived_class_macro_f1,7sp0_B,,,,,,,,,,,,,1.0,0.0,1.0
base_v5,shell_mean,derived_class_macro_f1,7vns_A,,,,,,,,,,,,,0.5,0.0,0.5
base_v5,shell_mean,derived_class_macro_f1,8eip_B,,,,,,,,,,,,,0.5,0.5,0.0
base_v5,shell_mean,derived_class_macro_f1,8eqo_B,,,,,,,,,,,,,0.42021625163827,0.015727391874180863,0.4044888597640891
base_v5,shell_mean,derived_class_macro_f1,8f79_A,,,,,,,,,,,,,0.0,0.0,0.0
base_v5,shell_mean,derived_class_macro_f1,8jce_G,,,,,,,,,,,,,0.0,0.0,0.0
base_v5,shell_mean,derived_class_macro_f1,8ka0_C,,,,,,,,,,,,,0.0,0.0,0.0
base_v5,shell_mean,derived_class_macro_f1,8r3c_A,,,,,,,,,,,,,0.006666666666666667,0.006666666666666667,0.0
base_v5,shell_mean,derived_class_macro_f1,8t06_A,,,,,,,,,,,,,0.0,0.0,0.0
base_v5,shell_mean,derived_class_macro_f1,8up8_C,,,,,,,,,,,,,0.0,0.4,-0.4
base_v5,shell_mean,derived_class_macro_f1,8wkd_A,,,,,,,,,,,,,0.0,0.0,0.0
base_v5,shell_mean,derived_class_macro_f1,8x84_C,,,,,,,,,,,,,1.0,0.0,1.0
base_v5,shell_mean,derived_class_macro_f1,9bc6_C,,,,,,,,,,,,,1.0,0.0,1.0
base_v5,shell_mean,derived_class_macro_f1,9cp9_B,,,,,,,,,,,,,0.0,0.0,0.0
base_v5,shell_mean,derived_class_macro_f1,9hkm_C,,,,,,,,,,,,,0.0,0.0,0.0
base_v5,shell_mean,derived_class_macro_f1,9j83_A,,,,,,,,,,,,,1.0,0.0,1.0
base_v5,shell_mean,derived_class_macro_f1,9m80_B,,,,,,,,,,,,,0.0,0.0,0.0
base_v5,shell_mean,derived_class_macro_f1,9r2f_C,,,,,,,,,,,,,1.0,0.0,1.0
base_v5,shell_mean,derived_class_macro_f1,9sd5_A,,,,,,,,,,,,,0.0,0.0,0.0
base_v5,shell_mean,derived_class_macro_f1,9swq_B,,,,,,,,,,,,,1.0,0.0,1.0
base_v5,shell_mean,derived_class_macro_f1,9va6_A,,,,,,,,,,,,,0.0,0.0,0.0
base_v5,mutation_type_shell_mean,global_mae,1ct1_E,0.2773535816057411,0.40307424421307847,-0.12572066260733739,,,,,,,,,,,,
base_v5,mutation_type_shell_mean,global_mae,1gyr_C,0.3646523220836434,0.27762894504857094,0.08702337703507246,,,,,,,,,,,,
base_v5,mutation_type_shell_mean,global_mae,1h7x_D,0.18513522668236604,0.29596066356891765,-0.11082543688655161,,,,,,,,,,,,
base_v5,mutation_type_shell_mean,global_mae,1ild_A,0.15970983367833647,0.20301723523710488,-0.043307401558768416,,,,,,,,,,,,
base_v5,mutation_type_shell_mean,global_mae,1jll_E,0.22554619104010712,0.25658805047396327,-0.03104185943385615,,,,,,,,,,,,
base_v5,mutation_type_shell_mean,global_mae,1me5_B,0.2598359432817941,0.36089367619383655,-0.10105773291204245,,,,,,,,,,,,
base_v5,mutation_type_shell_mean,global_mae,1mjy_A,0.39436258041871747,0.36928058903720373,0.025081991381513735,,,,,,,,,,,,
base_v5,mutation_type_shell_mean,global_mae,1u5o_A,0.3115856679339157,0.8394499117743766,-0.5278642438404608,,,,,,,,,,,,
base_v5,mutation_type_shell_mean,global_mae,1vyd_B,0.14097670481363633,0.20903504016439847,-0.06805833535076214,,,,,,,,,,,,
base_v5,mutation_type_shell_mean,global_mae,1vzi_B,0.18632298683961854,0.35872264214297755,-0.17239965530335902,,,,,,,,,,,,
base_v5,mutation_type_shell_mean,global_mae,1y39_A,0.2109787290462771,0.3248955161889663,-0.11391678714268919,,,,,,,,,,,,
base_v5,mutation_type_shell_mean,global_mae,1z73_A,0.06641552078324449,1.5435825459243935,-1.477167025141149,,,,,,,,,,,,
base_v5,mutation_type_shell_mean,global_mae,1z8u_A,0.2822472388493932,2.244017195034151,-1.961769956184758,,,,,,,,,,,,
base_v5,mutation_type_shell_mean,global_mae,2a6x_B,0.16920783346068097,0.2370962985625414,-0.06788846510186045,,,,,,,,,,,,
base_v5,mutation_type_shell_mean,global_mae,2awi_L,0.2255493866764519,0.26292596916629846,-0.037376582489846544,,,,,,,,,,,,
base_v5,mutation_type_shell_mean,global_mae,2bek_D,0.17516712583325134,0.5536116543577738,-0.3784445285245225,,,,,,,,,,,,
base_v5,mutation_type_shell_mean,global_mae,2d5g_D,0.27948298327714566,0.3698184729879161,-0.09033548971077043,,,,,,,,,,,,
base_v5,mutation_type_shell_mean,global_mae,2eyp_A,0.19452737293423103,0.3442067657546244,-0.14967939282039336,,,,,,,,,,,,
base_v5,mutation_type_shell_mean,global_mae,2hlp_A,0.31801972003764456,0.6666751609810168,-0.3486554409433722,,,,,,,,,,,,
base_v5,mutation_type_shell_mean,global_mae,2o94_B,0.2224696957410368,0.3124310448012479,-0.08996134906021108,,,,,,,,,,,,
base_v5,mutation_type_shell_mean,global_mae,2ouv_B,0.19517570462503883,0.4824598500387187,-0.28728414541367986,,,,,,,,,,,,
base_v5,mutation_type_shell_mean,global_mae,2pp3_B,0.11384525143993303,0.274854167207824,-0.161008915767891,,,,,,,,,,,,
base_v5,mutation_type_shell_mean,global_mae,2xhn_B,0.13406192656518437,0.34249152718331866,-0.2084296006181343,,,,,,,,,,,,
base_v5,mutation_type_shell_mean,global_mae,2ygp_A,0.2289951940109932,0.21324329632173838,0.015751897689254807,,,,,,,,,,,,
base_v5,mutation_type_shell_mean,global_mae,3a9w_A,0.1395984046544669,0.23085357229046832,-0.09125516763600142,,,,,,,,,,,,
base_v5,mutation_type_shell_mean,global_mae,3ax3_A,0.666376341360085,0.7122224837993131,-0.04584614243922813,,,,,,,,,,,,
base_v5,mutation_type_shell_mean,global_mae,3b8t_A,0.12208701594584816,0.7990981655012361,-0.677011149555388,,,,,,,,,,,,
base_v5,mutation_type_shell_mean,global_mae,3cfh_B,0.12510215774407757,0.19675791773926382,-0.07165575999518625,,,,,,,,,,,,
base_v5,mutation_type_shell_mean,global_mae,3cyi_A,2.2016246515526396,2.1989058498815397,0.0027188016710999463,,,,,,,,,,,,
base_v5,mutation_type_shell_mean,global_mae,3dl5_C,0.22750206837714657,0.21832801249951314,0.009174055877633425,,,,,,,,,,,,
base_v5,mutation_type_shell_mean,global_mae,3e44_A,0.6680758691503252,0.5207516246464529,0.14732424450387238,,,,,,,,,,,,
base_v5,mutation_type_shell_mean,global_mae,3g7j_B,0.1579529561543645,0.6288884200481853,-0.47093546389382085,,,,,,,,,,,,
base_v5,mutation_type_shell_mean,global_mae,3jtq_B,0.10887245888379313,0.11414084340074597,-0.005268384516952843,,,,,,,,,,,,
base_v5,mutation_type_shell_mean,global_mae,3lze_A,0.37830967451245784,0.491965754659454,-0.11365608014699619,,,,,,,,,,,,
base_v5,mutation_type_shell_mean,global_mae,3m0o_B,0.13532201675194958,0.25069513822848283,-0.11537312147653325,,,,,,,,,,,,
base_v5,mutation_type_shell_mean,global_mae,3o98_B,0.14449740752614848,0.2185393495278226,-0.07404194200167413,,,,,,,,,,,,
base_v5,mutation_type_shell_mean,global_mae,3pnv_A,0.607757563176388,0.6116211150821395,-0.0038635519057514944,,,,,,,,,,,,
base_v5,mutation_type_shell_mean,global_mae,3wfz_C,0.1075864451297589,0.15625937945586085,-0.04867293432610195,,,,,,,,,,,,
base_v5,mutation_type_shell_mean,global_mae,3x2y_C,0.22677185228771413,0.2779670485115974,-0.0511951962238833,,,,,,,,,,,,
base_v5,mutation_type_shell_mean,global_mae,3zwb_B,0.1983591088345334,0.25369443198447633,-0.05533532314994294,,,,,,,,,,,,
base_v5,mutation_type_shell_mean,global_mae,4bl2_B,0.584999478793932,0.7384528770157942,-0.15345339822186221,,,,,,,,,,,,
base_v5,mutation_type_shell_mean,global_mae,4cj8_I,0.3564385893049752,1.129828285041037,-0.7733896957360619,,,,,,,,,,,,
base_v5,mutation_type_shell_mean,global_mae,4cv1_E,0.37975315782082864,0.5971777536613044,-0.2174245958404758,,,,,,,,,,,,
base_v5,mutation_type_shell_mean,global_mae,4dfx_E,0.2898443682722239,0.33392190052183857,-0.04407753224961469,,,,,,,,,,,,
base_v5,mutation_type_shell_mean,global_mae,4f4m_D,0.20020841111311807,0.2820570321869498,-0.0818486210738317,,,,,,,,,,,,
base_v5,mutation_type_shell_mean,global_mae,4gvr_C,0.3212424949851262,1.4557318524907572,-1.134489357505631,,,,,,,,,,,,
base_v5,mutation_type_shell_mean,global_mae,4hgq_E,0.2732562752530427,0.3556107757339475,-0.08235450048090481,,,,,,,,,,,,
base_v5,mutation_type_shell_mean,global_mae,4ok4_B,0.23306438645586205,0.49632577785219095,-0.26326139139632887,,,,,,,,,,,,
base_v5,mutation_type_shell_mean,global_mae,4p4h_A,0.38567433642481075,0.31330293550235316,0.07237140092245758,,,,,,,,,,,,
base_v5,mutation_type_shell_mean,global_mae,4wef_A,0.1732691669003636,0.17923885215767454,-0.005969685257310953,,,,,,,,,,,,
base_v5,mutation_type_shell_mean,global_mae,4x88_A,0.14920851065491764,0.7881438656372876,-0.63893535498237,,,,,,,,,,,,
base_v5,mutation_type_shell_mean,global_mae,4xy5_A,0.11527890528195613,0.7209393902060887,-0.6056604849241325,,,,,,,,,,,,
base_v5,mutation_type_shell_mean,global_mae,5hgv_C,0.23305079830615874,0.38399947756218133,-0.1509486792560226,,,,,,,,,,,,
base_v5,mutation_type_shell_mean,global_mae,5mdw_6,0.34166685526724905,3.1868876883527264,-2.8452208330854774,,,,,,,,,,,,
base_v5,mutation_type_shell_mean,global_mae,5tnf_C,0.11320378969898846,1.2779418032825804,-1.164738013583592,,,,,,,,,,,,
base_v5,mutation_type_shell_mean,global_mae,5vec_B,0.14456858636836695,0.18892849368251305,-0.0443599073141461,,,,,,,,,,,,
base_v5,mutation_type_shell_mean,global_mae,5xuh_A,0.5760296253363292,0.6867384571830432,-0.11070883184671398,,,,,,,,,,,,
base_v5,mutation_type_shell_mean,global_mae,6a1v_A,0.22020014407853314,0.6740143360634892,-0.453814191984956,,,,,,,,,,,,
base_v5,mutation_type_shell_mean,global_mae,6bau_B,0.20071101557650584,0.2483383605322874,-0.04762734495578155,,,,,,,,,,,,
base_v5,mutation_type_shell_mean,global_mae,6bl6_B,1.496539377481055,1.756479299186235,-0.2599399217051801,,,,,,,,,,,,
base_v5,mutation_type_shell_mean,global_mae,6e2j_A,0.35938112904256747,0.32093637408775705,0.03844475495481042,,,,,,,,,,,,
base_v5,mutation_type_shell_mean,global_mae,6ej6_A,0.12171006549640999,0.2756340171589137,-0.15392395166250372,,,,,,,,,,,,
base_v5,mutation_type_shell_mean,global_mae,6i7u_A,0.24966517722694784,0.6224972847548704,-0.3728321075279226,,,,,,,,,,,,
base_v5,mutation_type_shell_mean,global_mae,6k0q_A,0.11887270909598079,0.7227765647979258,-0.603903855701945,,,,,,,,,,,,
base_v5,mutation_type_shell_mean,global_mae,6l7d_A,0.3692663837677002,1.3017236248388535,-0.9324572410711534,,,,,,,,,,,,
base_v5,mutation_type_shell_mean,global_mae,6m4l_A,0.1165020644773669,1.7440119651690758,-1.6275099006917089,,,,,,,,,,,,
base_v5,mutation_type_shell_mean,global_mae,6o4b_G,0.3181105623589912,0.9217300964404063,-0.603619534081415,,,,,,,,,,,,
base_v5,mutation_type_shell_mean,global_mae,6r6n_B,0.1186655711568892,0.36240153612568976,-0.24373596496880057,,,,,,,,,,,,
base_v5,mutation_type_shell_mean,global_mae,6uau_A,0.10585406285814973,0.33799076990519406,-0.2321367070470443,,,,,,,,,,,,
base_v5,mutation_type_shell_mean,global_mae,6zy0_A,0.10935278160872201,0.17815598781179431,-0.0688032062030723,,,,,,,,,,,,
base_v5,mutation_type_shell_mean,global_mae,7bbx_A,0.3022926254780032,0.3082699797867628,-0.005977354308759619,,,,,,,,,,,,
base_v5,mutation_type_shell_mean,global_mae,7bxo_B,0.33140145483440453,0.5630758468510175,-0.231674392016613,,,,,,,,,,,,
base_v5,mutation_type_shell_mean,global_mae,7dwo_B,1.6817211286477387,1.6629008387553519,0.01882028989238682,,,,,,,,,,,,
base_v5,mutation_type_shell_mean,global_mae,7m8h_C,0.15242819164020957,0.23896676891986843,-0.08653857727965886,,,,,,,,,,,,
base_v5,mutation_type_shell_mean,global_mae,7n6n_A,0.47928447139671065,0.5675613429189732,-0.08827687152226255,,,,,,,,,,,,
base_v5,mutation_type_shell_mean,global_mae,7nlg_C,0.1969653345447098,0.44845053844471305,-0.2514852039000033,,,,,,,,,,,,
base_v5,mutation_type_shell_mean,global_mae,7o58_B,0.838045751018682,0.8157601506616369,0.022285600357045077,,,,,,,,,,,,
base_v5,mutation_type_shell_mean,global_mae,7sj1_C,0.5855085484027787,0.7669760922768286,-0.18146754387404995,,,,,,,,,,,,
base_v5,mutation_type_shell_mean,global_mae,7sp0_B,0.22377520304967147,0.401816795290005,-0.17804159224033356,,,,,,,,,,,,
base_v5,mutation_type_shell_mean,global_mae,7vns_A,0.25772351983964953,0.45273531419734786,-0.19501179435769833,,,,,,,,,,,,
base_v5,mutation_type_shell_mean,global_mae,8eip_B,0.11624156235966236,0.38781391043222085,-0.2715723480725585,,,,,,,,,,,,
base_v5,mutation_type_shell_mean,global_mae,8eqo_B,0.43725983768684534,0.3634349396427205,0.07382489804412484,,,,,,,,,,,,
base_v5,mutation_type_shell_mean,global_mae,8f79_A,1.8473180905251987,1.4437753241071134,0.4035427664180853,,,,,,,,,,,,
base_v5,mutation_type_shell_mean,global_mae,8jce_G,0.1505736293622286,0.20975937246022208,-0.05918574309799349,,,,,,,,,,,,
base_v5,mutation_type_shell_mean,global_mae,8ka0_C,0.7364720822254449,1.0539935138260508,-0.31752143160060586,,,,,,,,,,,,
base_v5,mutation_type_shell_mean,global_mae,8r3c_A,0.18723240817210088,0.2009967906819987,-0.01376438250989781,,,,,,,,,,,,
base_v5,mutation_type_shell_mean,global_mae,8t06_A,0.252083155249325,0.34114645231262447,-0.08906329706329946,,,,,,,,,,,,
base_v5,mutation_type_shell_mean,global_mae,8up8_C,0.19189950744478615,0.2547083057211769,-0.06280879827639077,,,,,,,,,,,,
base_v5,mutation_type_shell_mean,global_mae,8wkd_A,0.5407187705859542,0.5602188270228605,-0.019500056436906332,,,,,,,,,,,,
base_v5,mutation_type_shell_mean,global_mae,8x84_C,0.2788792166836301,0.309130581922944,-0.030251365239313932,,,,,,,,,,,,
base_v5,mutation_type_shell_mean,global_mae,9bc6_C,0.5078691858220999,0.5864349150200844,-0.07856572919798444,,,,,,,,,,,,
base_v5,mutation_type_shell_mean,global_mae,9cp9_B,0.11530324536932855,0.3525499484214549,-0.2372467030521263,,,,,,,,,,,,
base_v5,mutation_type_shell_mean,global_mae,9hkm_C,0.5177179713747252,0.5304264156854214,-0.012708444310696176,,,,,,,,,,,,
base_v5,mutation_type_shell_mean,global_mae,9j83_A,2.187089989350049,1.3719295698809122,0.8151604194691366,,,,,,,,,,,,
base_v5,mutation_type_shell_mean,global_mae,9m80_B,0.3900951056492751,0.32520630573642184,0.06488879991285323,,,,,,,,,,,,
base_v5,mutation_type_shell_mean,global_mae,9r2f_C,7.49932209374728,7.793702359476084,-0.2943802657288037,,,,,,,,,,,,
base_v5,mutation_type_shell_mean,global_mae,9sd5_A,0.11746324800802042,1.8000261010846488,-1.6825628530766283,,,,,,,,,,,,
base_v5,mutation_type_shell_mean,global_mae,9swq_B,0.8965268671698288,0.6733021938076643,0.22322467336216445,,,,,,,,,,,,
base_v5,mutation_type_shell_mean,global_mae,9va6_A,0.49435491479481714,0.48746488391224185,0.006890030882575282,,,,,,,,,,,,
base_v5,mutation_type_shell_mean,shell_mae,1ct1_E,,,,0.4968122218967269,0.5514648854621079,-0.05465266356538101,,,,,,,,,
base_v5,mutation_type_shell_mean,shell_mae,1gyr_C,,,,0.2820777465948358,0.24579653622629813,0.03628121036853768,,,,,,,,,
base_v5,mutation_type_shell_mean,shell_mae,1h7x_D,,,,0.8701647105429514,0.9376236727686122,-0.06745896222566083,,,,,,,,,
base_v5,mutation_type_shell_mean,shell_mae,1ild_A,,,,0.1738051065133128,0.28492658368975055,-0.11112147717643775,,,,,,,,,
base_v5,mutation_type_shell_mean,shell_mae,1jll_E,,,,0.1534827544201841,0.2704811540078275,-0.11699839958764341,,,,,,,,,
base_v5,mutation_type_shell_mean,shell_mae,1me5_B,,,,0.2196646446239613,0.28585444659052284,-0.06618980196656155,,,,,,,,,
base_v5,mutation_type_shell_mean,shell_mae,1mjy_A,,,,0.39776347062248985,0.3545050483168721,0.04325842230561777,,,,,,,,,
base_v5,mutation_type_shell_mean,shell_mae,1u5o_A,,,,0.29191689444976643,0.8087829169774025,-0.516866022527636,,,,,,,,,
base_v5,mutation_type_shell_mean,shell_mae,1vyd_B,,,,0.16618743950326356,0.2301190976923898,-0.06393165818912624,,,,,,,,,
base_v5,mutation_type_shell_mean,shell_mae,1vzi_B,,,,0.1775257520251315,0.38169167093705647,-0.20416591891192498,,,,,,,,,
base_v5,mutation_type_shell_mean,shell_mae,1y39_A,,,,0.269830314139379,0.31128864578318366,-0.041458331643804636,,,,,,,,,
base_v5,mutation_type_shell_mean,shell_mae,1z73_A,,,,0.06511828056044752,0.9374082686494619,-0.8722899880890144,,,,,,,,,
base_v5,mutation_type_shell_mean,shell_mae,1z8u_A,,,,0.7766606972471851,2.566532002679626,-1.7898713054324409,,,,,,,,,
base_v5,mutation_type_shell_mean,shell_mae,2a6x_B,,,,0.16230971750463266,0.20384332201439115,-0.04153360450975849,,,,,,,,,
base_v5,mutation_type_shell_mean,shell_mae,2awi_L,,,,0.16126686557718434,0.1734084336194549,-0.012141568042270567,,,,,,,,,
base_v5,mutation_type_shell_mean,shell_mae,2bek_D,,,,0.15665759027387216,0.9484433365807383,-0.7917857463068662,,,,,,,,,
base_v5,mutation_type_shell_mean,shell_mae,2d5g_D,,,,0.21685364402703242,0.4090875131229305,-0.1922338690958981,,,,,,,,,
base_v5,mutation_type_shell_mean,shell_mae,2eyp_A,,,,0.17629325654856423,0.298051492639269,-0.12175823609070477,,,,,,,,,
base_v5,mutation_type_shell_mean,shell_mae,2hlp_A,,,,0.28514007248408674,0.41804698124756723,-0.1329069087634805,,,,,,,,,
base_v5,mutation_type_shell_mean,shell_mae,2o94_B,,,,0.19750983527533064,0.18991134527536718,0.007598489999963459,,,,,,,,,
base_v5,mutation_type_shell_mean,shell_mae,2ouv_B,,,,0.17342363215499018,0.9406625346089469,-0.7672389024539568,,,,,,,,,
base_v5,mutation_type_shell_mean,shell_mae,2pp3_B,,,,0.1709706360460029,0.28935499869396447,-0.11838436264796157,,,,,,,,,
base_v5,mutation_type_shell_mean,shell_mae,2xhn_B,,,,0.11842343071904537,0.35566662613811895,-0.23724319541907357,,,,,,,,,
base_v5,mutation_type_shell_mean,shell_mae,2ygp_A,,,,0.1968644907510001,0.19510435162269904,0.0017601391283010581,,,,,,,,,
base_v5,mutation_type_shell_mean,shell_mae,3a9w_A,,,,0.13975069539714768,0.1843233503665159,-0.044572654969368214,,,,,,,,,
base_v5,mutation_type_shell_mean,shell_mae,3ax3_A,,,,0.8420378233473437,0.8846958980897462,-0.042658074742402574,,,,,,,,,
base_v5,mutation_type_shell_mean,shell_mae,3b8t_A,,,,0.13075289412752325,0.9351292362745272,-0.8043763421470039,,,,,,,,,
base_v5,mutation_type_shell_mean,shell_mae,3cfh_B,,,,0.11000384037388129,0.17087670923551473,-0.06087286886163344,,,,,,,,,
base_v5,mutation_type_shell_mean,shell_mae,3cyi_A,,,,1.847091554919215,1.8056773790640916,0.041414175855123414,,,,,,,,,
base_v5,mutation_type_shell_mean,shell_mae,3dl5_C,,,,0.2394512400088653,0.1932089781063838,0.04624226190248151,,,,,,,,,
base_v5,mutation_type_shell_mean,shell_mae,3e44_A,,,,1.0421111694900103,0.9673283886056129,0.07478278088439738,,,,,,,,,
base_v5,mutation_type_shell_mean,shell_mae,3g7j_B,,,,0.2614354814429585,1.0112465935107244,-0.749811112067766,,,,,,,,,
base_v5,mutation_type_shell_mean,shell_mae,3jtq_B,,,,0.10470332575720122,0.16597543612003562,-0.061272110362834406,,,,,,,,,
base_v5,mutation_type_shell_mean,shell_mae,3lze_A,,,,0.44313134355326067,0.3320863035675576,0.11104503998570309,,,,,,,,,
base_v5,mutation_type_shell_mean,shell_mae,3m0o_B,,,,0.15015599875361552,0.22258674740293927,-0.07243074864932375,,,,,,,,,
base_v5,mutation_type_shell_mean,shell_mae,3o98_B,,,,0.14471187883934922,0.22932168886426313,-0.08460981002491391,,,,,,,,,
base_v5,mutation_type_shell_mean,shell_mae,3pnv_A,,,,0.42608178869987906,0.5061901413828183,-0.0801083526829392,,,,,,,,,
base_v5,mutation_type_shell_mean,shell_mae,3wfz_C,,,,0.09039330548091608,0.6925918705832446,-0.6021985651023285,,,,,,,,,
base_v5,mutation_type_shell_mean,shell_mae,3x2y_C,,,,0.3194491923102386,0.3583045312579142,-0.03885533894767562,,,,,,,,,
base_v5,mutation_type_shell_mean,shell_mae,3zwb_B,,,,0.15925943419139646,0.25331510664446966,-0.0940556724530732,,,,,,,,,
base_v5,mutation_type_shell_mean,shell_mae,4bl2_B,,,,0.49765208425002794,0.5265223782362061,-0.02887029398617813,,,,,,,,,
base_v5,mutation_type_shell_mean,shell_mae,4cj8_I,,,,0.4736614048855869,0.740336516665078,-0.26667511177949116,,,,,,,,,
base_v5,mutation_type_shell_mean,shell_mae,4cv1_E,,,,0.538326758612298,0.6803287317350755,-0.14200197312277751,,,,,,,,,
base_v5,mutation_type_shell_mean,shell_mae,4dfx_E,,,,0.9807459823719219,1.092896280401532,-0.11215029802961018,,,,,,,,,
base_v5,mutation_type_shell_mean,shell_mae,4f4m_D,,,,0.17185453351382607,0.30728867863045234,-0.13543414511662627,,,,,,,,,
base_v5,mutation_type_shell_mean,shell_mae,4gvr_C,,,,0.20291261452654324,1.0022002126692742,-0.799287598142731,,,,,,,,,
base_v5,mutation_type_shell_mean,shell_mae,4hgq_E,,,,0.32758948429812473,0.3004867555928116,0.027102728705313106,,,,,,,,,
base_v5,mutation_type_shell_mean,shell_mae,4ok4_B,,,,0.2164577294279512,0.45199631906407284,-0.23553858963612165,,,,,,,,,
base_v5,mutation_type_shell_mean,shell_mae,4p4h_A,,,,0.2916846904111855,0.24623113144213835,0.04545355896904715,,,,,,,,,
base_v5,mutation_type_shell_mean,shell_mae,4wef_A,,,,0.12537465656421384,0.1283744760038817,-0.0029998194396678446,,,,,,,,,
base_v5,mutation_type_shell_mean,shell_mae,4x88_A,,,,0.1709335799583866,1.3099445761877655,-1.1390109962293788,,,,,,,,,
base_v5,mutation_type_shell_mean,shell_mae,4xy5_A,,,,0.10433135297576597,1.0786529236265376,-0.9743215706507716,,,,,,,,,
base_v5,mutation_type_shell_mean,shell_mae,5hgv_C,,,,0.23663336906349877,0.5106359426433826,-0.2740025735798839,,,,,,,,,
base_v5,mutation_type_shell_mean,shell_mae,5mdw_6,,,,0.30539544674649577,2.8278292864273515,-2.522433839680856,,,,,,,,,
base_v5,mutation_type_shell_mean,shell_mae,5tnf_C,,,,0.11869617174570901,0.860989535853818,-0.742293364108109,,,,,,,,,
base_v5,mutation_type_shell_mean,shell_mae,5vec_B,,,,0.1764264014538507,0.23846883330500568,-0.06204243185115499,,,,,,,,,
base_v5,mutation_type_shell_mean,shell_mae,5xuh_A,,,,0.36701343575850215,0.9445200111996254,-0.5775065754411233,,,,,,,,,
base_v5,mutation_type_shell_mean,shell_mae,6a1v_A,,,,0.20925948036903128,0.5907487756498371,-0.3814892952808058,,,,,,,,,
base_v5,mutation_type_shell_mean,shell_mae,6bau_B,,,,0.1805290678474196,0.7330363130092294,-0.5525072451618098,,,,,,,,,
base_v5,mutation_type_shell_mean,shell_mae,6bl6_B,,,,1.3104281349620368,1.3348307344718542,-0.02440259950981738,,,,,,,,,
base_v5,mutation_type_shell_mean,shell_mae,6e2j_A,,,,0.4724433528785402,0.33692504021447245,0.13551831266406777,,,,,,,,,
base_v5,mutation_type_shell_mean,shell_mae,6ej6_A,,,,0.12417794359552485,0.4024591123943503,-0.2782811687988254,,,,,,,,,
base_v5,mutation_type_shell_mean,shell_mae,6i7u_A,,,,0.17533119369643332,0.8606797640986127,-0.6853485704021793,,,,,,,,,
base_v5,mutation_type_shell_mean,shell_mae,6k0q_A,,,,0.08130388274594266,1.1655120847943101,-1.0842082020483674,,,,,,,,,
base_v5,mutation_type_shell_mean,shell_mae,6l7d_A,,,,0.7195447782242487,0.9469855730392399,-0.22744079481499124,,,,,,,,,
base_v5,mutation_type_shell_mean,shell_mae,6m4l_A,,,,0.1127112115897885,1.058895010033345,-0.9461837984435565,,,,,,,,,
base_v5,mutation_type_shell_mean,shell_mae,6o4b_G,,,,0.2712306504264474,0.8409639245913062,-0.5697332741648589,,,,,,,,,
base_v5,mutation_type_shell_mean,shell_mae,6r6n_B,,,,0.11046947070278496,0.3300835712446147,-0.21961410054182973,,,,,,,,,
base_v5,mutation_type_shell_mean,shell_mae,6uau_A,,,,0.08492005005384794,0.366329509537561,-0.28140945948371304,,,,,,,,,
base_v5,mutation_type_shell_mean,shell_mae,6zy0_A,,,,0.11105360472297847,0.1231805044501223,-0.012126899727143828,,,,,,,,,
base_v5,mutation_type_shell_mean,shell_mae,7bbx_A,,,,0.2554263252492812,0.2926753184224255,-0.037248993173144285,,,,,,,,,
base_v5,mutation_type_shell_mean,shell_mae,7bxo_B,,,,0.9954496344269217,1.076175074737176,-0.08072544031025441,,,,,,,,,
base_v5,mutation_type_shell_mean,shell_mae,7dwo_B,,,,1.5273058220130618,1.4332872382989483,0.09401858371411342,,,,,,,,,
base_v5,mutation_type_shell_mean,shell_mae,7m8h_C,,,,0.14727182481953804,0.2700273132057538,-0.12275548838621575,,,,,,,,,
base_v5,mutation_type_shell_mean,shell_mae,7n6n_A,,,,0.36055837226155113,0.4504836785362255,-0.08992530627467438,,,,,,,,,
base_v5,mutation_type_shell_mean,shell_mae,7nlg_C,,,,0.24005687828052338,0.4130649564446827,-0.17300807816415933,,,,,,,,,
base_v5,mutation_type_shell_mean,shell_mae,7o58_B,,,,0.8037799932686585,0.7851760291254949,0.018603964143163565,,,,,,,,,
base_v5,mutation_type_shell_mean,shell_mae,7sj1_C,,,,0.5983057201906559,0.6119961255648996,-0.013690405374243708,,,,,,,,,
base_v5,mutation_type_shell_mean,shell_mae,7sp0_B,,,,0.4972868664176963,0.2758146376775723,0.221472228740124,,,,,,,,,
base_v5,mutation_type_shell_mean,shell_mae,7vns_A,,,,0.27238607998384384,0.45818551650678463,-0.1857994365229408,,,,,,,,,
base_v5,mutation_type_shell_mean,shell_mae,8eip_B,,,,0.12703308839402103,0.426693534682204,-0.299660446288183,,,,,,,,,
base_v5,mutation_type_shell_mean,shell_mae,8eqo_B,,,,0.4737462781855824,0.3964497784244631,0.0772964997611193,,,,,,,,,
base_v5,mutation_type_shell_mean,shell_mae,8f79_A,,,,2.1604931410587658,1.670407650741628,0.4900854903171379,,,,,,,,,
base_v5,mutation_type_shell_mean,shell_mae,8jce_G,,,,0.13582322722514967,0.20447165330577102,-0.06864842608062136,,,,,,,,,
base_v5,mutation_type_shell_mean,shell_mae,8ka0_C,,,,0.3500355907235956,0.6786154262078798,-0.32857983548428427,,,,,,,,,
base_v5,mutation_type_shell_mean,shell_mae,8r3c_A,,,,0.20105624902861247,0.18238685349921646,0.018669395529396005,,,,,,,,,
base_v5,mutation_type_shell_mean,shell_mae,8t06_A,,,,0.34223703024051555,0.4049066016780713,-0.06266957143755575,,,,,,,,,
base_v5,mutation_type_shell_mean,shell_mae,8up8_C,,,,0.3100081191259198,0.20521357890811592,0.10479454021780388,,,,,,,,,
base_v5,mutation_type_shell_mean,shell_mae,8wkd_A,,,,0.7524088247655294,1.115135109443695,-0.3627262846781656,,,,,,,,,
base_v5,mutation_type_shell_mean,shell_mae,8x84_C,,,,1.0045253183322995,0.9365900325404638,0.06793528579183572,,,,,,,,,
base_v5,mutation_type_shell_mean,shell_mae,9bc6_C,,,,0.43961795565520356,0.4333753181050656,0.006242637550137986,,,,,,,,,
base_v5,mutation_type_shell_mean,shell_mae,9cp9_B,,,,0.11277365701819958,0.5211226530222896,-0.40834899600408997,,,,,,,,,
base_v5,mutation_type_shell_mean,shell_mae,9hkm_C,,,,1.0750828009975433,0.8964704979806558,0.17861230301688746,,,,,,,,,
base_v5,mutation_type_shell_mean,shell_mae,9j83_A,,,,1.1756373602080417,0.8727187229331854,0.30291863727485624,,,,,,,,,
base_v5,mutation_type_shell_mean,shell_mae,9m80_B,,,,0.25128525928390655,0.24292104770298564,0.008364211580920905,,,,,,,,,
base_v5,mutation_type_shell_mean,shell_mae,9r2f_C,,,,7.195597653421799,7.523688411319051,-0.32809075789725206,,,,,,,,,
base_v5,mutation_type_shell_mean,shell_mae,9sd5_A,,,,0.15472904439888732,0.9939607996173361,-0.8392317552184487,,,,,,,,,
base_v5,mutation_type_shell_mean,shell_mae,9swq_B,,,,0.5801972591203144,0.398066264000941,0.18213099511937342,,,,,,,,,
base_v5,mutation_type_shell_mean,shell_mae,9va6_A,,,,0.737637812861499,0.7114061324175551,0.02623168044394386,,,,,,,,,
base_v5,mutation_type_shell_mean,perturbed_auprc,1ct1_E,,,,,,,0.3134563158590995,0.1634079624139143,0.1500483534451852,,,,,,
base_v5,mutation_type_shell_mean,perturbed_auprc,1gyr_C,,,,,,,0.24137613426451912,0.12600023408388145,0.11537590018063767,,,,,,
base_v5,mutation_type_shell_mean,perturbed_auprc,1h7x_D,,,,,,,0.19274419423603859,0.06669419197343249,0.1260500022626061,,,,,,
base_v5,mutation_type_shell_mean,perturbed_auprc,1ild_A,,,,,,,0.5645833333333333,0.009478672985781991,0.5551046603475513,,,,,,
base_v5,mutation_type_shell_mean,perturbed_auprc,1jll_E,,,,,,,0.23809012511812375,0.06338488484997462,0.17470524026814913,,,,,,
base_v5,mutation_type_shell_mean,perturbed_auprc,1me5_B,,,,,,,0.25466488198553144,0.09715203008562397,0.1575128518999075,,,,,,
base_v5,mutation_type_shell_mean,perturbed_auprc,1mjy_A,,,,,,,0.4541484793144144,0.2075449339508916,0.24660354536352277,,,,,,
base_v5,mutation_type_shell_mean,perturbed_auprc,1u5o_A,,,,,,,0.4696348553005658,0.20286143732291959,0.2667734179776462,,,,,,
base_v5,mutation_type_shell_mean,perturbed_auprc,1vyd_B,,,,,,,0.525,0.008620689655172414,0.5163793103448276,,,,,,
base_v5,mutation_type_shell_mean,perturbed_auprc,1vzi_B,,,,,,,0.03600564523406963,0.018164762067201093,0.017840883166868535,,,,,,
base_v5,mutation_type_shell_mean,perturbed_auprc,1y39_A,,,,,,,0.03125,0.013513513513513514,0.017736486486486486,,,,,,
base_v5,mutation_type_shell_mean,perturbed_auprc,1z73_A,,,,,,,,,,,,,,,
base_v5,mutation_type_shell_mean,perturbed_auprc,1z8u_A,,,,,,,0.738429427715142,0.5305250305250305,0.20790439719011145,,,,,,
base_v5,mutation_type_shell_mean,perturbed_auprc,2a6x_B,,,,,,,0.08354174561071112,0.013507628339598378,0.07003411727111275,,,,,,
base_v5,mutation_type_shell_mean,perturbed_auprc,2awi_L,,,,,,,0.41920676212018826,0.10032682328713301,0.31887993883305527,,,,,,
base_v5,mutation_type_shell_mean,perturbed_auprc,2bek_D,,,,,,,0.32037350802098347,0.044882313733502106,0.27549119428748137,,,,,,
base_v5,mutation_type_shell_mean,perturbed_auprc,2d5g_D,,,,,,,0.37400157590947064,0.06546021177441595,0.3085413641350547,,,,,,
base_v5,mutation_type_shell_mean,perturbed_auprc,2eyp_A,,,,,,,0.19286477542122732,0.06901913806658574,0.12384563735464157,,,,,,
base_v5,mutation_type_shell_mean,perturbed_auprc,2hlp_A,,,,,,,0.416640731516609,0.07896631450160374,0.3376744170150053,,,,,,
base_v5,mutation_type_shell_mean,perturbed_auprc,2o94_B,,,,,,,0.11005739930191405,0.03427382053654024,0.07578357876537381,,,,,,
base_v5,mutation_type_shell_mean,perturbed_auprc,2ouv_B,,,,,,,0.1498679132296457,0.05493255699491494,0.09493535623473076,,,,,,
base_v5,mutation_type_shell_mean,perturbed_auprc,2pp3_B,,,,,,,0.20226953438104806,0.011338143807975517,0.19093139057307254,,,,,,
base_v5,mutation_type_shell_mean,perturbed_auprc,2xhn_B,,,,,,,,,,,,,,,
base_v5,mutation_type_shell_mean,perturbed_auprc,2ygp_A,,,,,,,1.0,0.008130081300813009,0.991869918699187,,,,,,
base_v5,mutation_type_shell_mean,perturbed_auprc,3a9w_A,,,,,,,0.40328074227772776,0.008167936094621155,0.3951128061831066,,,,,,
base_v5,mutation_type_shell_mean,perturbed_auprc,3ax3_A,,,,,,,0.6341463820877774,0.26773081250258857,0.36641556958518884,,,,,,
base_v5,mutation_type_shell_mean,perturbed_auprc,3b8t_A,,,,,,,0.4191750743020686,0.06446761367915943,0.35470746062290914,,,,,,
base_v5,mutation_type_shell_mean,perturbed_auprc,3cfh_B,,,,,,,0.11305187783231262,0.02343059978036083,0.08962127805195179,,,,,,
base_v5,mutation_type_shell_mean,perturbed_auprc,3cyi_A,,,,,,,0.9132953742525431,0.8754945744588988,0.03780079979364437,,,,,,
base_v5,mutation_type_shell_mean,perturbed_auprc,3dl5_C,,,,,,,0.2510934664403442,0.0429240715411685,0.20816939489917569,,,,,,
base_v5,mutation_type_shell_mean,perturbed_auprc,3e44_A,,,,,,,0.6584517001764231,0.3330208311094408,0.32543086906698226,,,,,,
base_v5,mutation_type_shell_mean,perturbed_auprc,3g7j_B,,,,,,,0.29363711535523923,0.027723068372471155,0.2659140469827681,,,,,,
base_v5,mutation_type_shell_mean,perturbed_auprc,3jtq_B,,,,,,,0.6946923123862778,0.018633540372670808,0.676058772013607,,,,,,
base_v5,mutation_type_shell_mean,perturbed_auprc,3lze_A,,,,,,,,,,,,,,,
base_v5,mutation_type_shell_mean,perturbed_auprc,3m0o_B,,,,,,,0.23637662732995787,0.027566483602178553,0.2088101437277793,,,,,,
base_v5,mutation_type_shell_mean,perturbed_auprc,3o98_B,,,,,,,0.05263157894736842,0.0019083969465648854,0.05072318200080353,,,,,,
base_v5,mutation_type_shell_mean,perturbed_auprc,3pnv_A,,,,,,,0.4606789480311611,0.236985604462024,0.22369334356913712,,,,,,
base_v5,mutation_type_shell_mean,perturbed_auprc,3wfz_C,,,,,,,0.02477802828022464,0.011759851826227335,0.013018176453997304,,,,,,
base_v5,mutation_type_shell_mean,perturbed_auprc,3x2y_C,,,,,,,0.2024684907048265,0.10813586165294946,0.09433262905187705,,,,,,
base_v5,mutation_type_shell_mean,perturbed_auprc,3zwb_B,,,,,,,0.17676873920407704,0.03510561793909876,0.14166312126497826,,,,,,
base_v5,mutation_type_shell_mean,perturbed_auprc,4bl2_B,,,,,,,0.4475071927738763,0.2153699594662757,0.23213723330760058,,,,,,
base_v5,mutation_type_shell_mean,perturbed_auprc,4cj8_I,,,,,,,0.4322200560802091,0.17633789225968433,0.25588216382052476,,,,,,
base_v5,mutation_type_shell_mean,perturbed_auprc,4cv1_E,,,,,,,0.5245755378539387,0.22090776739309423,0.3036677704608445,,,,,,
base_v5,mutation_type_shell_mean,perturbed_auprc,4dfx_E,,,,,,,0.23410649964651975,0.025159550797557967,0.20894694884896178,,,,,,
base_v5,mutation_type_shell_mean,perturbed_auprc,4f4m_D,,,,,,,0.35512330728714153,0.07568597436513141,0.2794373329220101,,,,,,
base_v5,mutation_type_shell_mean,perturbed_auprc,4gvr_C,,,,,,,0.16628815812281608,0.09164073346881038,0.0746474246540057,,,,,,
base_v5,mutation_type_shell_mean,perturbed_auprc,4hgq_E,,,,,,,0.30187471546570144,0.013841889655592734,0.2880328258101087,,,,,,
base_v5,mutation_type_shell_mean,perturbed_auprc,4ok4_B,,,,,,,0.26028795345241335,0.09914678472657272,0.1611411687258406,,,,,,
base_v5,mutation_type_shell_mean,perturbed_auprc,4p4h_A,,,,,,,0.28941630789667905,0.21606971659400195,0.0733465913026771,,,,,,
base_v5,mutation_type_shell_mean,perturbed_auprc,4wef_A,,,,,,,0.3476600579622031,0.037450660081037146,0.31020939788116597,,,,,,
base_v5,mutation_type_shell_mean,perturbed_auprc,4x88_A,,,,,,,0.5341269841269841,0.013163454902585336,0.5209635292243988,,,,,,
base_v5,mutation_type_shell_mean,perturbed_auprc,4xy5_A,,,,,,,0.9165743816906607,0.019941472523968936,0.8966329091666918,,,,,,
base_v5,mutation_type_shell_mean,perturbed_auprc,5hgv_C,,,,,,,0.005489916339113827,0.002442912139131425,0.0030470041999824025,,,,,,
base_v5,mutation_type_shell_mean,perturbed_auprc,5mdw_6,,,,,,,0.20772910812384499,0.4672619047619047,-0.2595327966380597,,,,,,
base_v5,mutation_type_shell_mean,perturbed_auprc,5tnf_C,,,,,,,0.35437640503574763,0.022086828216902256,0.33228957681884536,,,,,,
base_v5,mutation_type_shell_mean,perturbed_auprc,5vec_B,,,,,,,0.316316608887617,0.02846682621791091,0.28784978266970607,,,,,,
base_v5,mutation_type_shell_mean,perturbed_auprc,5xuh_A,,,,,,,0.42530367640676636,0.20739780501639293,0.21790587139037343,,,,,,
base_v5,mutation_type_shell_mean,perturbed_auprc,6a1v_A,,,,,,,0.5693776249893892,0.04425445338575444,0.5251231716036348,,,,,,
base_v5,mutation_type_shell_mean,perturbed_auprc,6bau_B,,,,,,,0.060704107376824946,0.049801956985650424,0.010902150391174523,,,,,,
base_v5,mutation_type_shell_mean,perturbed_auprc,6bl6_B,,,,,,,0.5058179560023025,0.45651415407099727,0.049303801931305236,,,,,,
base_v5,mutation_type_shell_mean,perturbed_auprc,6e2j_A,,,,,,,0.43377014312288825,0.25257670489986717,0.18119343822302109,,,,,,
base_v5,mutation_type_shell_mean,perturbed_auprc,6ej6_A,,,,,,,,,,,,,,,
base_v5,mutation_type_shell_mean,perturbed_auprc,6i7u_A,,,,,,,0.15127060641658846,0.057004122572145016,0.09426648384444344,,,,,,
base_v5,mutation_type_shell_mean,perturbed_auprc,6k0q_A,,,,,,,0.013250233357724493,0.0029910298924064223,0.01025920346531807,,,,,,
base_v5,mutation_type_shell_mean,perturbed_auprc,6l7d_A,,,,,,,0.5562057273643677,0.1116605901934307,0.44454513717093697,,,,,,
base_v5,mutation_type_shell_mean,perturbed_auprc,6m4l_A,,,,,,,0.04396722539477236,0.009544549782483789,0.03442267561228857,,,,,,
base_v5,mutation_type_shell_mean,perturbed_auprc,6o4b_G,,,,,,,0.31028265128272947,0.08360901836373785,0.22667363291899162,,,,,,
base_v5,mutation_type_shell_mean,perturbed_auprc,6r6n_B,,,,,,,0.53125,0.021980676328502417,0.5092693236714976,,,,,,
base_v5,mutation_type_shell_mean,perturbed_auprc,6uau_A,,,,,,,0.464815479955423,0.027423363711681855,0.43739211624374114,,,,,,
base_v5,mutation_type_shell_mean,perturbed_auprc,6zy0_A,,,,,,,0.25,0.0016638935108153079,0.2483361064891847,,,,,,
base_v5,mutation_type_shell_mean,perturbed_auprc,7bbx_A,,,,,,,,,,,,,,,
base_v5,mutation_type_shell_mean,perturbed_auprc,7bxo_B,,,,,,,0.5671835714169473,0.2821512806143239,0.28503229080262343,,,,,,
base_v5,mutation_type_shell_mean,perturbed_auprc,7dwo_B,,,,,,,0.7370618658274425,0.6505721740416317,0.08648969178581078,,,,,,
base_v5,mutation_type_shell_mean,perturbed_auprc,7m8h_C,,,,,,,0.3235575285049727,0.01335027820139948,0.3102072503035732,,,,,,
base_v5,mutation_type_shell_mean,perturbed_auprc,7n6n_A,,,,,,,0.41569272473665453,0.21590107306137152,0.199791651675283,,,,,,
base_v5,mutation_type_shell_mean,perturbed_auprc,7nlg_C,,,,,,,0.3271109246972894,0.23957061457061457,0.08754031012667485,,,,,,
base_v5,mutation_type_shell_mean,perturbed_auprc,7o58_B,,,,,,,0.8292801124814776,0.5002511851093209,0.3290289273721567,,,,,,
base_v5,mutation_type_shell_mean,perturbed_auprc,7sj1_C,,,,,,,0.4658852781411746,0.540061363766703,-0.07417608562552841,,,,,,
base_v5,mutation_type_shell_mean,perturbed_auprc,7sp0_B,,,,,,,1.0,0.00425531914893617,0.9957446808510638,,,,,,
base_v5,mutation_type_shell_mean,perturbed_auprc,7vns_A,,,,,,,0.3863549499268197,0.04339979072500779,0.3429551592018119,,,,,,
base_v5,mutation_type_shell_mean,perturbed_auprc,8eip_B,,,,,,,0.6496415770609318,0.010034591106414187,0.6396069859545177,,,,,,
base_v5,mutation_type_shell_mean,perturbed_auprc,8eqo_B,,,,,,,0.45511964665825894,0.22418359197478716,0.23093605468347178,,,,,,
base_v5,mutation_type_shell_mean,perturbed_auprc,8f79_A,,,,,,,0.7577481810936562,0.6762200620690131,0.08152811902464308,,,,,,
base_v5,mutation_type_shell_mean,perturbed_auprc,8jce_G,,,,,,,0.25845124157362576,0.028235294117647063,0.2302159474559787,,,,,,
base_v5,mutation_type_shell_mean,perturbed_auprc,8ka0_C,,,,,,,0.6830820760715498,0.4889093730390169,0.19417270303253292,,,,,,
base_v5,mutation_type_shell_mean,perturbed_auprc,8r3c_A,,,,,,,0.48837488015340363,0.0449424736337488,0.4434324065196548,,,,,,
base_v5,mutation_type_shell_mean,perturbed_auprc,8t06_A,,,,,,,0.304490000486448,0.1332662568502827,0.17122374363616527,,,,,,
base_v5,mutation_type_shell_mean,perturbed_auprc,8up8_C,,,,,,,0.292335079973897,0.07023402027094537,0.22210105970295163,,,,,,
base_v5,mutation_type_shell_mean,perturbed_auprc,8wkd_A,,,,,,,0.4651381020279811,0.27043592417897744,0.19470217784900368,,,,,,
base_v5,mutation_type_shell_mean,perturbed_auprc,8x84_C,,,,,,,0.4893810559083164,0.5940580249866957,-0.10467696907837931,,,,,,
base_v5,mutation_type_shell_mean,perturbed_auprc,9bc6_C,,,,,,,0.3527197917904569,0.3236871843434343,0.02903260744702263,,,,,,
base_v5,mutation_type_shell_mean,perturbed_auprc,9cp9_B,,,,,,,0.15481458251344615,0.0069718567251461985,0.14784272578829996,,,,,,
base_v5,mutation_type_shell_mean,perturbed_auprc,9hkm_C,,,,,,,0.3500768660556095,0.17545773907920667,0.17461912697640283,,,,,,
base_v5,mutation_type_shell_mean,perturbed_auprc,9j83_A,,,,,,,0.9304033035264607,0.9043243069423472,0.0260789965841135,,,,,,
base_v5,mutation_type_shell_mean,perturbed_auprc,9m80_B,,,,,,,0.44420128174524687,0.06212911035022018,0.3820721713950267,,,,,,
base_v5,mutation_type_shell_mean,perturbed_auprc,9r2f_C,,,,,,,,,,,,,,,
base_v5,mutation_type_shell_mean,perturbed_auprc,9sd5_A,,,,,,,0.29644565022536384,0.021138115958624373,0.2753075342667395,,,,,,
base_v5,mutation_type_shell_mean,perturbed_auprc,9swq_B,,,,,,,0.5986789016398075,0.5301202276554949,0.06855867398431259,,,,,,
base_v5,mutation_type_shell_mean,perturbed_auprc,9va6_A,,,,,,,0.31198783134284896,0.21872423951187664,0.09326359183097233,,,,,,
base_v5,mutation_type_shell_mean,derived_radius_mae,1ct1_E,,,,,,,,,,26.22122393282663,27.009650470271254,-0.7884265374446251,,,
base_v5,mutation_type_shell_mean,derived_radius_mae,1gyr_C,,,,,,,,,,39.562649726867676,39.562649726867676,0.0,,,
base_v5,mutation_type_shell_mean,derived_radius_mae,1h7x_D,,,,,,,,,,80.03887315229936,80.03887315229936,0.0,,,
base_v5,mutation_type_shell_mean,derived_radius_mae,1ild_A,,,,,,,,,,32.0631103515625,32.0631103515625,0.0,,,
base_v5,mutation_type_shell_mean,derived_radius_mae,1jll_E,,,,,,,,,,31.290436137806285,52.85120912031694,-21.560772982510652,,,
base_v5,mutation_type_shell_mean,derived_radius_mae,1me5_B,,,,,,,,,,34.087395985921226,34.087395985921226,0.0,,,
base_v5,mutation_type_shell_mean,derived_radius_mae,1mjy_A,,,,,,,,,,23.571336327937612,23.571336327937612,0.0,,,
base_v5,mutation_type_shell_mean,derived_radius_mae,1u5o_A,,,,,,,,,,8.679454061720106,2.8582968182033963,5.82115724351671,,,
base_v5,mutation_type_shell_mean,derived_radius_mae,1vyd_B,,,,,,,,,,11.682313919067383,11.682313919067383,0.0,,,
base_v5,mutation_type_shell_mean,derived_radius_mae,1vzi_B,,,,,,,,,,16.99758849143982,16.99758849143982,0.0,,,
base_v5,mutation_type_shell_mean,derived_radius_mae,1y39_A,,,,,,,,,,0.0,0.0,0.0,,,
base_v5,mutation_type_shell_mean,derived_radius_mae,1z73_A,,,,,,,,,,0.0,36.940242767333984,-36.940242767333984,,,
base_v5,mutation_type_shell_mean,derived_radius_mae,1z8u_A,,,,,,,,,,40.69789493083954,1.2494678497314418,39.44842708110809,,,
base_v5,mutation_type_shell_mean,derived_radius_mae,2a6x_B,,,,,,,,,,17.218212127685547,17.218212127685547,0.0,,,
base_v5,mutation_type_shell_mean,derived_radius_mae,2awi_L,,,,,,,,,,41.47215805053711,41.47215805053711,0.0,,,
base_v5,mutation_type_shell_mean,derived_radius_mae,2bek_D,,,,,,,,,,31.227688831753202,23.50881297853258,7.718875853220624,,,
base_v5,mutation_type_shell_mean,derived_radius_mae,2d5g_D,,,,,,,,,,22.99198627471924,22.99198627471924,0.0,,,
base_v5,mutation_type_shell_mean,derived_radius_mae,2eyp_A,,,,,,,,,,14.493084315595956,15.423744070118872,-0.9306597545229156,,,
base_v5,mutation_type_shell_mean,derived_radius_mae,2hlp_A,,,,,,,,,,43.031165418608175,43.88507480587934,-0.853909387271166,,,
base_v5,mutation_type_shell_mean,derived_radius_mae,2o94_B,,,,,,,,,,28.4301016330719,28.4301016330719,0.0,,,
base_v5,mutation_type_shell_mean,derived_radius_mae,2ouv_B,,,,,,,,,,30.5053034695712,23.89295571500605,6.61234775456515,,,
base_v5,mutation_type_shell_mean,derived_radius_mae,2pp3_B,,,,,,,,,,40.51922728220622,41.932623291015624,-1.413396008809407,,,
base_v5,mutation_type_shell_mean,derived_radius_mae,2xhn_B,,,,,,,,,,0.0,0.0,0.0,,,
base_v5,mutation_type_shell_mean,derived_radius_mae,2ygp_A,,,,,,,,,,30.54112434387207,30.54112434387207,0.0,,,
base_v5,mutation_type_shell_mean,derived_radius_mae,3a9w_A,,,,,,,,,,27.943183263142902,27.943183263142902,0.0,,,
base_v5,mutation_type_shell_mean,derived_radius_mae,3ax3_A,,,,,,,,,,22.731449445088703,22.731449445088703,0.0,,,
base_v5,mutation_type_shell_mean,derived_radius_mae,3b8t_A,,,,,,,,,,25.997915074510395,23.913795313745176,2.084119760765219,,,
base_v5,mutation_type_shell_mean,derived_radius_mae,3cfh_B,,,,,,,,,,17.798782634735108,17.798782634735108,0.0,,,
base_v5,mutation_type_shell_mean,derived_radius_mae,3cyi_A,,,,,,,,,,16.565554089016384,29.79861217074924,-13.233058081732857,,,
base_v5,mutation_type_shell_mean,derived_radius_mae,3dl5_C,,,,,,,,,,16.4854181910816,63.004932503951224,-46.519514312869624,,,
base_v5,mutation_type_shell_mean,derived_radius_mae,3e44_A,,,,,,,,,,46.82238006591797,46.82238006591797,0.0,,,
base_v5,mutation_type_shell_mean,derived_radius_mae,3g7j_B,,,,,,,,,,12.49513041973114,14.474708497524261,-1.9795780777931213,,,
base_v5,mutation_type_shell_mean,derived_radius_mae,3jtq_B,,,,,,,,,,25.843168258666992,25.843168258666992,0.0,,,
base_v5,mutation_type_shell_mean,derived_radius_mae,3lze_A,,,,,,,,,,50.91887664794922,0.0,50.91887664794922,,,
base_v5,mutation_type_shell_mean,derived_radius_mae,3m0o_B,,,,,,,,,,20.690383830992115,34.8729331874046,-14.182549356412483,,,
base_v5,mutation_type_shell_mean,derived_radius_mae,3o98_B,,,,,,,,,,42.439449310302734,42.439449310302734,0.0,,,
base_v5,mutation_type_shell_mean,derived_radius_mae,3pnv_A,,,,,,,,,,67.00126775105794,63.171749671300255,3.8295180797576833,,,
base_v5,mutation_type_shell_mean,derived_radius_mae,3wfz_C,,,,,,,,,,41.76523303985596,37.926071524620056,3.839161515235901,,,
base_v5,mutation_type_shell_mean,derived_radius_mae,3x2y_C,,,,,,,,,,17.662153879801433,17.662153879801433,0.0,,,
base_v5,mutation_type_shell_mean,derived_radius_mae,3zwb_B,,,,,,,,,,49.847237723214285,49.847237723214285,0.0,,,
base_v5,mutation_type_shell_mean,derived_radius_mae,4bl2_B,,,,,,,,,,5.883495431197317,72.97696916680587,-67.09347373560855,,,
base_v5,mutation_type_shell_mean,derived_radius_mae,4cj8_I,,,,,,,,,,33.61017608642578,0.2644773210797991,33.34569876534598,,,
base_v5,mutation_type_shell_mean,derived_radius_mae,4cv1_E,,,,,,,,,,31.12730160471081,25.701509711238764,5.425791893472045,,,
base_v5,mutation_type_shell_mean,derived_radius_mae,4dfx_E,,,,,,,,,,18.141690254211426,36.39386908213297,-18.252178827921547,,,
base_v5,mutation_type_shell_mean,derived_radius_mae,4f4m_D,,,,,,,,,,18.310216406117316,18.310216406117316,0.0,,,
base_v5,mutation_type_shell_mean,derived_radius_mae,4gvr_C,,,,,,,,,,13.69410228729248,13.69410228729248,0.0,,,
base_v5,mutation_type_shell_mean,derived_radius_mae,4hgq_E,,,,,,,,,,15.087509373823801,24.832160731156666,-9.744651357332865,,,
base_v5,mutation_type_shell_mean,derived_radius_mae,4ok4_B,,,,,,,,,,44.203465938568115,44.203465938568115,0.0,,,
base_v5,mutation_type_shell_mean,derived_radius_mae,4p4h_A,,,,,,,,,,36.8932728767395,36.8932728767395,0.0,,,
base_v5,mutation_type_shell_mean,derived_radius_mae,4wef_A,,,,,,,,,,31.315160179138182,31.315160179138182,0.0,,,
base_v5,mutation_type_shell_mean,derived_radius_mae,4x88_A,,,,,,,,,,2.240385084441214,8.804504119988644,-6.564119035547431,,,
base_v5,mutation_type_shell_mean,derived_radius_mae,4xy5_A,,,,,,,,,,26.470184961954754,18.896223704020183,7.57396125793457,,,
base_v5,mutation_type_shell_mean,derived_radius_mae,5hgv_C,,,,,,,,,,14.587264060974121,23.316757202148438,-8.729493141174316,,,
base_v5,mutation_type_shell_mean,derived_radius_mae,5mdw_6,,,,,,,,,,11.302181243896484,11.302181243896484,0.0,,,
base_v5,mutation_type_shell_mean,derived_radius_mae,5tnf_C,,,,,,,,,,19.2394905949043,12.799887240943262,6.439603353961038,,,
base_v5,mutation_type_shell_mean,derived_radius_mae,5vec_B,,,,,,,,,,52.37406857808431,52.37406857808431,0.0,,,
base_v5,mutation_type_shell_mean,derived_radius_mae,5xuh_A,,,,,,,,,,23.93380355834961,16.68013874689738,7.253664811452229,,,
base_v5,mutation_type_shell_mean,derived_radius_mae,6a1v_A,,,,,,,,,,23.122143665949505,22.982558459043503,0.13958520690600196,,,
base_v5,mutation_type_shell_mean,derived_radius_mae,6bau_B,,,,,,,,,,8.02792485555013,12.00023070971171,-3.972305854161579,,,
base_v5,mutation_type_shell_mean,derived_radius_mae,6bl6_B,,,,,,,,,,25.89215047308739,10.88640318525598,15.00574728783141,,,
base_v5,mutation_type_shell_mean,derived_radius_mae,6e2j_A,,,,,,,,,,0.5886077880859375,145.72537231445312,-145.1367645263672,,,
base_v5,mutation_type_shell_mean,derived_radius_mae,6ej6_A,,,,,,,,,,0.0,0.0,0.0,,,
base_v5,mutation_type_shell_mean,derived_radius_mae,6i7u_A,,,,,,,,,,45.484169006347656,45.484169006347656,0.0,,,
base_v5,mutation_type_shell_mean,derived_radius_mae,6k0q_A,,,,,,,,,,11.812048435211182,11.874480843544006,-0.06243240833282471,,,
base_v5,mutation_type_shell_mean,derived_radius_mae,6l7d_A,,,,,,,,,,34.66973231537173,9.287372261586814,25.382360053784918,,,
base_v5,mutation_type_shell_mean,derived_radius_mae,6m4l_A,,,,,,,,,,36.23588180541992,11.052169799804688,25.183712005615234,,,
base_v5,mutation_type_shell_mean,derived_radius_mae,6o4b_G,,,,,,,,,,53.127310793411326,34.5501393345819,18.577171458829426,,,
base_v5,mutation_type_shell_mean,derived_radius_mae,6r6n_B,,,,,,,,,,24.782733917236328,24.782733917236328,0.0,,,
base_v5,mutation_type_shell_mean,derived_radius_mae,6uau_A,,,,,,,,,,26.013817469278973,26.013817469278973,0.0,,,
base_v5,mutation_type_shell_mean,derived_radius_mae,6zy0_A,,,,,,,,,,9.435430526733398,28.01908302307129,-18.58365249633789,,,
base_v5,mutation_type_shell_mean,derived_radius_mae,7bbx_A,,,,,,,,,,0.0,0.0,0.0,,,
base_v5,mutation_type_shell_mean,derived_radius_mae,7bxo_B,,,,,,,,,,26.726096066561613,33.93557288429954,-7.209476817737926,,,
base_v5,mutation_type_shell_mean,derived_radius_mae,7dwo_B,,,,,,,,,,13.742589950561523,68.64007949829102,-54.89748954772949,,,
base_v5,mutation_type_shell_mean,derived_radius_mae,7m8h_C,,,,,,,,,,17.537354826927185,17.537354826927185,0.0,,,
base_v5,mutation_type_shell_mean,derived_radius_mae,7n6n_A,,,,,,,,,,28.33567015319512,45.08699739518084,-16.751327241985717,,,
base_v5,mutation_type_shell_mean,derived_radius_mae,7nlg_C,,,,,,,,,,2.919854300362723,2.919854300362723,0.0,,,
base_v5,mutation_type_shell_mean,derived_radius_mae,7o58_B,,,,,,,,,,32.793346325556435,32.793346325556435,0.0,,,
base_v5,mutation_type_shell_mean,derived_radius_mae,7sj1_C,,,,,,,,,,0.0,48.44914722442627,-48.44914722442627,,,
base_v5,mutation_type_shell_mean,derived_radius_mae,7sp0_B,,,,,,,,,,0.0,56.826961517333984,-56.826961517333984,,,
base_v5,mutation_type_shell_mean,derived_radius_mae,7vns_A,,,,,,,,,,3.4188308715820317,22.53256058692932,-19.11372971534729,,,
base_v5,mutation_type_shell_mean,derived_radius_mae,8eip_B,,,,,,,,,,13.936768531799316,13.936768531799316,0.0,,,
base_v5,mutation_type_shell_mean,derived_radius_mae,8eqo_B,,,,,,,,,,17.24411379650411,28.504581379234246,-11.260467582730136,,,
base_v5,mutation_type_shell_mean,derived_radius_mae,8f79_A,,,,,,,,,,131.24072202046713,127.42605026563008,3.8146717548370503,,,
base_v5,mutation_type_shell_mean,derived_radius_mae,8jce_G,,,,,,,,,,56.53575642903646,56.53575642903646,0.0,,,
base_v5,mutation_type_shell_mean,derived_radius_mae,8ka0_C,,,,,,,,,,50.01686096191406,0.0,50.01686096191406,,,
base_v5,mutation_type_shell_mean,derived_radius_mae,8r3c_A,,,,,,,,,,20.020714925130207,20.020714925130207,0.0,,,
base_v5,mutation_type_shell_mean,derived_radius_mae,8t06_A,,,,,,,,,,33.49544906616211,33.49544906616211,0.0,,,
base_v5,mutation_type_shell_mean,derived_radius_mae,8up8_C,,,,,,,,,,15.527965545654297,18.71684398651123,-3.188878440856932,,,
base_v5,mutation_type_shell_mean,derived_radius_mae,8wkd_A,,,,,,,,,,39.22949421405792,43.032684326171875,-3.8031901121139526,,,
base_v5,mutation_type_shell_mean,derived_radius_mae,8x84_C,,,,,,,,,,30.234486937522888,39.35646736621857,-9.121980428695679,,,
base_v5,mutation_type_shell_mean,derived_radius_mae,9bc6_C,,,,,,,,,,1.589249610900879,78.3049087524414,-76.71565914154053,,,
base_v5,mutation_type_shell_mean,derived_radius_mae,9cp9_B,,,,,,,,,,32.01237678527832,29.409867922465008,2.6025088628133126,,,
base_v5,mutation_type_shell_mean,derived_radius_mae,9hkm_C,,,,,,,,,,48.152000427246094,48.152000427246094,0.0,,,
base_v5,mutation_type_shell_mean,derived_radius_mae,9j83_A,,,,,,,,,,3.1034088134765625,0.0,3.1034088134765625,,,
base_v5,mutation_type_shell_mean,derived_radius_mae,9m80_B,,,,,,,,,,52.29926013946533,52.29926013946533,0.0,,,
base_v5,mutation_type_shell_mean,derived_radius_mae,9r2f_C,,,,,,,,,,2.5916116502549915,50.59802500406901,-48.00641335381402,,,
base_v5,mutation_type_shell_mean,derived_radius_mae,9sd5_A,,,,,,,,,,52.14410018920898,0.28662490844727273,51.857475280761705,,,
base_v5,mutation_type_shell_mean,derived_radius_mae,9swq_B,,,,,,,,,,40.45744609832764,71.04696273803711,-30.589516639709473,,,
base_v5,mutation_type_shell_mean,derived_radius_mae,9va6_A,,,,,,,,,,31.261920928955085,31.261920928955085,0.0,,,
base_v5,mutation_type_shell_mean,derived_class_macro_f1,1ct1_E,,,,,,,,,,,,,0.003952569169960474,0.11014492753623188,-0.1061923583662714
base_v5,mutation_type_shell_mean,derived_class_macro_f1,1gyr_C,,,,,,,,,,,,,0.0,0.0,0.0
base_v5,mutation_type_shell_mean,derived_class_macro_f1,1h7x_D,,,,,,,,,,,,,0.09090909090909091,0.09090909090909091,0.0
base_v5,mutation_type_shell_mean,derived_class_macro_f1,1ild_A,,,,,,,,,,,,,0.0,0.0,0.0
base_v5,mutation_type_shell_mean,derived_class_macro_f1,1jll_E,,,,,,,,,,,,,0.9090909090909091,0.0,0.9090909090909091
base_v5,mutation_type_shell_mean,derived_class_macro_f1,1me5_B,,,,,,,,,,,,,0.0,0.0,0.0
base_v5,mutation_type_shell_mean,derived_class_macro_f1,1mjy_A,,,,,,,,,,,,,0.0,0.0,0.0
base_v5,mutation_type_shell_mean,derived_class_macro_f1,1u5o_A,,,,,,,,,,,,,0.5555555555555556,0.6666666666666666,-0.11111111111111105
base_v5,mutation_type_shell_mean,derived_class_macro_f1,1vyd_B,,,,,,,,,,,,,0.5,0.5,0.0
base_v5,mutation_type_shell_mean,derived_class_macro_f1,1vzi_B,,,,,,,,,,,,,0.35,0.35,0.0
base_v5,mutation_type_shell_mean,derived_class_macro_f1,1y39_A,,,,,,,,,,,,,0.0,0.0,0.0
base_v5,mutation_type_shell_mean,derived_class_macro_f1,1z73_A,,,,,,,,,,,,,1.0,0.0,1.0
base_v5,mutation_type_shell_mean,derived_class_macro_f1,1z8u_A,,,,,,,,,,,,,0.0,1.0,-1.0
base_v5,mutation_type_shell_mean,derived_class_macro_f1,2a6x_B,,,,,,,,,,,,,0.0,0.0,0.0
base_v5,mutation_type_shell_mean,derived_class_macro_f1,2awi_L,,,,,,,,,,,,,0.0,0.0,0.0
base_v5,mutation_type_shell_mean,derived_class_macro_f1,2bek_D,,,,,,,,,,,,,0.011111111111111112,0.0,0.011111111111111112
base_v5,mutation_type_shell_mean,derived_class_macro_f1,2d5g_D,,,,,,,,,,,,,0.0,0.0,0.0
base_v5,mutation_type_shell_mean,derived_class_macro_f1,2eyp_A,,,,,,,,,,,,,0.39655172413793105,0.27586206896551724,0.12068965517241381
base_v5,mutation_type_shell_mean,derived_class_macro_f1,2hlp_A,,,,,,,,,,,,,0.043782837127845885,0.01576182136602452,0.028021015761821366
base_v5,mutation_type_shell_mean,derived_class_macro_f1,2o94_B,,,,,,,,,,,,,0.375,0.375,0.0
base_v5,mutation_type_shell_mean,derived_class_macro_f1,2ouv_B,,,,,,,,,,,,,0.045454545454545456,0.045454545454545456,0.0
base_v5,mutation_type_shell_mean,derived_class_macro_f1,2pp3_B,,,,,,,,,,,,,0.0,0.4,-0.4
base_v5,mutation_type_shell_mean,derived_class_macro_f1,2xhn_B,,,,,,,,,,,,,1.0,1.0,0.0
base_v5,mutation_type_shell_mean,derived_class_macro_f1,2ygp_A,,,,,,,,,,,,,0.0,0.0,0.0
base_v5,mutation_type_shell_mean,derived_class_macro_f1,3a9w_A,,,,,,,,,,,,,0.0,0.0,0.0
base_v5,mutation_type_shell_mean,derived_class_macro_f1,3ax3_A,,,,,,,,,,,,,0.0,0.0,0.0
base_v5,mutation_type_shell_mean,derived_class_macro_f1,3b8t_A,,,,,,,,,,,,,0.2830188679245283,0.4528301886792453,-0.169811320754717
base_v5,mutation_type_shell_mean,derived_class_macro_f1,3cfh_B,,,,,,,,,,,,,0.375,0.375,0.0
base_v5,mutation_type_shell_mean,derived_class_macro_f1,3cyi_A,,,,,,,,,,,,,0.7777777777777778,0.0,0.7777777777777778
base_v5,mutation_type_shell_mean,derived_class_macro_f1,3dl5_C,,,,,,,,,,,,,0.7631578947368421,0.0,0.7631578947368421
base_v5,mutation_type_shell_mean,derived_class_macro_f1,3e44_A,,,,,,,,,,,,,0.0,0.0,0.0
base_v5,mutation_type_shell_mean,derived_class_macro_f1,3g7j_B,,,,,,,,,,,,,0.5,0.0625,0.4375
base_v5,mutation_type_shell_mean,derived_class_macro_f1,3jtq_B,,,,,,,,,,,,,0.5,0.5,0.0
base_v5,mutation_type_shell_mean,derived_class_macro_f1,3lze_A,,,,,,,,,,,,,0.0,1.0,-1.0
base_v5,mutation_type_shell_mean,derived_class_macro_f1,3m0o_B,,,,,,,,,,,,,0.453781512605042,0.16806722689075632,0.2857142857142857
base_v5,mutation_type_shell_mean,derived_class_macro_f1,3o98_B,,,,,,,,,,,,,0.0,0.0,0.0
base_v5,mutation_type_shell_mean,derived_class_macro_f1,3pnv_A,,,,,,,,,,,,,0.0,0.0,0.0
base_v5,mutation_type_shell_mean,derived_class_macro_f1,3wfz_C,,,,,,,,,,,,,0.0,0.0,0.0
base_v5,mutation_type_shell_mean,derived_class_macro_f1,3x2y_C,,,,,,,,,,,,,0.0,0.2777777777777778,-0.2777777777777778
base_v5,mutation_type_shell_mean,derived_class_macro_f1,3zwb_B,,,,,,,,,,,,,0.0,0.0,0.0
base_v5,mutation_type_shell_mean,derived_class_macro_f1,4bl2_B,,,,,,,,,,,,,1.0,0.15789473684210525,0.8421052631578947
base_v5,mutation_type_shell_mean,derived_class_macro_f1,4cj8_I,,,,,,,,,,,,,0.0,1.0,-1.0
base_v5,mutation_type_shell_mean,derived_class_macro_f1,4cv1_E,,,,,,,,,,,,,0.25920542635658916,0.32751937984496127,-0.0683139534883721
base_v5,mutation_type_shell_mean,derived_class_macro_f1,4dfx_E,,,,,,,,,,,,,1.0,0.0,1.0
base_v5,mutation_type_shell_mean,derived_class_macro_f1,4f4m_D,,,,,,,,,,,,,0.17391304347826086,0.21739130434782608,-0.043478260869565216
base_v5,mutation_type_shell_mean,derived_class_macro_f1,4gvr_C,,,,,,,,,,,,,0.7777777777777778,0.7777777777777778,0.0
base_v5,mutation_type_shell_mean,derived_class_macro_f1,4hgq_E,,,,,,,,,,,,,0.6875,0.3125,0.375
base_v5,mutation_type_shell_mean,derived_class_macro_f1,4ok4_B,,,,,,,,,,,,,0.125,0.0,0.125
base_v5,mutation_type_shell_mean,derived_class_macro_f1,4p4h_A,,,,,,,,,,,,,0.0,0.0,0.0
base_v5,mutation_type_shell_mean,derived_class_macro_f1,4wef_A,,,,,,,,,,,,,0.15,0.15,0.0
base_v5,mutation_type_shell_mean,derived_class_macro_f1,4x88_A,,,,,,,,,,,,,0.9242424242424242,0.0,0.9242424242424242
base_v5,mutation_type_shell_mean,derived_class_macro_f1,4xy5_A,,,,,,,,,,,,,0.0,0.0,0.0
base_v5,mutation_type_shell_mean,derived_class_macro_f1,5hgv_C,,,,,,,,,,,,,0.75,0.25,0.5
base_v5,mutation_type_shell_mean,derived_class_macro_f1,5mdw_6,,,,,,,,,,,,,1.0,1.0,0.0
base_v5,mutation_type_shell_mean,derived_class_macro_f1,5tnf_C,,,,,,,,,,,,,0.2319915254237288,0.638771186440678,-0.4067796610169492
base_v5,mutation_type_shell_mean,derived_class_macro_f1,5vec_B,,,,,,,,,,,,,0.0,0.0,0.0
base_v5,mutation_type_shell_mean,derived_class_macro_f1,5xuh_A,,,,,,,,,,,,,0.0,0.0,0.0
base_v5,mutation_type_shell_mean,derived_class_macro_f1,6a1v_A,,,,,,,,,,,,,0.22916666666666666,0.1875,0.04166666666666666
base_v5,mutation_type_shell_mean,derived_class_macro_f1,6bau_B,,,,,,,,,,,,,0.0,0.0,0.0
base_v5,mutation_type_shell_mean,derived_class_macro_f1,6bl6_B,,,,,,,,,,,,,0.851063829787234,0.9574468085106383,-0.1063829787234043
base_v5,mutation_type_shell_mean,derived_class_macro_f1,6e2j_A,,,,,,,,,,,,,1.0,0.0,1.0
base_v5,mutation_type_shell_mean,derived_class_macro_f1,6ej6_A,,,,,,,,,,,,,0.0,1.0,-1.0
base_v5,mutation_type_shell_mean,derived_class_macro_f1,6i7u_A,,,,,,,,,,,,,0.0,0.0,0.0
base_v5,mutation_type_shell_mean,derived_class_macro_f1,6k0q_A,,,,,,,,,,,,,0.5,0.0,0.5
base_v5,mutation_type_shell_mean,derived_class_macro_f1,6l7d_A,,,,,,,,,,,,,0.0,0.898989898989899,-0.898989898989899
base_v5,mutation_type_shell_mean,derived_class_macro_f1,6m4l_A,,,,,,,,,,,,,0.0,1.0,-1.0
base_v5,mutation_type_shell_mean,derived_class_macro_f1,6o4b_G,,,,,,,,,,,,,0.04830917874396135,0.39420289855072466,-0.3458937198067633
base_v5,mutation_type_shell_mean,derived_class_macro_f1,6r6n_B,,,,,,,,,,,,,0.0,0.0,0.0
base_v5,mutation_type_shell_mean,derived_class_macro_f1,6uau_A,,,,,,,,,,,,,0.0,0.0,0.0
base_v5,mutation_type_shell_mean,derived_class_macro_f1,6zy0_A,,,,,,,,,,,,,1.0,0.0,1.0
base_v5,mutation_type_shell_mean,derived_class_macro_f1,7bbx_A,,,,,,,,,,,,,0.0,1.0,-1.0
base_v5,mutation_type_shell_mean,derived_class_macro_f1,7bxo_B,,,,,,,,,,,,,0.18181818181818182,0.0,0.18181818181818182
base_v5,mutation_type_shell_mean,derived_class_macro_f1,7dwo_B,,,,,,,,,,,,,0.0,0.0,0.0
base_v5,mutation_type_shell_mean,derived_class_macro_f1,7m8h_C,,,,,,,,,,,,,0.4375,0.4375,0.0
base_v5,mutation_type_shell_mean,derived_class_macro_f1,7n6n_A,,,,,,,,,,,,,0.5088289019687436,0.06521886205263513,0.4436100399161085
base_v5,mutation_type_shell_mean,derived_class_macro_f1,7nlg_C,,,,,,,,,,,,,0.8571428571428571,0.8571428571428571,0.0
base_v5,mutation_type_shell_mean,derived_class_macro_f1,7o58_B,,,,,,,,,,,,,0.125,0.125,0.0
base_v5,mutation_type_shell_mean,derived_class_macro_f1,7sj1_C,,,,,,,,,,,,,1.0,0.0,1.0
base_v5,mutation_type_shell_mean,derived_class_macro_f1,7sp0_B,,,,,,,,,,,,,1.0,0.0,1.0
base_v5,mutation_type_shell_mean,derived_class_macro_f1,7vns_A,,,,,,,,,,,,,0.5,0.0,0.5
base_v5,mutation_type_shell_mean,derived_class_macro_f1,8eip_B,,,,,,,,,,,,,0.5,0.5,0.0
base_v5,mutation_type_shell_mean,derived_class_macro_f1,8eqo_B,,,,,,,,,,,,,0.42021625163827,0.018676277850589777,0.4015399737876802
base_v5,mutation_type_shell_mean,derived_class_macro_f1,8f79_A,,,,,,,,,,,,,0.0,0.0,0.0
base_v5,mutation_type_shell_mean,derived_class_macro_f1,8jce_G,,,,,,,,,,,,,0.0,0.0,0.0
base_v5,mutation_type_shell_mean,derived_class_macro_f1,8ka0_C,,,,,,,,,,,,,0.0,1.0,-1.0
base_v5,mutation_type_shell_mean,derived_class_macro_f1,8r3c_A,,,,,,,,,,,,,0.006666666666666667,0.006666666666666667,0.0
base_v5,mutation_type_shell_mean,derived_class_macro_f1,8t06_A,,,,,,,,,,,,,0.0,0.0,0.0
base_v5,mutation_type_shell_mean,derived_class_macro_f1,8up8_C,,,,,,,,,,,,,0.0,0.4,-0.4
base_v5,mutation_type_shell_mean,derived_class_macro_f1,8wkd_A,,,,,,,,,,,,,0.0,0.0,0.0
base_v5,mutation_type_shell_mean,derived_class_macro_f1,8x84_C,,,,,,,,,,,,,1.0,0.0,1.0
base_v5,mutation_type_shell_mean,derived_class_macro_f1,9bc6_C,,,,,,,,,,,,,1.0,0.0,1.0
base_v5,mutation_type_shell_mean,derived_class_macro_f1,9cp9_B,,,,,,,,,,,,,0.0,0.0,0.0
base_v5,mutation_type_shell_mean,derived_class_macro_f1,9hkm_C,,,,,,,,,,,,,0.0,0.0,0.0
base_v5,mutation_type_shell_mean,derived_class_macro_f1,9j83_A,,,,,,,,,,,,,1.0,1.0,0.0
base_v5,mutation_type_shell_mean,derived_class_macro_f1,9m80_B,,,,,,,,,,,,,0.0,0.0,0.0
base_v5,mutation_type_shell_mean,derived_class_macro_f1,9r2f_C,,,,,,,,,,,,,1.0,0.0,1.0
base_v5,mutation_type_shell_mean,derived_class_macro_f1,9sd5_A,,,,,,,,,,,,,0.0,1.0,-1.0
base_v5,mutation_type_shell_mean,derived_class_macro_f1,9swq_B,,,,,,,,,,,,,1.0,0.0,1.0
base_v5,mutation_type_shell_mean,derived_class_macro_f1,9va6_A,,,,,,,,,,,,,0.0,0.0,0.0
base_v5,esm_mlp,global_mae,1ct1_E,0.2773535816057411,0.4443829969976211,-0.16702941539188004,,,,,,,,,,,,
base_v5,esm_mlp,global_mae,1gyr_C,0.3646523220836434,0.33034006277058314,0.034312259313060256,,,,,,,,,,,,
base_v5,esm_mlp,global_mae,1h7x_D,0.18513522668236604,0.21298129399068347,-0.02784606730831743,,,,,,,,,,,,
base_v5,esm_mlp,global_mae,1ild_A,0.15970983367833647,0.2715981925333984,-0.11188835885506193,,,,,,,,,,,,
base_v5,esm_mlp,global_mae,1jll_E,0.22554619104010712,0.23413909932494503,-0.008592908284837913,,,,,,,,,,,,
base_v5,esm_mlp,global_mae,1me5_B,0.2598359432817941,0.280021391712086,-0.020185448430291908,,,,,,,,,,,,
base_v5,esm_mlp,global_mae,1mjy_A,0.39436258041871747,0.3789917681326058,0.015370812286111646,,,,,,,,,,,,
base_v5,esm_mlp,global_mae,1u5o_A,0.3115856679339157,0.355049653570577,-0.04346398563666132,,,,,,,,,,,,
base_v5,esm_mlp,global_mae,1vyd_B,0.14097670481363633,0.16347154595584062,-0.02249484114220429,,,,,,,,,,,,
base_v5,esm_mlp,global_mae,1vzi_B,0.18632298683961854,0.23266079059382902,-0.04633780375421048,,,,,,,,,,,,
base_v5,esm_mlp,global_mae,1y39_A,0.2109787290462771,0.1721104358801165,0.038868293166160583,,,,,,,,,,,,
base_v5,esm_mlp,global_mae,1z73_A,0.06641552078324449,0.1538852321444057,-0.0874697113611612,,,,,,,,,,,,
base_v5,esm_mlp,global_mae,1z8u_A,0.2822472388493932,0.5502326966935975,-0.26798545784420436,,,,,,,,,,,,
base_v5,esm_mlp,global_mae,2a6x_B,0.16920783346068097,0.20047494924742065,-0.031267115786739685,,,,,,,,,,,,
base_v5,esm_mlp,global_mae,2awi_L,0.2255493866764519,0.256606795057042,-0.031057408380590068,,,,,,,,,,,,
base_v5,esm_mlp,global_mae,2bek_D,0.17516712583325134,0.23420605167583092,-0.05903892584257958,,,,,,,,,,,,
base_v5,esm_mlp,global_mae,2d5g_D,0.27948298327714566,0.3125335808439427,-0.03305059756679707,,,,,,,,,,,,
base_v5,esm_mlp,global_mae,2eyp_A,0.19452737293423103,0.22238184934211191,-0.027854476407880885,,,,,,,,,,,,
base_v5,esm_mlp,global_mae,2hlp_A,0.31801972003764456,0.3002717928568914,0.017747927180753187,,,,,,,,,,,,
base_v5,esm_mlp,global_mae,2o94_B,0.2224696957410368,0.21039213128524886,0.012077564455787948,,,,,,,,,,,,
base_v5,esm_mlp,global_mae,2ouv_B,0.19517570462503883,0.19450088950961816,0.0006748151154206683,,,,,,,,,,,,
base_v5,esm_mlp,global_mae,2pp3_B,0.11384525143993303,0.1133903743581304,0.00045487708180262654,,,,,,,,,,,,
base_v5,esm_mlp,global_mae,2xhn_B,0.13406192656518437,0.22752438858151436,-0.09346246201632999,,,,,,,,,,,,
base_v5,esm_mlp,global_mae,2ygp_A,0.2289951940109932,0.25549802035842645,-0.026502826347433256,,,,,,,,,,,,
base_v5,esm_mlp,global_mae,3a9w_A,0.1395984046544669,0.1929709632948846,-0.053372558640417705,,,,,,,,,,,,
base_v5,esm_mlp,global_mae,3ax3_A,0.666376341360085,0.6861989911306988,-0.019822649770613876,,,,,,,,,,,,
base_v5,esm_mlp,global_mae,3b8t_A,0.12208701594584816,0.14967326702474515,-0.027586251078896992,,,,,,,,,,,,
base_v5,esm_mlp,global_mae,3cfh_B,0.12510215774407757,0.1741437328852854,-0.04904157514120783,,,,,,,,,,,,
base_v5,esm_mlp,global_mae,3cyi_A,2.2016246515526396,2.2523319287378403,-0.05070727718520063,,,,,,,,,,,,
base_v5,esm_mlp,global_mae,3dl5_C,0.22750206837714657,0.18253376911306307,0.044968299264083494,,,,,,,,,,,,
base_v5,esm_mlp,global_mae,3e44_A,0.6680758691503252,0.5628537945417411,0.10522207460858413,,,,,,,,,,,,
base_v5,esm_mlp,global_mae,3g7j_B,0.1579529561543645,0.16572402137622746,-0.007771065221862966,,,,,,,,,,,,
base_v5,esm_mlp,global_mae,3jtq_B,0.10887245888379313,0.13320118866029457,-0.02432872977650144,,,,,,,,,,,,
base_v5,esm_mlp,global_mae,3lze_A,0.37830967451245784,0.23263129900954282,0.14567837550291501,,,,,,,,,,,,
base_v5,esm_mlp,global_mae,3m0o_B,0.13532201675194958,0.15899287893356784,-0.023670862181618263,,,,,,,,,,,,
base_v5,esm_mlp,global_mae,3o98_B,0.14449740752614848,0.15381201348309195,-0.009314605956943472,,,,,,,,,,,,
base_v5,esm_mlp,global_mae,3pnv_A,0.607757563176388,0.6030397610622766,0.004717802114111325,,,,,,,,,,,,
base_v5,esm_mlp,global_mae,3wfz_C,0.1075864451297589,0.10970657151217336,-0.002120126382414461,,,,,,,,,,,,
base_v5,esm_mlp,global_mae,3x2y_C,0.22677185228771413,0.25179017534193676,-0.025018323054222635,,,,,,,,,,,,
base_v5,esm_mlp,global_mae,3zwb_B,0.1983591088345334,0.20597827161712465,-0.0076191627825912545,,,,,,,,,,,,
base_v5,esm_mlp,global_mae,4bl2_B,0.584999478793932,0.6530397112355839,-0.06804023244165192,,,,,,,,,,,,
base_v5,esm_mlp,global_mae,4cj8_I,0.3564385893049752,0.3605657635802027,-0.004127174275227519,,,,,,,,,,,,
base_v5,esm_mlp,global_mae,4cv1_E,0.37975315782082864,0.36716106754539113,0.012592090275437506,,,,,,,,,,,,
base_v5,esm_mlp,global_mae,4dfx_E,0.2898443682722239,0.34910969960786886,-0.05926533133564499,,,,,,,,,,,,
base_v5,esm_mlp,global_mae,4f4m_D,0.20020841111311807,0.21002037365156567,-0.0098119625384476,,,,,,,,,,,,
base_v5,esm_mlp,global_mae,4gvr_C,0.3212424949851262,0.3600607489981414,-0.038818254013015197,,,,,,,,,,,,
base_v5,esm_mlp,global_mae,4hgq_E,0.2732562752530427,0.2586729121007292,0.014583363152313511,,,,,,,,,,,,
base_v5,esm_mlp,global_mae,4ok4_B,0.23306438645586205,0.2515844801320977,-0.018520093676235666,,,,,,,,,,,,
base_v5,esm_mlp,global_mae,4p4h_A,0.38567433642481075,0.3668043074207975,0.018870029004013245,,,,,,,,,,,,
base_v5,esm_mlp,global_mae,4wef_A,0.1732691669003636,0.16426955728852158,0.008999609611842013,,,,,,,,,,,,
base_v5,esm_mlp,global_mae,4x88_A,0.14920851065491764,0.23056124184479593,-0.08135273118987829,,,,,,,,,,,,
base_v5,esm_mlp,global_mae,4xy5_A,0.11527890528195613,0.15209553071449078,-0.03681662543253465,,,,,,,,,,,,
base_v5,esm_mlp,global_mae,5hgv_C,0.23305079830615874,0.216921126604059,0.01612967170209975,,,,,,,,,,,,
base_v5,esm_mlp,global_mae,5mdw_6,0.34166685526724905,0.3838763445382938,-0.04220948927104473,,,,,,,,,,,,
base_v5,esm_mlp,global_mae,5tnf_C,0.11320378969898846,0.13652299286920072,-0.023319203170212258,,,,,,,,,,,,
base_v5,esm_mlp,global_mae,5vec_B,0.14456858636836695,0.18026523544683162,-0.035696649078464676,,,,,,,,,,,,
base_v5,esm_mlp,global_mae,5xuh_A,0.5760296253363292,0.5978757985234261,-0.021846173187096918,,,,,,,,,,,,
base_v5,esm_mlp,global_mae,6a1v_A,0.22020014407853314,0.2676739059835705,-0.047473761905037354,,,,,,,,,,,,
base_v5,esm_mlp,global_mae,6bau_B,0.20071101557650584,0.261666557043593,-0.06095554146708715,,,,,,,,,,,,
base_v5,esm_mlp,global_mae,6bl6_B,1.496539377481055,1.527020302952059,-0.030480925471004117,,,,,,,,,,,,
base_v5,esm_mlp,global_mae,6e2j_A,0.35938112904256747,0.2834088722261313,0.07597225681643616,,,,,,,,,,,,
base_v5,esm_mlp,global_mae,6ej6_A,0.12171006549640999,0.15970412685771238,-0.037994061361302386,,,,,,,,,,,,
base_v5,esm_mlp,global_mae,6i7u_A,0.24966517722694784,0.2523635483136581,-0.002698371086710255,,,,,,,,,,,,
base_v5,esm_mlp,global_mae,6k0q_A,0.11887270909598079,0.1766277165728482,-0.05775500747686742,,,,,,,,,,,,
base_v5,esm_mlp,global_mae,6l7d_A,0.3692663837677002,0.34992556729552443,0.01934081647217578,,,,,,,,,,,,
base_v5,esm_mlp,global_mae,6m4l_A,0.1165020644773669,0.1524621794214322,-0.0359601149440653,,,,,,,,,,,,
base_v5,esm_mlp,global_mae,6o4b_G,0.3181105623589912,0.3116599598273685,0.006450602531622718,,,,,,,,,,,,
base_v5,esm_mlp,global_mae,6r6n_B,0.1186655711568892,0.12875665167346598,-0.010091080516576784,,,,,,,,,,,,
base_v5,esm_mlp,global_mae,6uau_A,0.10585406285814973,0.1047515912241667,0.0011024716339830265,,,,,,,,,,,,
base_v5,esm_mlp,global_mae,6zy0_A,0.10935278160872201,0.14799633989384273,-0.03864355828512071,,,,,,,,,,,,
base_v5,esm_mlp,global_mae,7bbx_A,0.3022926254780032,0.27628891700772906,0.02600370847027411,,,,,,,,,,,,
base_v5,esm_mlp,global_mae,7bxo_B,0.33140145483440453,0.3633032328884207,-0.03190177805401617,,,,,,,,,,,,
base_v5,esm_mlp,global_mae,7dwo_B,1.6817211286477387,1.6740276767164213,0.00769345193131743,,,,,,,,,,,,
base_v5,esm_mlp,global_mae,7m8h_C,0.15242819164020957,0.1913084238406796,-0.038880232200470016,,,,,,,,,,,,
base_v5,esm_mlp,global_mae,7n6n_A,0.47928447139671065,0.5346020696341317,-0.05531759823742105,,,,,,,,,,,,
base_v5,esm_mlp,global_mae,7nlg_C,0.1969653345447098,0.16402821220964722,0.032937122335062574,,,,,,,,,,,,
base_v5,esm_mlp,global_mae,7o58_B,0.838045751018682,0.8204360997053209,0.017609651313361008,,,,,,,,,,,,
base_v5,esm_mlp,global_mae,7sj1_C,0.5855085484027787,0.44972063025117526,0.1357879181516034,,,,,,,,,,,,
base_v5,esm_mlp,global_mae,7sp0_B,0.22377520304967147,0.21204384965974776,0.011731353389923704,,,,,,,,,,,,
base_v5,esm_mlp,global_mae,7vns_A,0.25772351983964953,0.26946633156683825,-0.011742811727188718,,,,,,,,,,,,
base_v5,esm_mlp,global_mae,8eip_B,0.11624156235966236,0.12467958525887705,-0.008438022899214692,,,,,,,,,,,,
base_v5,esm_mlp,global_mae,8eqo_B,0.43725983768684534,0.44030139469275414,-0.0030415570059088015,,,,,,,,,,,,
base_v5,esm_mlp,global_mae,8f79_A,1.8473180905251987,1.7301480609375888,0.11717002958760991,,,,,,,,,,,,
base_v5,esm_mlp,global_mae,8jce_G,0.1505736293622286,0.15190663967459303,-0.0013330103123644355,,,,,,,,,,,,
base_v5,esm_mlp,global_mae,8ka0_C,0.7364720822254449,0.5862777101542846,0.15019437207116026,,,,,,,,,,,,
base_v5,esm_mlp,global_mae,8r3c_A,0.18723240817210088,0.17335497495493726,0.013877433217163615,,,,,,,,,,,,
base_v5,esm_mlp,global_mae,8t06_A,0.252083155249325,0.24326699058380186,0.008816164665523152,,,,,,,,,,,,
base_v5,esm_mlp,global_mae,8up8_C,0.19189950744478615,0.2095977419061712,-0.01769823446138505,,,,,,,,,,,,
base_v5,esm_mlp,global_mae,8wkd_A,0.5407187705859542,0.5182213451092441,0.022497425476710076,,,,,,,,,,,,
base_v5,esm_mlp,global_mae,8x84_C,0.2788792166836301,0.31104717478785526,-0.03216795810422518,,,,,,,,,,,,
base_v5,esm_mlp,global_mae,9bc6_C,0.5078691858220999,0.508899529771456,-0.0010303439493560829,,,,,,,,,,,,
base_v5,esm_mlp,global_mae,9cp9_B,0.11530324536932855,0.10857512927892111,0.006728116090407438,,,,,,,,,,,,
base_v5,esm_mlp,global_mae,9hkm_C,0.5177179713747252,0.49505873149195606,0.022659239882769133,,,,,,,,,,,,
base_v5,esm_mlp,global_mae,9j83_A,2.187089989350049,2.195001667186583,-0.007911677836534015,,,,,,,,,,,,
base_v5,esm_mlp,global_mae,9m80_B,0.3900951056492751,0.3059173709691756,0.08417773468009948,,,,,,,,,,,,
base_v5,esm_mlp,global_mae,9r2f_C,7.49932209374728,7.435558615290701,0.06376347845657904,,,,,,,,,,,,
base_v5,esm_mlp,global_mae,9sd5_A,0.11746324800802042,0.15642550102171676,-0.03896225301369634,,,,,,,,,,,,
base_v5,esm_mlp,global_mae,9swq_B,0.8965268671698288,0.8091680766823136,0.08735879048751516,,,,,,,,,,,,
base_v5,esm_mlp,global_mae,9va6_A,0.49435491479481714,0.4077036770794428,0.08665123771537436,,,,,,,,,,,,
base_v5,esm_mlp,shell_mae,1ct1_E,,,,0.4968122218967269,0.8207680666857231,-0.3239558447889962,,,,,,,,,
base_v5,esm_mlp,shell_mae,1gyr_C,,,,0.2820777465948358,0.29918087440178986,-0.017103127806954055,,,,,,,,,
base_v5,esm_mlp,shell_mae,1h7x_D,,,,0.8701647105429514,0.8825756914554334,-0.01241098091248194,,,,,,,,,
base_v5,esm_mlp,shell_mae,1ild_A,,,,0.1738051065133128,0.2687595141059452,-0.09495440759263238,,,,,,,,,
base_v5,esm_mlp,shell_mae,1jll_E,,,,0.1534827544201841,0.15368678165319397,-0.00020402723300985692,,,,,,,,,
base_v5,esm_mlp,shell_mae,1me5_B,,,,0.2196646446239613,0.23641606444650595,-0.01675141982254466,,,,,,,,,
base_v5,esm_mlp,shell_mae,1mjy_A,,,,0.39776347062248985,0.397177433181405,0.000586037441084819,,,,,,,,,
base_v5,esm_mlp,shell_mae,1u5o_A,,,,0.29191689444976643,0.275648482820795,0.016268411628971413,,,,,,,,,
base_v5,esm_mlp,shell_mae,1vyd_B,,,,0.16618743950326356,0.17309022380386857,-0.006902784300605008,,,,,,,,,
base_v5,esm_mlp,shell_mae,1vzi_B,,,,0.1775257520251315,0.20860001480107773,-0.031074262775946243,,,,,,,,,
base_v5,esm_mlp,shell_mae,1y39_A,,,,0.269830314139379,0.2195684677318615,0.05026184640751752,,,,,,,,,
base_v5,esm_mlp,shell_mae,1z73_A,,,,0.06511828056044752,0.10114008287190686,-0.036021802311459336,,,,,,,,,
base_v5,esm_mlp,shell_mae,1z8u_A,,,,0.7766606972471851,1.1099646882073064,-0.3333039909601213,,,,,,,,,
base_v5,esm_mlp,shell_mae,2a6x_B,,,,0.16230971750463266,0.183408170126862,-0.02109845262222934,,,,,,,,,
base_v5,esm_mlp,shell_mae,2awi_L,,,,0.16126686557718434,0.24650782284761732,-0.08524095727043299,,,,,,,,,
base_v5,esm_mlp,shell_mae,2bek_D,,,,0.15665759027387216,0.2542888212164263,-0.09763123094255416,,,,,,,,,
base_v5,esm_mlp,shell_mae,2d5g_D,,,,0.21685364402703242,0.24401545331009433,-0.027161809283061916,,,,,,,,,
base_v5,esm_mlp,shell_mae,2eyp_A,,,,0.17629325654856423,0.19343145764584369,-0.017138201097279454,,,,,,,,,
base_v5,esm_mlp,shell_mae,2hlp_A,,,,0.28514007248408674,0.2980104313912813,-0.012870358907194568,,,,,,,,,
base_v5,esm_mlp,shell_mae,2o94_B,,,,0.19750983527533064,0.1941270534100983,0.0033827818652323316,,,,,,,,,
base_v5,esm_mlp,shell_mae,2ouv_B,,,,0.17342363215499018,0.16769501616601912,0.005728615988971064,,,,,,,,,
base_v5,esm_mlp,shell_mae,2pp3_B,,,,0.1709706360460029,0.12127988035782113,0.04969075568818178,,,,,,,,,
base_v5,esm_mlp,shell_mae,2xhn_B,,,,0.11842343071904537,0.1876214680368592,-0.06919803731781382,,,,,,,,,
base_v5,esm_mlp,shell_mae,2ygp_A,,,,0.1968644907510001,0.19204833289309362,0.004816157857906483,,,,,,,,,
base_v5,esm_mlp,shell_mae,3a9w_A,,,,0.13975069539714768,0.16395388585393952,-0.02420319045679184,,,,,,,,,
base_v5,esm_mlp,shell_mae,3ax3_A,,,,0.8420378233473437,0.8630630518048402,-0.021025228457496548,,,,,,,,,
base_v5,esm_mlp,shell_mae,3b8t_A,,,,0.13075289412752325,0.1621611199232841,-0.03140822579576086,,,,,,,,,
base_v5,esm_mlp,shell_mae,3cfh_B,,,,0.11000384037388129,0.14574881947491813,-0.03574497910103684,,,,,,,,,
base_v5,esm_mlp,shell_mae,3cyi_A,,,,1.847091554919215,1.8692984135115158,-0.02220685859230076,,,,,,,,,
base_v5,esm_mlp,shell_mae,3dl5_C,,,,0.2394512400088653,0.18250623405128988,0.05694500595757543,,,,,,,,,
base_v5,esm_mlp,shell_mae,3e44_A,,,,1.0421111694900103,0.984965312017657,0.057145857472353234,,,,,,,,,
base_v5,esm_mlp,shell_mae,3g7j_B,,,,0.2614354814429585,0.25671123801731804,0.004724243425640429,,,,,,,,,
base_v5,esm_mlp,shell_mae,3jtq_B,,,,0.10470332575720122,0.13216640350150288,-0.027463077744301664,,,,,,,,,
base_v5,esm_mlp,shell_mae,3lze_A,,,,0.44313134355326067,0.21234283202916812,0.23078851152409255,,,,,,,,,
base_v5,esm_mlp,shell_mae,3m0o_B,,,,0.15015599875361552,0.14541804118291038,0.004737957570705137,,,,,,,,,
base_v5,esm_mlp,shell_mae,3o98_B,,,,0.14471187883934922,0.17547419175153514,-0.030762312912185924,,,,,,,,,
base_v5,esm_mlp,shell_mae,3pnv_A,,,,0.42608178869987906,0.43616093568984127,-0.010079146989962207,,,,,,,,,
base_v5,esm_mlp,shell_mae,3wfz_C,,,,0.09039330548091608,0.09048136696514292,-8.806148422683957e-05,,,,,,,,,
base_v5,esm_mlp,shell_mae,3x2y_C,,,,0.3194491923102386,0.33322506553978265,-0.013775873229544044,,,,,,,,,
base_v5,esm_mlp,shell_mae,3zwb_B,,,,0.15925943419139646,0.1574433467867216,0.001816087404674871,,,,,,,,,
base_v5,esm_mlp,shell_mae,4bl2_B,,,,0.49765208425002794,0.5569290911437268,-0.05927700689369886,,,,,,,,,
base_v5,esm_mlp,shell_mae,4cj8_I,,,,0.4736614048855869,0.452252391286205,0.02140901359938191,,,,,,,,,
base_v5,esm_mlp,shell_mae,4cv1_E,,,,0.538326758612298,0.530960930670662,0.007365827941635983,,,,,,,,,
base_v5,esm_mlp,shell_mae,4dfx_E,,,,0.9807459823719219,1.015549713653976,-0.03480373128205405,,,,,,,,,
base_v5,esm_mlp,shell_mae,4f4m_D,,,,0.17185453351382607,0.17594033534364484,-0.004085801829818769,,,,,,,,,
base_v5,esm_mlp,shell_mae,4gvr_C,,,,0.20291261452654324,0.24032299257496417,-0.03741037804842093,,,,,,,,,
base_v5,esm_mlp,shell_mae,4hgq_E,,,,0.32758948429812473,0.2631037079133057,0.06448577638481906,,,,,,,,,
base_v5,esm_mlp,shell_mae,4ok4_B,,,,0.2164577294279512,0.2392595660986199,-0.022801836670668707,,,,,,,,,
base_v5,esm_mlp,shell_mae,4p4h_A,,,,0.2916846904111855,0.30603046616458235,-0.01434577575339685,,,,,,,,,
base_v5,esm_mlp,shell_mae,4wef_A,,,,0.12537465656421384,0.11732038232371593,0.008054274240497913,,,,,,,,,
base_v5,esm_mlp,shell_mae,4x88_A,,,,0.1709335799583866,0.2717889404035718,-0.10085536044518523,,,,,,,,,
base_v5,esm_mlp,shell_mae,4xy5_A,,,,0.10433135297576597,0.11722530663544033,-0.012893953659674356,,,,,,,,,
base_v5,esm_mlp,shell_mae,5hgv_C,,,,0.23663336906349877,0.19733144742120562,0.03930192164229315,,,,,,,,,
base_v5,esm_mlp,shell_mae,5mdw_6,,,,0.30539544674649577,0.38226423006570126,-0.07686878331920549,,,,,,,,,
base_v5,esm_mlp,shell_mae,5tnf_C,,,,0.11869617174570901,0.12544039357818818,-0.006744221832479164,,,,,,,,,
base_v5,esm_mlp,shell_mae,5vec_B,,,,0.1764264014538507,0.22339279296355893,-0.046966391509708244,,,,,,,,,
base_v5,esm_mlp,shell_mae,5xuh_A,,,,0.36701343575850215,0.3765538455051036,-0.009540409746601475,,,,,,,,,
base_v5,esm_mlp,shell_mae,6a1v_A,,,,0.20925948036903128,0.2579748586868715,-0.0487153783178402,,,,,,,,,
base_v5,esm_mlp,shell_mae,6bau_B,,,,0.1805290678474196,0.2862696342266561,-0.10574056637923648,,,,,,,,,
base_v5,esm_mlp,shell_mae,6bl6_B,,,,1.3104281349620368,1.3459271419670402,-0.03549900700500341,,,,,,,,,
base_v5,esm_mlp,shell_mae,6e2j_A,,,,0.4724433528785402,0.32198834569489915,0.15045500718364108,,,,,,,,,
base_v5,esm_mlp,shell_mae,6ej6_A,,,,0.12417794359552485,0.15031959418004678,-0.026141650584521933,,,,,,,,,
base_v5,esm_mlp,shell_mae,6i7u_A,,,,0.17533119369643332,0.1759352153074561,-0.0006040216110227703,,,,,,,,,
base_v5,esm_mlp,shell_mae,6k0q_A,,,,0.08130388274594266,0.12898682523711674,-0.04768294249117408,,,,,,,,,
base_v5,esm_mlp,shell_mae,6l7d_A,,,,0.7195447782242487,0.7078441178792078,0.011700660345040914,,,,,,,,,
base_v5,esm_mlp,shell_mae,6m4l_A,,,,0.1127112115897885,0.12373928593234347,-0.01102807434255497,,,,,,,,,
base_v5,esm_mlp,shell_mae,6o4b_G,,,,0.2712306504264474,0.27436317678157146,-0.0031325263551240656,,,,,,,,,
base_v5,esm_mlp,shell_mae,6r6n_B,,,,0.11046947070278496,0.12658923993567472,-0.01611976923288977,,,,,,,,,
base_v5,esm_mlp,shell_mae,6uau_A,,,,0.08492005005384794,0.08451315540257748,0.0004068946512704591,,,,,,,,,
base_v5,esm_mlp,shell_mae,6zy0_A,,,,0.11105360472297847,0.14033003921074327,-0.029276434487764805,,,,,,,,,
base_v5,esm_mlp,shell_mae,7bbx_A,,,,0.2554263252492812,0.25512541839978253,0.0003009068494986833,,,,,,,,,
base_v5,esm_mlp,shell_mae,7bxo_B,,,,0.9954496344269217,1.073558937954275,-0.07810930352735324,,,,,,,,,
base_v5,esm_mlp,shell_mae,7dwo_B,,,,1.5273058220130618,1.5878539613296796,-0.060548139316617844,,,,,,,,,
base_v5,esm_mlp,shell_mae,7m8h_C,,,,0.14727182481953804,0.21421739958568517,-0.06694557476614713,,,,,,,,,
base_v5,esm_mlp,shell_mae,7n6n_A,,,,0.36055837226155113,0.4188406571793701,-0.05828228491781895,,,,,,,,,
base_v5,esm_mlp,shell_mae,7nlg_C,,,,0.24005687828052338,0.20008184729617473,0.03997503098434865,,,,,,,,,
base_v5,esm_mlp,shell_mae,7o58_B,,,,0.8037799932686585,0.7694194156719817,0.03436057759667677,,,,,,,,,
base_v5,esm_mlp,shell_mae,7sj1_C,,,,0.5983057201906559,0.5093866803737613,0.08891903981689453,,,,,,,,,
base_v5,esm_mlp,shell_mae,7sp0_B,,,,0.4972868664176963,0.45501562455074585,0.04227124186695047,,,,,,,,,
base_v5,esm_mlp,shell_mae,7vns_A,,,,0.27238607998384384,0.2627063729912948,0.009679706992549053,,,,,,,,,
base_v5,esm_mlp,shell_mae,8eip_B,,,,0.12703308839402103,0.1438251635496893,-0.016792075155668273,,,,,,,,,
base_v5,esm_mlp,shell_mae,8eqo_B,,,,0.4737462781855824,0.4754817724990218,-0.0017354943134393896,,,,,,,,,
base_v5,esm_mlp,shell_mae,8f79_A,,,,2.1604931410587658,2.0565509846976076,0.10394215636115822,,,,,,,,,
base_v5,esm_mlp,shell_mae,8jce_G,,,,0.13582322722514967,0.1596170999034351,-0.02379387267828542,,,,,,,,,
base_v5,esm_mlp,shell_mae,8ka0_C,,,,0.3500355907235956,0.3055837416713746,0.04445184905222099,,,,,,,,,
base_v5,esm_mlp,shell_mae,8r3c_A,,,,0.20105624902861247,0.18612289963397974,0.014933349394632728,,,,,,,,,
base_v5,esm_mlp,shell_mae,8t06_A,,,,0.34223703024051555,0.3488629360807223,-0.006625905840206725,,,,,,,,,
base_v5,esm_mlp,shell_mae,8up8_C,,,,0.3100081191259198,0.245225593139764,0.0647825259861558,,,,,,,,,
base_v5,esm_mlp,shell_mae,8wkd_A,,,,0.7524088247655294,0.9955308026528402,-0.24312197788731083,,,,,,,,,
base_v5,esm_mlp,shell_mae,8x84_C,,,,1.0045253183322995,1.0014962683491535,0.003029049983146015,,,,,,,,,
base_v5,esm_mlp,shell_mae,9bc6_C,,,,0.43961795565520356,0.4308454885758496,0.008772467079353974,,,,,,,,,
base_v5,esm_mlp,shell_mae,9cp9_B,,,,0.11277365701819958,0.09701605095511007,0.015757606063089513,,,,,,,,,
base_v5,esm_mlp,shell_mae,9hkm_C,,,,1.0750828009975433,0.9935337627717313,0.08154903822581194,,,,,,,,,
base_v5,esm_mlp,shell_mae,9j83_A,,,,1.1756373602080417,1.1865381117705112,-0.010900751562469502,,,,,,,,,
base_v5,esm_mlp,shell_mae,9m80_B,,,,0.25128525928390655,0.1955657581989819,0.055719501084924655,,,,,,,,,
base_v5,esm_mlp,shell_mae,9r2f_C,,,,7.195597653421799,7.129243945069169,0.06635370835262933,,,,,,,,,
base_v5,esm_mlp,shell_mae,9sd5_A,,,,0.15472904439888732,0.16201724080825952,-0.0072881964093722,,,,,,,,,
base_v5,esm_mlp,shell_mae,9swq_B,,,,0.5801972591203144,0.5070676633627841,0.07312959575753031,,,,,,,,,
base_v5,esm_mlp,shell_mae,9va6_A,,,,0.737637812861499,0.6188245493761915,0.11881326348530752,,,,,,,,,
base_v5,esm_mlp,perturbed_auprc,1ct1_E,,,,,,,0.3134563158590995,0.12046017793890026,0.19299613792019923,,,,,,
base_v5,esm_mlp,perturbed_auprc,1gyr_C,,,,,,,0.24137613426451912,0.21783529116377975,0.023540843100739367,,,,,,
base_v5,esm_mlp,perturbed_auprc,1h7x_D,,,,,,,0.19274419423603859,0.11388389750879961,0.07886029672723897,,,,,,
base_v5,esm_mlp,perturbed_auprc,1ild_A,,,,,,,0.5645833333333333,0.2689950980392157,0.29558823529411765,,,,,,
base_v5,esm_mlp,perturbed_auprc,1jll_E,,,,,,,0.23809012511812375,0.23199869967243342,0.006091425445690329,,,,,,
base_v5,esm_mlp,perturbed_auprc,1me5_B,,,,,,,0.25466488198553144,0.17225308985110707,0.08241179213442437,,,,,,
base_v5,esm_mlp,perturbed_auprc,1mjy_A,,,,,,,0.4541484793144144,0.4195738915436588,0.03457458777075556,,,,,,
base_v5,esm_mlp,perturbed_auprc,1u5o_A,,,,,,,0.4696348553005658,0.4190372297345634,0.05059762556600239,,,,,,
base_v5,esm_mlp,perturbed_auprc,1vyd_B,,,,,,,0.525,0.11309523809523808,0.41190476190476194,,,,,,
base_v5,esm_mlp,perturbed_auprc,1vzi_B,,,,,,,0.03600564523406963,0.04697156435891739,-0.010965919124847762,,,,,,
base_v5,esm_mlp,perturbed_auprc,1y39_A,,,,,,,0.03125,0.05,-0.018750000000000003,,,,,,
base_v5,esm_mlp,perturbed_auprc,1z73_A,,,,,,,,,,,,,,,
base_v5,esm_mlp,perturbed_auprc,1z8u_A,,,,,,,0.738429427715142,0.1311240003245672,0.6073054273905748,,,,,,
base_v5,esm_mlp,perturbed_auprc,2a6x_B,,,,,,,0.08354174561071112,0.09086829836829836,-0.007326552757587243,,,,,,
base_v5,esm_mlp,perturbed_auprc,2awi_L,,,,,,,0.41920676212018826,0.16291912197597525,0.256287640144213,,,,,,
base_v5,esm_mlp,perturbed_auprc,2bek_D,,,,,,,0.32037350802098347,0.2592301567526344,0.06114335126834908,,,,,,
base_v5,esm_mlp,perturbed_auprc,2d5g_D,,,,,,,0.37400157590947064,0.3138160636488107,0.060185512260659935,,,,,,
base_v5,esm_mlp,perturbed_auprc,2eyp_A,,,,,,,0.19286477542122732,0.10676436469605244,0.08610041072517488,,,,,,
base_v5,esm_mlp,perturbed_auprc,2hlp_A,,,,,,,0.416640731516609,0.3292328983035108,0.0874078332130982,,,,,,
base_v5,esm_mlp,perturbed_auprc,2o94_B,,,,,,,0.11005739930191405,0.28580811736053674,-0.1757507180586227,,,,,,
base_v5,esm_mlp,perturbed_auprc,2ouv_B,,,,,,,0.1498679132296457,0.18542300881390444,-0.035555095584258734,,,,,,
base_v5,esm_mlp,perturbed_auprc,2pp3_B,,,,,,,0.20226953438104806,0.11201652064354607,0.09025301373750198,,,,,,
base_v5,esm_mlp,perturbed_auprc,2xhn_B,,,,,,,,,,,,,,,
base_v5,esm_mlp,perturbed_auprc,2ygp_A,,,,,,,1.0,0.06666666666666667,0.9333333333333333,,,,,,
base_v5,esm_mlp,perturbed_auprc,3a9w_A,,,,,,,0.40328074227772776,0.07895763084914832,0.32432311142857945,,,,,,
base_v5,esm_mlp,perturbed_auprc,3ax3_A,,,,,,,0.6341463820877774,0.4703415845131991,0.16380479757457833,,,,,,
base_v5,esm_mlp,perturbed_auprc,3b8t_A,,,,,,,0.4191750743020686,0.44317448868866205,-0.023999414386593476,,,,,,
base_v5,esm_mlp,perturbed_auprc,3cfh_B,,,,,,,0.11305187783231262,0.057610121445224476,0.05544175638708814,,,,,,
base_v5,esm_mlp,perturbed_auprc,3cyi_A,,,,,,,0.9132953742525431,0.891469333042753,0.021826041209790148,,,,,,
base_v5,esm_mlp,perturbed_auprc,3dl5_C,,,,,,,0.2510934664403442,0.18968450647530827,0.061408959965035925,,,,,,
base_v5,esm_mlp,perturbed_auprc,3e44_A,,,,,,,0.6584517001764231,0.4419870210646624,0.21646467911176065,,,,,,
base_v5,esm_mlp,perturbed_auprc,3g7j_B,,,,,,,0.29363711535523923,0.20349271112931894,0.0901444042259203,,,,,,
base_v5,esm_mlp,perturbed_auprc,3jtq_B,,,,,,,0.6946923123862778,0.33977580943718183,0.354916502949096,,,,,,
base_v5,esm_mlp,perturbed_auprc,3lze_A,,,,,,,,,,,,,,,
base_v5,esm_mlp,perturbed_auprc,3m0o_B,,,,,,,0.23637662732995787,0.22563045636894816,0.010746170961009716,,,,,,
base_v5,esm_mlp,perturbed_auprc,3o98_B,,,,,,,0.05263157894736842,0.008620689655172414,0.044010889292196,,,,,,
base_v5,esm_mlp,perturbed_auprc,3pnv_A,,,,,,,0.4606789480311611,0.34900887814028253,0.11167006989087858,,,,,,
base_v5,esm_mlp,perturbed_auprc,3wfz_C,,,,,,,0.02477802828022464,0.016214255198544792,0.008563773081679847,,,,,,
base_v5,esm_mlp,perturbed_auprc,3x2y_C,,,,,,,0.2024684907048265,0.2624288892446227,-0.059960398539796206,,,,,,
base_v5,esm_mlp,perturbed_auprc,3zwb_B,,,,,,,0.17676873920407704,0.10183705575986737,0.07493168344420967,,,,,,
base_v5,esm_mlp,perturbed_auprc,4bl2_B,,,,,,,0.4475071927738763,0.30622456814799026,0.14128262462588603,,,,,,
base_v5,esm_mlp,perturbed_auprc,4cj8_I,,,,,,,0.4322200560802091,0.2937658005289982,0.13845425555121088,,,,,,
base_v5,esm_mlp,perturbed_auprc,4cv1_E,,,,,,,0.5245755378539387,0.5158516174076332,0.008723920446305544,,,,,,
base_v5,esm_mlp,perturbed_auprc,4dfx_E,,,,,,,0.23410649964651975,0.3005437697918418,-0.06643727014532202,,,,,,
base_v5,esm_mlp,perturbed_auprc,4f4m_D,,,,,,,0.35512330728714153,0.1922053070846308,0.16291800020251074,,,,,,
base_v5,esm_mlp,perturbed_auprc,4gvr_C,,,,,,,0.16628815812281608,0.07715923203853221,0.08912892608428387,,,,,,
base_v5,esm_mlp,perturbed_auprc,4hgq_E,,,,,,,0.30187471546570144,0.06711745933157567,0.23475725613412576,,,,,,
base_v5,esm_mlp,perturbed_auprc,4ok4_B,,,,,,,0.26028795345241335,0.22234170078738674,0.0379462526650266,,,,,,
base_v5,esm_mlp,perturbed_auprc,4p4h_A,,,,,,,0.28941630789667905,0.282727860049593,0.006688447847086054,,,,,,
base_v5,esm_mlp,perturbed_auprc,4wef_A,,,,,,,0.3476600579622031,0.19181996178028804,0.15584009618191508,,,,,,
base_v5,esm_mlp,perturbed_auprc,4x88_A,,,,,,,0.5341269841269841,0.6453846153846154,-0.11125763125763133,,,,,,
base_v5,esm_mlp,perturbed_auprc,4xy5_A,,,,,,,0.9165743816906607,0.17703081232492998,0.7395435693657307,,,,,,
base_v5,esm_mlp,perturbed_auprc,5hgv_C,,,,,,,0.005489916339113827,0.0037707985652005705,0.0017191177739132569,,,,,,
base_v5,esm_mlp,perturbed_auprc,5mdw_6,,,,,,,0.20772910812384499,0.4015760871801836,-0.19384697905633863,,,,,,
base_v5,esm_mlp,perturbed_auprc,5tnf_C,,,,,,,0.35437640503574763,0.07335604292469745,0.2810203621110502,,,,,,
base_v5,esm_mlp,perturbed_auprc,5vec_B,,,,,,,0.316316608887617,0.21347362578563042,0.10284298310198656,,,,,,
base_v5,esm_mlp,perturbed_auprc,5xuh_A,,,,,,,0.42530367640676636,0.2778494873168395,0.14745418908992686,,,,,,
base_v5,esm_mlp,perturbed_auprc,6a1v_A,,,,,,,0.5693776249893892,0.2585310311567302,0.31084659383265895,,,,,,
base_v5,esm_mlp,perturbed_auprc,6bau_B,,,,,,,0.060704107376824946,0.03127543408639643,0.029428673290428517,,,,,,
base_v5,esm_mlp,perturbed_auprc,6bl6_B,,,,,,,0.5058179560023025,0.4855728435043359,0.020245112497966622,,,,,,
base_v5,esm_mlp,perturbed_auprc,6e2j_A,,,,,,,0.43377014312288825,0.506443998658911,-0.07267385553602274,,,,,,
base_v5,esm_mlp,perturbed_auprc,6ej6_A,,,,,,,,,,,,,,,
base_v5,esm_mlp,perturbed_auprc,6i7u_A,,,,,,,0.15127060641658846,0.1036821109514162,0.047588495465172256,,,,,,
base_v5,esm_mlp,perturbed_auprc,6k0q_A,,,,,,,0.013250233357724493,0.07144979203802733,-0.05819955868030284,,,,,,
base_v5,esm_mlp,perturbed_auprc,6l7d_A,,,,,,,0.5562057273643677,0.2815003645730102,0.2747053627913575,,,,,,
base_v5,esm_mlp,perturbed_auprc,6m4l_A,,,,,,,0.04396722539477236,0.07337330316877069,-0.029406077773998333,,,,,,
base_v5,esm_mlp,perturbed_auprc,6o4b_G,,,,,,,0.31028265128272947,0.2964270677049159,0.01385558357781358,,,,,,
base_v5,esm_mlp,perturbed_auprc,6r6n_B,,,,,,,0.53125,0.19047619047619047,0.34077380952380953,,,,,,
base_v5,esm_mlp,perturbed_auprc,6uau_A,,,,,,,0.464815479955423,0.1333821892151841,0.33143329074023886,,,,,,
base_v5,esm_mlp,perturbed_auprc,6zy0_A,,,,,,,0.25,0.14285714285714285,0.10714285714285715,,,,,,
base_v5,esm_mlp,perturbed_auprc,7bbx_A,,,,,,,,,,,,,,,
base_v5,esm_mlp,perturbed_auprc,7bxo_B,,,,,,,0.5671835714169473,0.32013443360308147,0.24704913781386584,,,,,,
base_v5,esm_mlp,perturbed_auprc,7dwo_B,,,,,,,0.7370618658274425,0.7193421428430317,0.017719722984410824,,,,,,
base_v5,esm_mlp,perturbed_auprc,7m8h_C,,,,,,,0.3235575285049727,0.36357523649190315,-0.04001770798693044,,,,,,
base_v5,esm_mlp,perturbed_auprc,7n6n_A,,,,,,,0.41569272473665453,0.24254058587884203,0.1731521388578125,,,,,,
base_v5,esm_mlp,perturbed_auprc,7nlg_C,,,,,,,0.3271109246972894,0.15381330350776598,0.17329762118952344,,,,,,
base_v5,esm_mlp,perturbed_auprc,7o58_B,,,,,,,0.8292801124814776,0.7695749194301852,0.059705193051292405,,,,,,
base_v5,esm_mlp,perturbed_auprc,7sj1_C,,,,,,,0.4658852781411746,0.4981967649422735,-0.03231148680109891,,,,,,
base_v5,esm_mlp,perturbed_auprc,7sp0_B,,,,,,,1.0,0.06666666666666667,0.9333333333333333,,,,,,
base_v5,esm_mlp,perturbed_auprc,7vns_A,,,,,,,0.3863549499268197,0.32052086379074834,0.06583408613607133,,,,,,
base_v5,esm_mlp,perturbed_auprc,8eip_B,,,,,,,0.6496415770609318,0.03561889815347874,0.6140226789074531,,,,,,
base_v5,esm_mlp,perturbed_auprc,8eqo_B,,,,,,,0.45511964665825894,0.3393012445853317,0.11581840207292726,,,,,,
base_v5,esm_mlp,perturbed_auprc,8f79_A,,,,,,,0.7577481810936562,0.705071771125029,0.052676409968627214,,,,,,
base_v5,esm_mlp,perturbed_auprc,8jce_G,,,,,,,0.25845124157362576,0.16336334709299574,0.09508789448063001,,,,,,
base_v5,esm_mlp,perturbed_auprc,8ka0_C,,,,,,,0.6830820760715498,0.5675814734671021,0.11550060260444772,,,,,,
base_v5,esm_mlp,perturbed_auprc,8r3c_A,,,,,,,0.48837488015340363,0.18779719534753092,0.3005776848058727,,,,,,
base_v5,esm_mlp,perturbed_auprc,8t06_A,,,,,,,0.304490000486448,0.228968851920042,0.07552114856640599,,,,,,
base_v5,esm_mlp,perturbed_auprc,8up8_C,,,,,,,0.292335079973897,0.1841336947569149,0.10820138521698211,,,,,,
base_v5,esm_mlp,perturbed_auprc,8wkd_A,,,,,,,0.4651381020279811,0.396901099620366,0.0682370024076151,,,,,,
base_v5,esm_mlp,perturbed_auprc,8x84_C,,,,,,,0.4893810559083164,0.21224949036992113,0.27713156553839524,,,,,,
base_v5,esm_mlp,perturbed_auprc,9bc6_C,,,,,,,0.3527197917904569,0.38167126106782373,-0.028951469277366804,,,,,,
base_v5,esm_mlp,perturbed_auprc,9cp9_B,,,,,,,0.15481458251344615,0.22155768208399787,-0.06674309957055172,,,,,,
base_v5,esm_mlp,perturbed_auprc,9hkm_C,,,,,,,0.3500768660556095,0.28670481870663395,0.06337204734897556,,,,,,
base_v5,esm_mlp,perturbed_auprc,9j83_A,,,,,,,0.9304033035264607,0.8815124927423772,0.04889081078408353,,,,,,
base_v5,esm_mlp,perturbed_auprc,9m80_B,,,,,,,0.44420128174524687,0.35037522128874,0.09382606045650688,,,,,,
base_v5,esm_mlp,perturbed_auprc,9r2f_C,,,,,,,,,,,,,,,
base_v5,esm_mlp,perturbed_auprc,9sd5_A,,,,,,,0.29644565022536384,0.14921812803895673,0.1472275221864071,,,,,,
base_v5,esm_mlp,perturbed_auprc,9swq_B,,,,,,,0.5986789016398075,0.5838733106812627,0.014805590958544834,,,,,,
base_v5,esm_mlp,perturbed_auprc,9va6_A,,,,,,,0.31198783134284896,0.327702166541932,-0.01571433519908305,,,,,,
base_v5,esm_mlp,derived_radius_mae,1ct1_E,,,,,,,,,,26.22122393282663,7.935307470706141,18.28591646212049,,,
base_v5,esm_mlp,derived_radius_mae,1gyr_C,,,,,,,,,,39.562649726867676,39.562649726867676,0.0,,,
base_v5,esm_mlp,derived_radius_mae,1h7x_D,,,,,,,,,,80.03887315229936,44.033020366321914,36.005852785977446,,,
base_v5,esm_mlp,derived_radius_mae,1ild_A,,,,,,,,,,32.0631103515625,5.609096527099606,26.454013824462894,,,
base_v5,esm_mlp,derived_radius_mae,1jll_E,,,,,,,,,,31.290436137806285,39.56343928250399,-8.273003144697707,,,
base_v5,esm_mlp,derived_radius_mae,1me5_B,,,,,,,,,,34.087395985921226,34.087395985921226,0.0,,,
base_v5,esm_mlp,derived_radius_mae,1mjy_A,,,,,,,,,,23.571336327937612,23.571336327937612,0.0,,,
base_v5,esm_mlp,derived_radius_mae,1u5o_A,,,,,,,,,,8.679454061720106,21.056103282504612,-12.376649220784506,,,
base_v5,esm_mlp,derived_radius_mae,1vyd_B,,,,,,,,,,11.682313919067383,11.682313919067383,0.0,,,
base_v5,esm_mlp,derived_radius_mae,1vzi_B,,,,,,,,,,16.99758849143982,8.69423575401306,8.30335273742676,,,
base_v5,esm_mlp,derived_radius_mae,1y39_A,,,,,,,,,,0.0,0.0,0.0,,,
base_v5,esm_mlp,derived_radius_mae,1z73_A,,,,,,,,,,0.0,28.52018356323243,-28.52018356323243,,,
base_v5,esm_mlp,derived_radius_mae,1z8u_A,,,,,,,,,,40.69789493083954,0.7810230255126989,39.91687190532684,,,
base_v5,esm_mlp,derived_radius_mae,2a6x_B,,,,,,,,,,17.218212127685547,12.562755584716797,4.65545654296875,,,
base_v5,esm_mlp,derived_radius_mae,2awi_L,,,,,,,,,,41.47215805053711,3.942704772949219,37.52945327758789,,,
base_v5,esm_mlp,derived_radius_mae,2bek_D,,,,,,,,,,31.227688831753202,6.7854698605007595,24.442218971252444,,,
base_v5,esm_mlp,derived_radius_mae,2d5g_D,,,,,,,,,,22.99198627471924,22.99198627471924,0.0,,,
base_v5,esm_mlp,derived_radius_mae,2eyp_A,,,,,,,,,,14.493084315595956,13.401201445480872,1.091882870115084,,,
base_v5,esm_mlp,derived_radius_mae,2hlp_A,,,,,,,,,,43.031165418608175,19.794473013401866,23.23669240520631,,,
base_v5,esm_mlp,derived_radius_mae,2o94_B,,,,,,,,,,28.4301016330719,23.988048315048218,4.442053318023682,,,
base_v5,esm_mlp,derived_radius_mae,2ouv_B,,,,,,,,,,30.5053034695712,30.5053034695712,0.0,,,
base_v5,esm_mlp,derived_radius_mae,2pp3_B,,,,,,,,,,40.51922728220622,41.932623291015624,-1.413396008809407,,,
base_v5,esm_mlp,derived_radius_mae,2xhn_B,,,,,,,,,,0.0,37.695255279541016,-37.695255279541016,,,
base_v5,esm_mlp,derived_radius_mae,2ygp_A,,,,,,,,,,30.54112434387207,30.54112434387207,0.0,,,
base_v5,esm_mlp,derived_radius_mae,3a9w_A,,,,,,,,,,27.943183263142902,27.943183263142902,0.0,,,
base_v5,esm_mlp,derived_radius_mae,3ax3_A,,,,,,,,,,22.731449445088703,22.731449445088703,0.0,,,
base_v5,esm_mlp,derived_radius_mae,3b8t_A,,,,,,,,,,25.997915074510395,24.536436175400357,1.4614788991100376,,,
base_v5,esm_mlp,derived_radius_mae,3cfh_B,,,,,,,,,,17.798782634735108,17.798782634735108,0.0,,,
base_v5,esm_mlp,derived_radius_mae,3cyi_A,,,,,,,,,,16.565554089016384,29.79861217074924,-13.233058081732857,,,
base_v5,esm_mlp,derived_radius_mae,3dl5_C,,,,,,,,,,16.4854181910816,60.54967133622421,-44.06425314514261,,,
base_v5,esm_mlp,derived_radius_mae,3e44_A,,,,,,,,,,46.82238006591797,23.8863525390625,22.93602752685547,,,
base_v5,esm_mlp,derived_radius_mae,3g7j_B,,,,,,,,,,12.49513041973114,12.49513041973114,0.0,,,
base_v5,esm_mlp,derived_radius_mae,3jtq_B,,,,,,,,,,25.843168258666992,25.843168258666992,0.0,,,
base_v5,esm_mlp,derived_radius_mae,3lze_A,,,,,,,,,,50.91887664794922,50.90231450398763,0.016562143961586173,,,
base_v5,esm_mlp,derived_radius_mae,3m0o_B,,,,,,,,,,20.690383830992115,34.8729331874046,-14.182549356412483,,,
base_v5,esm_mlp,derived_radius_mae,3o98_B,,,,,,,,,,42.439449310302734,9.00094223022461,33.438507080078125,,,
base_v5,esm_mlp,derived_radius_mae,3pnv_A,,,,,,,,,,67.00126775105794,67.00126775105794,0.0,,,
base_v5,esm_mlp,derived_radius_mae,3wfz_C,,,,,,,,,,41.76523303985596,41.76523303985596,0.0,,,
base_v5,esm_mlp,derived_radius_mae,3x2y_C,,,,,,,,,,17.662153879801433,6.517749892340766,11.144403987460667,,,
base_v5,esm_mlp,derived_radius_mae,3zwb_B,,,,,,,,,,49.847237723214285,49.847237723214285,0.0,,,
base_v5,esm_mlp,derived_radius_mae,4bl2_B,,,,,,,,,,5.883495431197317,4.833553113435445,1.0499423177618716,,,
base_v5,esm_mlp,derived_radius_mae,4cj8_I,,,,,,,,,,33.61017608642578,21.391143662588938,12.219032423836843,,,
base_v5,esm_mlp,derived_radius_mae,4cv1_E,,,,,,,,,,31.12730160471081,32.56676824055901,-1.4394666358481985,,,
base_v5,esm_mlp,derived_radius_mae,4dfx_E,,,,,,,,,,18.141690254211426,36.39386908213297,-18.252178827921547,,,
base_v5,esm_mlp,derived_radius_mae,4f4m_D,,,,,,,,,,18.310216406117316,16.560953762220297,1.7492626438970191,,,
base_v5,esm_mlp,derived_radius_mae,4gvr_C,,,,,,,,,,13.69410228729248,13.319858762953016,0.3742435243394642,,,
base_v5,esm_mlp,derived_radius_mae,4hgq_E,,,,,,,,,,15.087509373823801,14.887437085310617,0.2000722885131836,,,
base_v5,esm_mlp,derived_radius_mae,4ok4_B,,,,,,,,,,44.203465938568115,20.772676467895508,23.430789470672607,,,
base_v5,esm_mlp,derived_radius_mae,4p4h_A,,,,,,,,,,36.8932728767395,1.0240349769592276,35.86923789978027,,,
base_v5,esm_mlp,derived_radius_mae,4wef_A,,,,,,,,,,31.315160179138182,31.315160179138182,0.0,,,
base_v5,esm_mlp,derived_radius_mae,4x88_A,,,,,,,,,,2.240385084441214,18.911307334899902,-16.670922250458688,,,
base_v5,esm_mlp,derived_radius_mae,4xy5_A,,,,,,,,,,26.470184961954754,26.470184961954754,0.0,,,
base_v5,esm_mlp,derived_radius_mae,5hgv_C,,,,,,,,,,14.587264060974121,23.316757202148438,-8.729493141174316,,,
base_v5,esm_mlp,derived_radius_mae,5mdw_6,,,,,,,,,,11.302181243896484,33.24297332763672,-21.940792083740234,,,
base_v5,esm_mlp,derived_radius_mae,5tnf_C,,,,,,,,,,19.2394905949043,19.2394905949043,0.0,,,
base_v5,esm_mlp,derived_radius_mae,5vec_B,,,,,,,,,,52.37406857808431,52.37406857808431,0.0,,,
base_v5,esm_mlp,derived_radius_mae,5xuh_A,,,,,,,,,,23.93380355834961,23.93380355834961,0.0,,,
base_v5,esm_mlp,derived_radius_mae,6a1v_A,,,,,,,,,,23.122143665949505,20.267923434575398,2.854220231374107,,,
base_v5,esm_mlp,derived_radius_mae,6bau_B,,,,,,,,,,8.02792485555013,25.345489501953125,-17.317564646402992,,,
base_v5,esm_mlp,derived_radius_mae,6bl6_B,,,,,,,,,,25.89215047308739,21.98750637947245,3.904644093614941,,,
base_v5,esm_mlp,derived_radius_mae,6e2j_A,,,,,,,,,,0.5886077880859375,129.0301113128662,-128.44150352478027,,,
base_v5,esm_mlp,derived_radius_mae,6ej6_A,,,,,,,,,,0.0,39.72077560424805,-39.72077560424805,,,
base_v5,esm_mlp,derived_radius_mae,6i7u_A,,,,,,,,,,45.484169006347656,45.484169006347656,0.0,,,
base_v5,esm_mlp,derived_radius_mae,6k0q_A,,,,,,,,,,11.812048435211182,11.812048435211182,0.0,,,
base_v5,esm_mlp,derived_radius_mae,6l7d_A,,,,,,,,,,34.66973231537173,24.03319122815373,10.636541087218003,,,
base_v5,esm_mlp,derived_radius_mae,6m4l_A,,,,,,,,,,36.23588180541992,11.052169799804688,25.183712005615234,,,
base_v5,esm_mlp,derived_radius_mae,6o4b_G,,,,,,,,,,53.127310793411326,53.127310793411326,0.0,,,
base_v5,esm_mlp,derived_radius_mae,6r6n_B,,,,,,,,,,24.782733917236328,24.782733917236328,0.0,,,
base_v5,esm_mlp,derived_radius_mae,6uau_A,,,,,,,,,,26.013817469278973,26.013817469278973,0.0,,,
base_v5,esm_mlp,derived_radius_mae,6zy0_A,,,,,,,,,,9.435430526733398,28.01908302307129,-18.58365249633789,,,
base_v5,esm_mlp,derived_radius_mae,7bbx_A,,,,,,,,,,0.0,0.0,0.0,,,
base_v5,esm_mlp,derived_radius_mae,7bxo_B,,,,,,,,,,26.726096066561613,28.197096304460004,-1.4710002378983908,,,
base_v5,esm_mlp,derived_radius_mae,7dwo_B,,,,,,,,,,13.742589950561523,10.555778503417969,3.1868114471435547,,,
base_v5,esm_mlp,derived_radius_mae,7m8h_C,,,,,,,,,,17.537354826927185,17.537354826927185,0.0,,,
base_v5,esm_mlp,derived_radius_mae,7n6n_A,,,,,,,,,,28.33567015319512,8.007532973846299,20.328137179348822,,,
base_v5,esm_mlp,derived_radius_mae,7nlg_C,,,,,,,,,,2.919854300362723,2.919854300362723,0.0,,,
base_v5,esm_mlp,derived_radius_mae,7o58_B,,,,,,,,,,32.793346325556435,32.793346325556435,0.0,,,
base_v5,esm_mlp,derived_radius_mae,7sj1_C,,,,,,,,,,0.0,0.0,0.0,,,
base_v5,esm_mlp,derived_radius_mae,7sp0_B,,,,,,,,,,0.0,2.195087432861328,-2.195087432861328,,,
base_v5,esm_mlp,derived_radius_mae,7vns_A,,,,,,,,,,3.4188308715820317,10.95341944694519,-7.534588575363159,,,
base_v5,esm_mlp,derived_radius_mae,8eip_B,,,,,,,,,,13.936768531799316,13.936768531799316,0.0,,,
base_v5,esm_mlp,derived_radius_mae,8eqo_B,,,,,,,,,,17.24411379650411,1.5386762337790874,15.705437562725022,,,
base_v5,esm_mlp,derived_radius_mae,8f79_A,,,,,,,,,,131.24072202046713,77.6524206797282,53.58830134073894,,,
base_v5,esm_mlp,derived_radius_mae,8jce_G,,,,,,,,,,56.53575642903646,56.53575642903646,0.0,,,
base_v5,esm_mlp,derived_radius_mae,8ka0_C,,,,,,,,,,50.01686096191406,2.2360496520996094,47.78081130981445,,,
base_v5,esm_mlp,derived_radius_mae,8r3c_A,,,,,,,,,,20.020714925130207,20.020714925130207,0.0,,,
base_v5,esm_mlp,derived_radius_mae,8t06_A,,,,,,,,,,33.49544906616211,33.49544906616211,0.0,,,
base_v5,esm_mlp,derived_radius_mae,8up8_C,,,,,,,,,,15.527965545654297,18.679069805145264,-3.1511042594909675,,,
base_v5,esm_mlp,derived_radius_mae,8wkd_A,,,,,,,,,,39.22949421405792,5.04193115234375,34.18756306171417,,,
base_v5,esm_mlp,derived_radius_mae,8x84_C,,,,,,,,,,30.234486937522888,27.07635986804962,3.1581270694732666,,,
base_v5,esm_mlp,derived_radius_mae,9bc6_C,,,,,,,,,,1.589249610900879,1.589249610900879,0.0,,,
base_v5,esm_mlp,derived_radius_mae,9cp9_B,,,,,,,,,,32.01237678527832,31.09985415140788,0.9125226338704415,,,
base_v5,esm_mlp,derived_radius_mae,9hkm_C,,,,,,,,,,48.152000427246094,25.852882385253906,22.299118041992188,,,
base_v5,esm_mlp,derived_radius_mae,9j83_A,,,,,,,,,,3.1034088134765625,3.571323394775398,-0.4679145812988357,,,
base_v5,esm_mlp,derived_radius_mae,9m80_B,,,,,,,,,,52.29926013946533,1.8121824264526385,50.487077713012695,,,
base_v5,esm_mlp,derived_radius_mae,9r2f_C,,,,,,,,,,2.5916116502549915,2.5916116502549915,0.0,,,
base_v5,esm_mlp,derived_radius_mae,9sd5_A,,,,,,,,,,52.14410018920898,4.525768280029291,47.61833190917969,,,
base_v5,esm_mlp,derived_radius_mae,9swq_B,,,,,,,,,,40.45744609832764,1.0456085205078125,39.411837577819824,,,
base_v5,esm_mlp,derived_radius_mae,9va6_A,,,,,,,,,,31.261920928955085,31.261920928955085,0.0,,,
base_v5,esm_mlp,derived_class_macro_f1,1ct1_E,,,,,,,,,,,,,0.003952569169960474,0.8853754940711462,-0.8814229249011858
base_v5,esm_mlp,derived_class_macro_f1,1gyr_C,,,,,,,,,,,,,0.0,0.0,0.0
base_v5,esm_mlp,derived_class_macro_f1,1h7x_D,,,,,,,,,,,,,0.09090909090909091,0.5454545454545454,-0.4545454545454545
base_v5,esm_mlp,derived_class_macro_f1,1ild_A,,,,,,,,,,,,,0.0,1.0,-1.0
base_v5,esm_mlp,derived_class_macro_f1,1jll_E,,,,,,,,,,,,,0.9090909090909091,0.3181818181818182,0.5909090909090908
base_v5,esm_mlp,derived_class_macro_f1,1me5_B,,,,,,,,,,,,,0.0,0.0,0.0
base_v5,esm_mlp,derived_class_macro_f1,1mjy_A,,,,,,,,,,,,,0.0,0.0,0.0
base_v5,esm_mlp,derived_class_macro_f1,1u5o_A,,,,,,,,,,,,,0.5555555555555556,0.3333333333333333,0.22222222222222227
base_v5,esm_mlp,derived_class_macro_f1,1vyd_B,,,,,,,,,,,,,0.5,0.5,0.0
base_v5,esm_mlp,derived_class_macro_f1,1vzi_B,,,,,,,,,,,,,0.35,0.65,-0.30000000000000004
base_v5,esm_mlp,derived_class_macro_f1,1y39_A,,,,,,,,,,,,,0.0,0.0,0.0
base_v5,esm_mlp,derived_class_macro_f1,1z73_A,,,,,,,,,,,,,1.0,0.0,1.0
base_v5,esm_mlp,derived_class_macro_f1,1z8u_A,,,,,,,,,,,,,0.0,1.0,-1.0
base_v5,esm_mlp,derived_class_macro_f1,2a6x_B,,,,,,,,,,,,,0.0,1.0,-1.0
base_v5,esm_mlp,derived_class_macro_f1,2awi_L,,,,,,,,,,,,,0.0,1.0,-1.0
base_v5,esm_mlp,derived_class_macro_f1,2bek_D,,,,,,,,,,,,,0.011111111111111112,0.9888888888888889,-0.9777777777777779
base_v5,esm_mlp,derived_class_macro_f1,2d5g_D,,,,,,,,,,,,,0.0,0.0,0.0
base_v5,esm_mlp,derived_class_macro_f1,2eyp_A,,,,,,,,,,,,,0.39655172413793105,0.5689655172413793,-0.1724137931034483
base_v5,esm_mlp,derived_class_macro_f1,2hlp_A,,,,,,,,,,,,,0.043782837127845885,0.9719789842381786,-0.9281961471103327
base_v5,esm_mlp,derived_class_macro_f1,2o94_B,,,,,,,,,,,,,0.375,0.625,-0.25
base_v5,esm_mlp,derived_class_macro_f1,2ouv_B,,,,,,,,,,,,,0.045454545454545456,0.045454545454545456,0.0
base_v5,esm_mlp,derived_class_macro_f1,2pp3_B,,,,,,,,,,,,,0.0,0.4,-0.4
base_v5,esm_mlp,derived_class_macro_f1,2xhn_B,,,,,,,,,,,,,1.0,0.0,1.0
base_v5,esm_mlp,derived_class_macro_f1,2ygp_A,,,,,,,,,,,,,0.0,0.0,0.0
base_v5,esm_mlp,derived_class_macro_f1,3a9w_A,,,,,,,,,,,,,0.0,0.0,0.0
base_v5,esm_mlp,derived_class_macro_f1,3ax3_A,,,,,,,,,,,,,0.0,0.0,0.0
base_v5,esm_mlp,derived_class_macro_f1,3b8t_A,,,,,,,,,,,,,0.2830188679245283,0.39622641509433965,-0.11320754716981135
base_v5,esm_mlp,derived_class_macro_f1,3cfh_B,,,,,,,,,,,,,0.375,0.375,0.0
base_v5,esm_mlp,derived_class_macro_f1,3cyi_A,,,,,,,,,,,,,0.7777777777777778,0.0,0.7777777777777778
base_v5,esm_mlp,derived_class_macro_f1,3dl5_C,,,,,,,,,,,,,0.7631578947368421,0.23684210526315788,0.5263157894736843
base_v5,esm_mlp,derived_class_macro_f1,3e44_A,,,,,,,,,,,,,0.0,1.0,-1.0
base_v5,esm_mlp,derived_class_macro_f1,3g7j_B,,,,,,,,,,,,,0.5,0.5625,-0.0625
base_v5,esm_mlp,derived_class_macro_f1,3jtq_B,,,,,,,,,,,,,0.5,0.5,0.0
base_v5,esm_mlp,derived_class_macro_f1,3lze_A,,,,,,,,,,,,,0.0,0.0,0.0
base_v5,esm_mlp,derived_class_macro_f1,3m0o_B,,,,,,,,,,,,,0.453781512605042,0.10084033613445378,0.3529411764705882
base_v5,esm_mlp,derived_class_macro_f1,3o98_B,,,,,,,,,,,,,0.0,1.0,-1.0
base_v5,esm_mlp,derived_class_macro_f1,3pnv_A,,,,,,,,,,,,,0.0,0.0,0.0
base_v5,esm_mlp,derived_class_macro_f1,3wfz_C,,,,,,,,,,,,,0.0,0.0,0.0
base_v5,esm_mlp,derived_class_macro_f1,3x2y_C,,,,,,,,,,,,,0.0,0.7222222222222222,-0.7222222222222222
base_v5,esm_mlp,derived_class_macro_f1,3zwb_B,,,,,,,,,,,,,0.0,0.0,0.0
base_v5,esm_mlp,derived_class_macro_f1,4bl2_B,,,,,,,,,,,,,1.0,1.0,0.0
base_v5,esm_mlp,derived_class_macro_f1,4cj8_I,,,,,,,,,,,,,0.0,1.0,-1.0
base_v5,esm_mlp,derived_class_macro_f1,4cv1_E,,,,,,,,,,,,,0.25920542635658916,0.2698643410852713,-0.010658914728682134
base_v5,esm_mlp,derived_class_macro_f1,4dfx_E,,,,,,,,,,,,,1.0,0.0,1.0
base_v5,esm_mlp,derived_class_macro_f1,4f4m_D,,,,,,,,,,,,,0.17391304347826086,0.34782608695652173,-0.17391304347826086
base_v5,esm_mlp,derived_class_macro_f1,4gvr_C,,,,,,,,,,,,,0.7777777777777778,0.7777777777777778,0.0
base_v5,esm_mlp,derived_class_macro_f1,4hgq_E,,,,,,,,,,,,,0.6875,0.6875,0.0
base_v5,esm_mlp,derived_class_macro_f1,4ok4_B,,,,,,,,,,,,,0.125,0.625,-0.5
base_v5,esm_mlp,derived_class_macro_f1,4p4h_A,,,,,,,,,,,,,0.0,1.0,-1.0
base_v5,esm_mlp,derived_class_macro_f1,4wef_A,,,,,,,,,,,,,0.15,0.15,0.0
base_v5,esm_mlp,derived_class_macro_f1,4x88_A,,,,,,,,,,,,,0.9242424242424242,0.045454545454545456,0.8787878787878788
base_v5,esm_mlp,derived_class_macro_f1,4xy5_A,,,,,,,,,,,,,0.0,0.0,0.0
base_v5,esm_mlp,derived_class_macro_f1,5hgv_C,,,,,,,,,,,,,0.75,0.25,0.5
base_v5,esm_mlp,derived_class_macro_f1,5mdw_6,,,,,,,,,,,,,1.0,0.0,1.0
base_v5,esm_mlp,derived_class_macro_f1,5tnf_C,,,,,,,,,,,,,0.2319915254237288,0.2055084745762712,0.026483050847457612
base_v5,esm_mlp,derived_class_macro_f1,5vec_B,,,,,,,,,,,,,0.0,0.0,0.0
base_v5,esm_mlp,derived_class_macro_f1,5xuh_A,,,,,,,,,,,,,0.0,0.0,0.0
base_v5,esm_mlp,derived_class_macro_f1,6a1v_A,,,,,,,,,,,,,0.22916666666666666,0.375,-0.14583333333333334
base_v5,esm_mlp,derived_class_macro_f1,6bau_B,,,,,,,,,,,,,0.0,0.25,-0.25
base_v5,esm_mlp,derived_class_macro_f1,6bl6_B,,,,,,,,,,,,,0.851063829787234,0.851063829787234,0.0
base_v5,esm_mlp,derived_class_macro_f1,6e2j_A,,,,,,,,,,,,,1.0,1.0,0.0
base_v5,esm_mlp,derived_class_macro_f1,6ej6_A,,,,,,,,,,,,,0.0,0.0,0.0
base_v5,esm_mlp,derived_class_macro_f1,6i7u_A,,,,,,,,,,,,,0.0,0.0,0.0
base_v5,esm_mlp,derived_class_macro_f1,6k0q_A,,,,,,,,,,,,,0.5,0.0,0.5
base_v5,esm_mlp,derived_class_macro_f1,6l7d_A,,,,,,,,,,,,,0.0,0.45454545454545453,-0.45454545454545453
base_v5,esm_mlp,derived_class_macro_f1,6m4l_A,,,,,,,,,,,,,0.0,1.0,-1.0
base_v5,esm_mlp,derived_class_macro_f1,6o4b_G,,,,,,,,,,,,,0.04830917874396135,0.04830917874396135,0.0
base_v5,esm_mlp,derived_class_macro_f1,6r6n_B,,,,,,,,,,,,,0.0,0.0,0.0
base_v5,esm_mlp,derived_class_macro_f1,6uau_A,,,,,,,,,,,,,0.0,0.0,0.0
base_v5,esm_mlp,derived_class_macro_f1,6zy0_A,,,,,,,,,,,,,1.0,0.0,1.0
base_v5,esm_mlp,derived_class_macro_f1,7bbx_A,,,,,,,,,,,,,0.0,0.0,0.0
base_v5,esm_mlp,derived_class_macro_f1,7bxo_B,,,,,,,,,,,,,0.18181818181818182,0.36363636363636365,-0.18181818181818182
base_v5,esm_mlp,derived_class_macro_f1,7dwo_B,,,,,,,,,,,,,0.0,1.0,-1.0
base_v5,esm_mlp,derived_class_macro_f1,7m8h_C,,,,,,,,,,,,,0.4375,0.4375,0.0
base_v5,esm_mlp,derived_class_macro_f1,7n6n_A,,,,,,,,,,,,,0.5088289019687436,0.9545700561531696,-0.44574115418442595
base_v5,esm_mlp,derived_class_macro_f1,7nlg_C,,,,,,,,,,,,,0.8571428571428571,0.8571428571428571,0.0
base_v5,esm_mlp,derived_class_macro_f1,7o58_B,,,,,,,,,,,,,0.125,0.125,0.0
base_v5,esm_mlp,derived_class_macro_f1,7sj1_C,,,,,,,,,,,,,1.0,1.0,0.0
base_v5,esm_mlp,derived_class_macro_f1,7sp0_B,,,,,,,,,,,,,1.0,1.0,0.0
base_v5,esm_mlp,derived_class_macro_f1,7vns_A,,,,,,,,,,,,,0.5,0.5,0.0
base_v5,esm_mlp,derived_class_macro_f1,8eip_B,,,,,,,,,,,,,0.5,0.5,0.0
base_v5,esm_mlp,derived_class_macro_f1,8eqo_B,,,,,,,,,,,,,0.42021625163827,0.9824705111402359,-0.562254259501966
base_v5,esm_mlp,derived_class_macro_f1,8f79_A,,,,,,,,,,,,,0.0,1.0,-1.0
base_v5,esm_mlp,derived_class_macro_f1,8jce_G,,,,,,,,,,,,,0.0,0.0,0.0
base_v5,esm_mlp,derived_class_macro_f1,8ka0_C,,,,,,,,,,,,,0.0,1.0,-1.0
base_v5,esm_mlp,derived_class_macro_f1,8r3c_A,,,,,,,,,,,,,0.006666666666666667,0.006666666666666667,0.0
base_v5,esm_mlp,derived_class_macro_f1,8t06_A,,,,,,,,,,,,,0.0,0.0,0.0
base_v5,esm_mlp,derived_class_macro_f1,8up8_C,,,,,,,,,,,,,0.0,0.0,0.0
base_v5,esm_mlp,derived_class_macro_f1,8wkd_A,,,,,,,,,,,,,0.0,1.0,-1.0
base_v5,esm_mlp,derived_class_macro_f1,8x84_C,,,,,,,,,,,,,1.0,1.0,0.0
base_v5,esm_mlp,derived_class_macro_f1,9bc6_C,,,,,,,,,,,,,1.0,1.0,0.0
base_v5,esm_mlp,derived_class_macro_f1,9cp9_B,,,,,,,,,,,,,0.0,0.3333333333333333,-0.3333333333333333
base_v5,esm_mlp,derived_class_macro_f1,9hkm_C,,,,,,,,,,,,,0.0,0.0,0.0
base_v5,esm_mlp,derived_class_macro_f1,9j83_A,,,,,,,,,,,,,1.0,1.0,0.0
base_v5,esm_mlp,derived_class_macro_f1,9m80_B,,,,,,,,,,,,,0.0,1.0,-1.0
base_v5,esm_mlp,derived_class_macro_f1,9r2f_C,,,,,,,,,,,,,1.0,1.0,0.0
base_v5,esm_mlp,derived_class_macro_f1,9sd5_A,,,,,,,,,,,,,0.0,1.0,-1.0
base_v5,esm_mlp,derived_class_macro_f1,9swq_B,,,,,,,,,,,,,1.0,1.0,0.0
base_v5,esm_mlp,derived_class_macro_f1,9va6_A,,,,,,,,,,,,,0.0,0.0,0.0
base_v5,geometry_gnn,global_mae,1ct1_E,0.2773535816057411,0.2999668949528442,-0.022613313347103092,,,,,,,,,,,,
base_v5,geometry_gnn,global_mae,1gyr_C,0.3646523220836434,0.32760005461584246,0.03705226746780094,,,,,,,,,,,,
base_v5,geometry_gnn,global_mae,1h7x_D,0.18513522668236604,0.20667683708839954,-0.0215416104060335,,,,,,,,,,,,
base_v5,geometry_gnn,global_mae,1ild_A,0.15970983367833647,0.1413156006354766,0.018394233042859864,,,,,,,,,,,,
base_v5,geometry_gnn,global_mae,1jll_E,0.22554619104010712,0.20810480365367512,0.017441387386432,,,,,,,,,,,,
base_v5,geometry_gnn,global_mae,1me5_B,0.2598359432817941,0.2743302317289546,-0.014494288447160497,,,,,,,,,,,,
base_v5,geometry_gnn,global_mae,1mjy_A,0.39436258041871747,0.38939924692702393,0.0049633334916935334,,,,,,,,,,,,
base_v5,geometry_gnn,global_mae,1u5o_A,0.3115856679339157,0.2945722664670123,0.01701340146690339,,,,,,,,,,,,
base_v5,geometry_gnn,global_mae,1vyd_B,0.14097670481363633,0.2486608757372496,-0.10768417092361326,,,,,,,,,,,,
base_v5,geometry_gnn,global_mae,1vzi_B,0.18632298683961854,0.28318460413357244,-0.0968616172939539,,,,,,,,,,,,
base_v5,geometry_gnn,global_mae,1y39_A,0.2109787290462771,0.1566668295276326,0.054311899518644485,,,,,,,,,,,,
base_v5,geometry_gnn,global_mae,1z73_A,0.06641552078324449,0.22285037653251405,-0.15643485574926957,,,,,,,,,,,,
base_v5,geometry_gnn,global_mae,1z8u_A,0.2822472388493932,1.585417115352013,-1.3031698765026198,,,,,,,,,,,,
base_v5,geometry_gnn,global_mae,2a6x_B,0.16920783346068097,0.13577102913125738,0.033436804329423586,,,,,,,,,,,,
base_v5,geometry_gnn,global_mae,2awi_L,0.2255493866764519,0.21208142201377922,0.013467964662672693,,,,,,,,,,,,
base_v5,geometry_gnn,global_mae,2bek_D,0.17516712583325134,0.18786275622155438,-0.012695630388303042,,,,,,,,,,,,
base_v5,geometry_gnn,global_mae,2d5g_D,0.27948298327714566,0.31169639366218843,-0.03221341038504277,,,,,,,,,,,,
base_v5,geometry_gnn,global_mae,2eyp_A,0.19452737293423103,0.26909876328399096,-0.07457139034975993,,,,,,,,,,,,
base_v5,geometry_gnn,global_mae,2hlp_A,0.31801972003764456,0.30269518264091305,0.015324537396731508,,,,,,,,,,,,
base_v5,geometry_gnn,global_mae,2o94_B,0.2224696957410368,0.941463923882967,-0.7189942281419301,,,,,,,,,,,,
base_v5,geometry_gnn,global_mae,2ouv_B,0.19517570462503883,0.18140394487533387,0.01377175974970496,,,,,,,,,,,,
base_v5,geometry_gnn,global_mae,2pp3_B,0.11384525143993303,0.1535923814405746,-0.039747130000641576,,,,,,,,,,,,
base_v5,geometry_gnn,global_mae,2xhn_B,0.13406192656518437,0.19097883173623892,-0.05691690517105455,,,,,,,,,,,,
base_v5,geometry_gnn,global_mae,2ygp_A,0.2289951940109932,0.2428639142067525,-0.013868720195759299,,,,,,,,,,,,
base_v5,geometry_gnn,global_mae,3a9w_A,0.1395984046544669,0.11347196027123324,0.026126444383233666,,,,,,,,,,,,
base_v5,geometry_gnn,global_mae,3ax3_A,0.666376341360085,0.5924179703749791,0.07395837098510583,,,,,,,,,,,,
base_v5,geometry_gnn,global_mae,3b8t_A,0.12208701594584816,0.274339776210568,-0.15225276026471984,,,,,,,,,,,,
base_v5,geometry_gnn,global_mae,3cfh_B,0.12510215774407757,0.33365925471875585,-0.20855709697467828,,,,,,,,,,,,
base_v5,geometry_gnn,global_mae,3cyi_A,2.2016246515526396,2.1019223625515417,0.0997022890010979,,,,,,,,,,,,
base_v5,geometry_gnn,global_mae,3dl5_C,0.22750206837714657,0.20079350827930523,0.02670856009784134,,,,,,,,,,,,
base_v5,geometry_gnn,global_mae,3e44_A,0.6680758691503252,0.6135248451754414,0.05455102397488387,,,,,,,,,,,,
base_v5,geometry_gnn,global_mae,3g7j_B,0.1579529561543645,0.19680310340537388,-0.03885014725100938,,,,,,,,,,,,
base_v5,geometry_gnn,global_mae,3jtq_B,0.10887245888379313,0.10334767371155607,0.005524785172237062,,,,,,,,,,,,
base_v5,geometry_gnn,global_mae,3lze_A,0.37830967451245784,0.3398636534232989,0.038446021089158955,,,,,,,,,,,,
base_v5,geometry_gnn,global_mae,3m0o_B,0.13532201675194958,0.18141202692838793,-0.04609001017643835,,,,,,,,,,,,
base_v5,geometry_gnn,global_mae,3o98_B,0.14449740752614848,0.1325416227657453,0.011955784760403182,,,,,,,,,,,,
base_v5,geometry_gnn,global_mae,3pnv_A,0.607757563176388,0.5984412887916245,0.009316274384763457,,,,,,,,,,,,
base_v5,geometry_gnn,global_mae,3wfz_C,0.1075864451297589,0.12016690313280291,-0.012580458003044012,,,,,,,,,,,,
base_v5,geometry_gnn,global_mae,3x2y_C,0.22677185228771413,0.23384378346358345,-0.007071931175869323,,,,,,,,,,,,
base_v5,geometry_gnn,global_mae,3zwb_B,0.1983591088345334,0.1747791514863539,0.023579957348179498,,,,,,,,,,,,
base_v5,geometry_gnn,global_mae,4bl2_B,0.584999478793932,0.6222918718363021,-0.03729239304237009,,,,,,,,,,,,
base_v5,geometry_gnn,global_mae,4cj8_I,0.3564385893049752,0.310843309655005,0.04559527964997018,,,,,,,,,,,,
base_v5,geometry_gnn,global_mae,4cv1_E,0.37975315782082864,0.36349231353824946,0.01626084428257918,,,,,,,,,,,,
base_v5,geometry_gnn,global_mae,4dfx_E,0.2898443682722239,0.24091944202251095,0.048924926249712924,,,,,,,,,,,,
base_v5,geometry_gnn,global_mae,4f4m_D,0.20020841111311807,0.185834809103425,0.014373602009693065,,,,,,,,,,,,
base_v5,geometry_gnn,global_mae,4gvr_C,0.3212424949851262,0.3360985453838459,-0.014856050398719733,,,,,,,,,,,,
base_v5,geometry_gnn,global_mae,4hgq_E,0.2732562752530427,0.22042949203168383,0.052826783221358864,,,,,,,,,,,,
base_v5,geometry_gnn,global_mae,4ok4_B,0.23306438645586205,0.2863702022679488,-0.05330581581208674,,,,,,,,,,,,
base_v5,geometry_gnn,global_mae,4p4h_A,0.38567433642481075,0.36553224135051543,0.02014209507429532,,,,,,,,,,,,
base_v5,geometry_gnn,global_mae,4wef_A,0.1732691669003636,0.16292245638440092,0.01034671051596267,,,,,,,,,,,,
base_v5,geometry_gnn,global_mae,4x88_A,0.14920851065491764,0.4623853911051839,-0.31317688045026626,,,,,,,,,,,,
base_v5,geometry_gnn,global_mae,4xy5_A,0.11527890528195613,0.1333036651467961,-0.018024759864839965,,,,,,,,,,,,
base_v5,geometry_gnn,global_mae,5hgv_C,0.23305079830615874,0.11229330107037191,0.12075749723578683,,,,,,,,,,,,
base_v5,geometry_gnn,global_mae,5mdw_6,0.34166685526724905,2.361427597119473,-2.019760741852224,,,,,,,,,,,,
base_v5,geometry_gnn,global_mae,5tnf_C,0.11320378969898846,0.1893743865257189,-0.07617059682673043,,,,,,,,,,,,
base_v5,geometry_gnn,global_mae,5vec_B,0.14456858636836695,0.1621806728760943,-0.01761208650772736,,,,,,,,,,,,
base_v5,geometry_gnn,global_mae,5xuh_A,0.5760296253363292,0.5194811862707138,0.05654843906561535,,,,,,,,,,,,
base_v5,geometry_gnn,global_mae,6a1v_A,0.22020014407853314,0.31246370792805245,-0.09226356384951931,,,,,,,,,,,,
base_v5,geometry_gnn,global_mae,6bau_B,0.20071101557650584,0.1675317750074231,0.033179240569082724,,,,,,,,,,,,
base_v5,geometry_gnn,global_mae,6bl6_B,1.496539377481055,1.4713258727681693,0.025213504712885637,,,,,,,,,,,,
base_v5,geometry_gnn,global_mae,6e2j_A,0.35938112904256747,0.4965916159693326,-0.13721048692676513,,,,,,,,,,,,
base_v5,geometry_gnn,global_mae,6ej6_A,0.12171006549640999,0.17086083918277706,-0.04915077368636707,,,,,,,,,,,,
base_v5,geometry_gnn,global_mae,6i7u_A,0.24966517722694784,0.2408351632916639,0.008830013935283931,,,,,,,,,,,,
base_v5,geometry_gnn,global_mae,6k0q_A,0.11887270909598079,0.14456196543184768,-0.025689256335866897,,,,,,,,,,,,
base_v5,geometry_gnn,global_mae,6l7d_A,0.3692663837677002,0.3306532216278523,0.03861316213984789,,,,,,,,,,,,
base_v5,geometry_gnn,global_mae,6m4l_A,0.1165020644773669,0.2401352281205266,-0.1236331636431597,,,,,,,,,,,,
base_v5,geometry_gnn,global_mae,6o4b_G,0.3181105623589912,0.31464837947731117,0.0034621828816800426,,,,,,,,,,,,
base_v5,geometry_gnn,global_mae,6r6n_B,0.1186655711568892,0.13688556315377354,-0.018219991996884344,,,,,,,,,,,,
base_v5,geometry_gnn,global_mae,6uau_A,0.10585406285814973,0.15177681476630034,-0.04592275190815061,,,,,,,,,,,,
base_v5,geometry_gnn,global_mae,6zy0_A,0.10935278160872201,0.13192609340994063,-0.022573311801218618,,,,,,,,,,,,
base_v5,geometry_gnn,global_mae,7bbx_A,0.3022926254780032,0.19253826109078628,0.10975436438721689,,,,,,,,,,,,
base_v5,geometry_gnn,global_mae,7bxo_B,0.33140145483440453,0.3164542423628483,0.014947212471556226,,,,,,,,,,,,
base_v5,geometry_gnn,global_mae,7dwo_B,1.6817211286477387,1.7256347852956808,-0.04391365664794211,,,,,,,,,,,,
base_v5,geometry_gnn,global_mae,7m8h_C,0.15242819164020957,0.1643208944524118,-0.011892702812202227,,,,,,,,,,,,
base_v5,geometry_gnn,global_mae,7n6n_A,0.47928447139671065,0.4878548702991481,-0.008570398902437437,,,,,,,,,,,,
base_v5,geometry_gnn,global_mae,7nlg_C,0.1969653345447098,0.46316577083876787,-0.2662004362940581,,,,,,,,,,,,
base_v5,geometry_gnn,global_mae,7o58_B,0.838045751018682,0.8144465654149725,0.02359918560370944,,,,,,,,,,,,
base_v5,geometry_gnn,global_mae,7sj1_C,0.5855085484027787,0.5850392176094941,0.0004693307932845947,,,,,,,,,,,,
base_v5,geometry_gnn,global_mae,7sp0_B,0.22377520304967147,0.16521098513583668,0.05856421791383479,,,,,,,,,,,,
base_v5,geometry_gnn,global_mae,7vns_A,0.25772351983964953,0.3080658221902524,-0.050342302350602885,,,,,,,,,,,,
base_v5,geometry_gnn,global_mae,8eip_B,0.11624156235966236,0.19493119436565773,-0.07868963200599537,,,,,,,,,,,,
base_v5,geometry_gnn,global_mae,8eqo_B,0.43725983768684534,0.40104618547898585,0.03621365220785949,,,,,,,,,,,,
base_v5,geometry_gnn,global_mae,8f79_A,1.8473180905251987,1.5706119553356095,0.2767061351895892,,,,,,,,,,,,
base_v5,geometry_gnn,global_mae,8jce_G,0.1505736293622286,0.17566430547485037,-0.02509067611262178,,,,,,,,,,,,
base_v5,geometry_gnn,global_mae,8ka0_C,0.7364720822254449,0.6311615223639909,0.10531055986145399,,,,,,,,,,,,
base_v5,geometry_gnn,global_mae,8r3c_A,0.18723240817210088,0.5315119271428846,-0.3442795189707838,,,,,,,,,,,,
base_v5,geometry_gnn,global_mae,8t06_A,0.252083155249325,0.2543664288136116,-0.002283273564286592,,,,,,,,,,,,
base_v5,geometry_gnn,global_mae,8up8_C,0.19189950744478615,0.1788564939234703,0.013043013521315844,,,,,,,,,,,,
base_v5,geometry_gnn,global_mae,8wkd_A,0.5407187705859542,0.5507140214710186,-0.009995250885064366,,,,,,,,,,,,
base_v5,geometry_gnn,global_mae,8x84_C,0.2788792166836301,0.2744869160856392,0.004392300597990895,,,,,,,,,,,,
base_v5,geometry_gnn,global_mae,9bc6_C,0.5078691858220999,0.585132671624984,-0.077263485802884,,,,,,,,,,,,
base_v5,geometry_gnn,global_mae,9cp9_B,0.11530324536932855,0.15324633445292066,-0.037943089083592105,,,,,,,,,,,,
base_v5,geometry_gnn,global_mae,9hkm_C,0.5177179713747252,0.4934296580487943,0.0242883133259309,,,,,,,,,,,,
base_v5,geometry_gnn,global_mae,9j83_A,2.187089989350049,2.33760866418097,-0.1505186748309213,,,,,,,,,,,,
base_v5,geometry_gnn,global_mae,9m80_B,0.3900951056492751,0.3760434591225861,0.014051646526688999,,,,,,,,,,,,
base_v5,geometry_gnn,global_mae,9r2f_C,7.49932209374728,7.24848504643504,0.2508370473122401,,,,,,,,,,,,
base_v5,geometry_gnn,global_mae,9sd5_A,0.11746324800802042,0.21382442363279902,-0.0963611756247786,,,,,,,,,,,,
base_v5,geometry_gnn,global_mae,9swq_B,0.8965268671698288,0.6996895046643564,0.19683736250547235,,,,,,,,,,,,
base_v5,geometry_gnn,global_mae,9va6_A,0.49435491479481714,0.5269544815362404,-0.032599566741423225,,,,,,,,,,,,
base_v5,geometry_gnn,shell_mae,1ct1_E,,,,0.4968122218967269,0.569560667140603,-0.07274844524387614,,,,,,,,,
base_v5,geometry_gnn,shell_mae,1gyr_C,,,,0.2820777465948358,0.28798119094957914,-0.005903444354743326,,,,,,,,,
base_v5,geometry_gnn,shell_mae,1h7x_D,,,,0.8701647105429514,0.8857918263657095,-0.01562711582275811,,,,,,,,,
base_v5,geometry_gnn,shell_mae,1ild_A,,,,0.1738051065133128,0.11373631424726502,0.06006879226604778,,,,,,,,,
base_v5,geometry_gnn,shell_mae,1jll_E,,,,0.1534827544201841,0.17080394889323192,-0.017321194473047807,,,,,,,,,
base_v5,geometry_gnn,shell_mae,1me5_B,,,,0.2196646446239613,0.21305882219538744,0.006605822428573854,,,,,,,,,
base_v5,geometry_gnn,shell_mae,1mjy_A,,,,0.39776347062248985,0.4113504902201017,-0.013587019597611882,,,,,,,,,
base_v5,geometry_gnn,shell_mae,1u5o_A,,,,0.29191689444976643,0.24893211357039136,0.04298478087937507,,,,,,,,,
base_v5,geometry_gnn,shell_mae,1vyd_B,,,,0.16618743950326356,0.27318876332711967,-0.1070013238238561,,,,,,,,,
base_v5,geometry_gnn,shell_mae,1vzi_B,,,,0.1775257520251315,0.37805175519536127,-0.20052600317022978,,,,,,,,,
base_v5,geometry_gnn,shell_mae,1y39_A,,,,0.269830314139379,0.22001316558350537,0.04981714855587366,,,,,,,,,
base_v5,geometry_gnn,shell_mae,1z73_A,,,,0.06511828056044752,0.1493383514051128,-0.08422007084466529,,,,,,,,,
base_v5,geometry_gnn,shell_mae,1z8u_A,,,,0.7766606972471851,2.715464111956079,-1.938803414708894,,,,,,,,,
base_v5,geometry_gnn,shell_mae,2a6x_B,,,,0.16230971750463266,0.1440581634356814,0.018251554068951265,,,,,,,,,
base_v5,geometry_gnn,shell_mae,2awi_L,,,,0.16126686557718434,0.15808822874899742,0.0031786368281869204,,,,,,,,,
base_v5,geometry_gnn,shell_mae,2bek_D,,,,0.15665759027387216,0.1757102904543205,-0.01905270018044833,,,,,,,,,
base_v5,geometry_gnn,shell_mae,2d5g_D,,,,0.21685364402703242,0.28849297512609223,-0.07163933109905982,,,,,,,,,
base_v5,geometry_gnn,shell_mae,2eyp_A,,,,0.17629325654856423,0.25869215668634166,-0.08239890013777743,,,,,,,,,
base_v5,geometry_gnn,shell_mae,2hlp_A,,,,0.28514007248408674,0.2926626828740153,-0.0075226103899285746,,,,,,,,,
base_v5,geometry_gnn,shell_mae,2o94_B,,,,0.19750983527533064,0.6546901184025149,-0.4571802831271843,,,,,,,,,
base_v5,geometry_gnn,shell_mae,2ouv_B,,,,0.17342363215499018,0.11709662778425721,0.05632700437073297,,,,,,,,,
base_v5,geometry_gnn,shell_mae,2pp3_B,,,,0.1709706360460029,0.1282679736529574,0.042702662393045515,,,,,,,,,
base_v5,geometry_gnn,shell_mae,2xhn_B,,,,0.11842343071904537,0.14120922040078915,-0.022785789681743773,,,,,,,,,
base_v5,geometry_gnn,shell_mae,2ygp_A,,,,0.1968644907510001,0.23631076689717276,-0.03944627614617266,,,,,,,,,
base_v5,geometry_gnn,shell_mae,3a9w_A,,,,0.13975069539714768,0.10218790843403915,0.03756278696310854,,,,,,,,,
base_v5,geometry_gnn,shell_mae,3ax3_A,,,,0.8420378233473437,0.7227462411756554,0.11929158217168823,,,,,,,,,
base_v5,geometry_gnn,shell_mae,3b8t_A,,,,0.13075289412752325,0.2361844620017269,-0.10543156787420366,,,,,,,,,
base_v5,geometry_gnn,shell_mae,3cfh_B,,,,0.11000384037388129,0.28461699767172877,-0.1746131572978475,,,,,,,,,
base_v5,geometry_gnn,shell_mae,3cyi_A,,,,1.847091554919215,1.7265811472586243,0.12051040766059073,,,,,,,,,
base_v5,geometry_gnn,shell_mae,3dl5_C,,,,0.2394512400088653,0.18108968425678357,0.05836155575208174,,,,,,,,,
base_v5,geometry_gnn,shell_mae,3e44_A,,,,1.0421111694900103,0.9918937252132795,0.050217444276730805,,,,,,,,,
base_v5,geometry_gnn,shell_mae,3g7j_B,,,,0.2614354814429585,0.2943021933898244,-0.03286671194686591,,,,,,,,,
base_v5,geometry_gnn,shell_mae,3jtq_B,,,,0.10470332575720122,0.11097362276009864,-0.006270297002897426,,,,,,,,,
base_v5,geometry_gnn,shell_mae,3lze_A,,,,0.44313134355326067,0.39802672227269903,0.04510462128056164,,,,,,,,,
base_v5,geometry_gnn,shell_mae,3m0o_B,,,,0.15015599875361552,0.14706312669880495,0.0030928720548105693,,,,,,,,,
base_v5,geometry_gnn,shell_mae,3o98_B,,,,0.14471187883934922,0.13291817555509608,0.011793703284253138,,,,,,,,,
base_v5,geometry_gnn,shell_mae,3pnv_A,,,,0.42608178869987906,0.4386928820966092,-0.012611093396730166,,,,,,,,,
base_v5,geometry_gnn,shell_mae,3wfz_C,,,,0.09039330548091608,0.10056675574306118,-0.010173450262145098,,,,,,,,,
base_v5,geometry_gnn,shell_mae,3x2y_C,,,,0.3194491923102386,0.32504860973148203,-0.0055994174212434245,,,,,,,,,
base_v5,geometry_gnn,shell_mae,3zwb_B,,,,0.15925943419139646,0.14705980351418949,0.012199630677206974,,,,,,,,,
base_v5,geometry_gnn,shell_mae,4bl2_B,,,,0.49765208425002794,0.5606357771201964,-0.06298369287016847,,,,,,,,,
base_v5,geometry_gnn,shell_mae,4cj8_I,,,,0.4736614048855869,0.41234249896664094,0.061318905918945954,,,,,,,,,
base_v5,geometry_gnn,shell_mae,4cv1_E,,,,0.538326758612298,0.553342062200253,-0.015015303587954998,,,,,,,,,
base_v5,geometry_gnn,shell_mae,4dfx_E,,,,0.9807459823719219,1.0356873012787993,-0.05494131890687737,,,,,,,,,
base_v5,geometry_gnn,shell_mae,4f4m_D,,,,0.17185453351382607,0.1599987509726469,0.011855782541179166,,,,,,,,,
base_v5,geometry_gnn,shell_mae,4gvr_C,,,,0.20291261452654324,0.22303289432523726,-0.02012027979869402,,,,,,,,,
base_v5,geometry_gnn,shell_mae,4hgq_E,,,,0.32758948429812473,0.29418103078948227,0.033408453508642466,,,,,,,,,
base_v5,geometry_gnn,shell_mae,4ok4_B,,,,0.2164577294279512,0.2446771629862764,-0.028219433558325208,,,,,,,,,
base_v5,geometry_gnn,shell_mae,4p4h_A,,,,0.2916846904111855,0.34422666997098944,-0.05254197955980394,,,,,,,,,
base_v5,geometry_gnn,shell_mae,4wef_A,,,,0.12537465656421384,0.11826951917952717,0.007105137384686669,,,,,,,,,
base_v5,geometry_gnn,shell_mae,4x88_A,,,,0.1709335799583866,0.6523649770265338,-0.48143139706814725,,,,,,,,,
base_v5,geometry_gnn,shell_mae,4xy5_A,,,,0.10433135297576597,0.1264151221971999,-0.022083769221433916,,,,,,,,,
base_v5,geometry_gnn,shell_mae,5hgv_C,,,,0.23663336906349877,0.0904173094547279,0.14621605960877088,,,,,,,,,
base_v5,geometry_gnn,shell_mae,5mdw_6,,,,0.30539544674649577,2.423766767855799,-2.1183713211093034,,,,,,,,,
base_v5,geometry_gnn,shell_mae,5tnf_C,,,,0.11869617174570901,0.15831577275309885,-0.03961960100738984,,,,,,,,,
base_v5,geometry_gnn,shell_mae,5vec_B,,,,0.1764264014538507,0.20519053591960731,-0.028764134465756624,,,,,,,,,
base_v5,geometry_gnn,shell_mae,5xuh_A,,,,0.36701343575850215,0.32085674867725816,0.046156687081243986,,,,,,,,,
base_v5,geometry_gnn,shell_mae,6a1v_A,,,,0.20925948036903128,0.39258177378451714,-0.18332229341548587,,,,,,,,,
base_v5,geometry_gnn,shell_mae,6bau_B,,,,0.1805290678474196,0.14749997630922398,0.03302909153819561,,,,,,,,,
base_v5,geometry_gnn,shell_mae,6bl6_B,,,,1.3104281349620368,1.2930357118094193,0.017392423152617464,,,,,,,,,
base_v5,geometry_gnn,shell_mae,6e2j_A,,,,0.4724433528785402,0.6779298662592409,-0.20548651338070067,,,,,,,,,
base_v5,geometry_gnn,shell_mae,6ej6_A,,,,0.12417794359552485,0.15096509516398815,-0.0267871515684633,,,,,,,,,
base_v5,geometry_gnn,shell_mae,6i7u_A,,,,0.17533119369643332,0.24853782167263105,-0.07320662797619773,,,,,,,,,
base_v5,geometry_gnn,shell_mae,6k0q_A,,,,0.08130388274594266,0.09901864495287559,-0.017714762206932924,,,,,,,,,
base_v5,geometry_gnn,shell_mae,6l7d_A,,,,0.7195447782242487,0.6546635734679489,0.06488120475629977,,,,,,,,,
base_v5,geometry_gnn,shell_mae,6m4l_A,,,,0.1127112115897885,0.22389669586597888,-0.11118548427619038,,,,,,,,,
base_v5,geometry_gnn,shell_mae,6o4b_G,,,,0.2712306504264474,0.25285174108320474,0.018378909343242655,,,,,,,,,
base_v5,geometry_gnn,shell_mae,6r6n_B,,,,0.11046947070278496,0.11634213002581972,-0.005872659323034768,,,,,,,,,
base_v5,geometry_gnn,shell_mae,6uau_A,,,,0.08492005005384794,0.15789073644780602,-0.07297068639395808,,,,,,,,,
base_v5,geometry_gnn,shell_mae,6zy0_A,,,,0.11105360472297847,0.10106401900626356,0.009989585716714905,,,,,,,,,
base_v5,geometry_gnn,shell_mae,7bbx_A,,,,0.2554263252492812,0.1314243336351032,0.12400199161417802,,,,,,,,,
base_v5,geometry_gnn,shell_mae,7bxo_B,,,,0.9954496344269217,0.8190062629512919,0.17644337147562983,,,,,,,,,
base_v5,geometry_gnn,shell_mae,7dwo_B,,,,1.5273058220130618,1.5970150477687755,-0.0697092257557137,,,,,,,,,
base_v5,geometry_gnn,shell_mae,7m8h_C,,,,0.14727182481953804,0.17184253995236348,-0.024570715132825438,,,,,,,,,
base_v5,geometry_gnn,shell_mae,7n6n_A,,,,0.36055837226155113,0.3741966527054043,-0.013638280443853179,,,,,,,,,
base_v5,geometry_gnn,shell_mae,7nlg_C,,,,0.24005687828052338,0.5080753250981316,-0.2680184468176082,,,,,,,,,
base_v5,geometry_gnn,shell_mae,7o58_B,,,,0.8037799932686585,0.7470549006206134,0.05672509264804504,,,,,,,,,
base_v5,geometry_gnn,shell_mae,7sj1_C,,,,0.5983057201906559,0.5167023389555352,0.08160338123512068,,,,,,,,,
base_v5,geometry_gnn,shell_mae,7sp0_B,,,,0.4972868664176963,0.5062257766898008,-0.008938910272104528,,,,,,,,,
base_v5,geometry_gnn,shell_mae,7vns_A,,,,0.27238607998384384,0.36090149730236787,-0.08851541731852403,,,,,,,,,
base_v5,geometry_gnn,shell_mae,8eip_B,,,,0.12703308839402103,0.21431195930575545,-0.08727887091173442,,,,,,,,,
base_v5,geometry_gnn,shell_mae,8eqo_B,,,,0.4737462781855824,0.4324917790497844,0.041254499135797984,,,,,,,,,
base_v5,geometry_gnn,shell_mae,8f79_A,,,,2.1604931410587658,1.7554672021448432,0.4050259389139226,,,,,,,,,
base_v5,geometry_gnn,shell_mae,8jce_G,,,,0.13582322722514967,0.164820830935828,-0.028997603710678332,,,,,,,,,
base_v5,geometry_gnn,shell_mae,8ka0_C,,,,0.3500355907235956,0.30486118396871476,0.045174406754880825,,,,,,,,,
base_v5,geometry_gnn,shell_mae,8r3c_A,,,,0.20105624902861247,0.7151865082233343,-0.5141302591947219,,,,,,,,,
base_v5,geometry_gnn,shell_mae,8t06_A,,,,0.34223703024051555,0.3456542886063052,-0.003417258365789655,,,,,,,,,
base_v5,geometry_gnn,shell_mae,8up8_C,,,,0.3100081191259198,0.14350659136807728,0.16650152775784252,,,,,,,,,
base_v5,geometry_gnn,shell_mae,8wkd_A,,,,0.7524088247655294,0.8533632902592256,-0.10095446549369624,,,,,,,,,
base_v5,geometry_gnn,shell_mae,8x84_C,,,,1.0045253183322995,0.8922909961007996,0.11223432223149987,,,,,,,,,
base_v5,geometry_gnn,shell_mae,9bc6_C,,,,0.43961795565520356,0.5172454728314659,-0.07762751717626237,,,,,,,,,
base_v5,geometry_gnn,shell_mae,9cp9_B,,,,0.11277365701819958,0.14845926605324453,-0.035685609035044946,,,,,,,,,
base_v5,geometry_gnn,shell_mae,9hkm_C,,,,1.0750828009975433,1.0470388986550734,0.028043902342469895,,,,,,,,,
base_v5,geometry_gnn,shell_mae,9j83_A,,,,1.1756373602080417,1.228091732166011,-0.052454371957969315,,,,,,,,,
base_v5,geometry_gnn,shell_mae,9m80_B,,,,0.25128525928390655,0.2362419790959438,0.015043280187962749,,,,,,,,,
base_v5,geometry_gnn,shell_mae,9r2f_C,,,,7.195597653421799,6.702581803143074,0.4930158502787245,,,,,,,,,
base_v5,geometry_gnn,shell_mae,9sd5_A,,,,0.15472904439888732,0.2002935503170634,-0.04556450591817607,,,,,,,,,
base_v5,geometry_gnn,shell_mae,9swq_B,,,,0.5801972591203144,0.39717796115888837,0.18301929796142602,,,,,,,,,
base_v5,geometry_gnn,shell_mae,9va6_A,,,,0.737637812861499,0.7862351557696765,-0.04859734290817752,,,,,,,,,
base_v5,geometry_gnn,perturbed_auprc,1ct1_E,,,,,,,0.3134563158590995,0.42071314985511293,-0.10725683399601343,,,,,,
base_v5,geometry_gnn,perturbed_auprc,1gyr_C,,,,,,,0.24137613426451912,0.28831376294892314,-0.046937628684404015,,,,,,
base_v5,geometry_gnn,perturbed_auprc,1h7x_D,,,,,,,0.19274419423603859,0.1487011341844693,0.04404306005156927,,,,,,
base_v5,geometry_gnn,perturbed_auprc,1ild_A,,,,,,,0.5645833333333333,0.029767819899398848,0.5348155134339345,,,,,,
base_v5,geometry_gnn,perturbed_auprc,1jll_E,,,,,,,0.23809012511812375,0.1365491964608386,0.10154092865728515,,,,,,
base_v5,geometry_gnn,perturbed_auprc,1me5_B,,,,,,,0.25466488198553144,0.2441067648104632,0.010558117175068243,,,,,,
base_v5,geometry_gnn,perturbed_auprc,1mjy_A,,,,,,,0.4541484793144144,0.41040957386063204,0.04373890545378234,,,,,,
base_v5,geometry_gnn,perturbed_auprc,1u5o_A,,,,,,,0.4696348553005658,0.4941579278571995,-0.024523072556633663,,,,,,
base_v5,geometry_gnn,perturbed_auprc,1vyd_B,,,,,,,0.525,0.03888888888888889,0.48611111111111116,,,,,,
base_v5,geometry_gnn,perturbed_auprc,1vzi_B,,,,,,,0.03600564523406963,0.07693878626214569,-0.04093314102807606,,,,,,
base_v5,geometry_gnn,perturbed_auprc,1y39_A,,,,,,,0.03125,0.017543859649122806,0.013706140350877194,,,,,,
base_v5,geometry_gnn,perturbed_auprc,1z73_A,,,,,,,,,,,,,,,
base_v5,geometry_gnn,perturbed_auprc,1z8u_A,,,,,,,0.738429427715142,0.6906027527289986,0.04782667498614335,,,,,,
base_v5,geometry_gnn,perturbed_auprc,2a6x_B,,,,,,,0.08354174561071112,0.10678283410138248,-0.023241088490671358,,,,,,
base_v5,geometry_gnn,perturbed_auprc,2awi_L,,,,,,,0.41920676212018826,0.19722369908571014,0.22198306303447812,,,,,,
base_v5,geometry_gnn,perturbed_auprc,2bek_D,,,,,,,0.32037350802098347,0.33137145141255314,-0.010997943391569676,,,,,,
base_v5,geometry_gnn,perturbed_auprc,2d5g_D,,,,,,,0.37400157590947064,0.5570919490719064,-0.18309037316243576,,,,,,
base_v5,geometry_gnn,perturbed_auprc,2eyp_A,,,,,,,0.19286477542122732,0.30330556052773494,-0.11044078510650762,,,,,,
base_v5,geometry_gnn,perturbed_auprc,2hlp_A,,,,,,,0.416640731516609,0.2927931170649649,0.1238476144516441,,,,,,
base_v5,geometry_gnn,perturbed_auprc,2o94_B,,,,,,,0.11005739930191405,0.0453817798469751,0.06467561945493895,,,,,,
base_v5,geometry_gnn,perturbed_auprc,2ouv_B,,,,,,,0.1498679132296457,0.27399527844852456,-0.12412736521887885,,,,,,
base_v5,geometry_gnn,perturbed_auprc,2pp3_B,,,,,,,0.20226953438104806,0.36976751643418315,-0.1674979820531351,,,,,,
base_v5,geometry_gnn,perturbed_auprc,2xhn_B,,,,,,,,,,,,,,,
base_v5,geometry_gnn,perturbed_auprc,2ygp_A,,,,,,,1.0,0.07142857142857142,0.9285714285714286,,,,,,
base_v5,geometry_gnn,perturbed_auprc,3a9w_A,,,,,,,0.40328074227772776,0.159444137051063,0.24383660522666475,,,,,,
base_v5,geometry_gnn,perturbed_auprc,3ax3_A,,,,,,,0.6341463820877774,0.8335601881388449,-0.1994138060510675,,,,,,
base_v5,geometry_gnn,perturbed_auprc,3b8t_A,,,,,,,0.4191750743020686,0.1928032853654363,0.22637178893663226,,,,,,
base_v5,geometry_gnn,perturbed_auprc,3cfh_B,,,,,,,0.11305187783231262,0.09003650491695471,0.023015372915357907,,,,,,
base_v5,geometry_gnn,perturbed_auprc,3cyi_A,,,,,,,0.9132953742525431,0.8877750268413611,0.02552034741118203,,,,,,
base_v5,geometry_gnn,perturbed_auprc,3dl5_C,,,,,,,0.2510934664403442,0.23629739178710002,0.014796074653244173,,,,,,
base_v5,geometry_gnn,perturbed_auprc,3e44_A,,,,,,,0.6584517001764231,0.5306463393592932,0.1278053608171299,,,,,,
base_v5,geometry_gnn,perturbed_auprc,3g7j_B,,,,,,,0.29363711535523923,0.1678734158597138,0.12576369949552543,,,,,,
base_v5,geometry_gnn,perturbed_auprc,3jtq_B,,,,,,,0.6946923123862778,0.15471865319265207,0.5399736591936257,,,,,,
base_v5,geometry_gnn,perturbed_auprc,3lze_A,,,,,,,,,,,,,,,
base_v5,geometry_gnn,perturbed_auprc,3m0o_B,,,,,,,0.23637662732995787,0.3274161571674481,-0.09103952983749022,,,,,,
base_v5,geometry_gnn,perturbed_auprc,3o98_B,,,,,,,0.05263157894736842,0.009433962264150943,0.04319761668321748,,,,,,
base_v5,geometry_gnn,perturbed_auprc,3pnv_A,,,,,,,0.4606789480311611,0.35570613816096674,0.10497280987019436,,,,,,
base_v5,geometry_gnn,perturbed_auprc,3wfz_C,,,,,,,0.02477802828022464,0.03138681564267557,-0.006608787362450932,,,,,,
base_v5,geometry_gnn,perturbed_auprc,3x2y_C,,,,,,,0.2024684907048265,0.11011329348289729,0.09235519722192921,,,,,,
base_v5,geometry_gnn,perturbed_auprc,3zwb_B,,,,,,,0.17676873920407704,0.16772033759379174,0.009048401610285306,,,,,,
base_v5,geometry_gnn,perturbed_auprc,4bl2_B,,,,,,,0.4475071927738763,0.47849467954974306,-0.030987486775866768,,,,,,
base_v5,geometry_gnn,perturbed_auprc,4cj8_I,,,,,,,0.4322200560802091,0.3466031473457201,0.08561690873448896,,,,,,
base_v5,geometry_gnn,perturbed_auprc,4cv1_E,,,,,,,0.5245755378539387,0.19383631366510423,0.3307392241888345,,,,,,
base_v5,geometry_gnn,perturbed_auprc,4dfx_E,,,,,,,0.23410649964651975,0.1687314361090869,0.06537506353743286,,,,,,
base_v5,geometry_gnn,perturbed_auprc,4f4m_D,,,,,,,0.35512330728714153,0.3161143364915247,0.039008970795616826,,,,,,
base_v5,geometry_gnn,perturbed_auprc,4gvr_C,,,,,,,0.16628815812281608,0.19566927063925027,-0.029381112516434188,,,,,,
base_v5,geometry_gnn,perturbed_auprc,4hgq_E,,,,,,,0.30187471546570144,0.2414868943639105,0.060387821101790945,,,,,,
base_v5,geometry_gnn,perturbed_auprc,4ok4_B,,,,,,,0.26028795345241335,0.20827192460814964,0.052016028844263706,,,,,,
base_v5,geometry_gnn,perturbed_auprc,4p4h_A,,,,,,,0.28941630789667905,0.2327716868419499,0.056644621054729144,,,,,,
base_v5,geometry_gnn,perturbed_auprc,4wef_A,,,,,,,0.3476600579622031,0.38270840134249595,-0.035048343380292835,,,,,,
base_v5,geometry_gnn,perturbed_auprc,4x88_A,,,,,,,0.5341269841269841,0.132991452991453,0.40113553113553113,,,,,,
base_v5,geometry_gnn,perturbed_auprc,4xy5_A,,,,,,,0.9165743816906607,0.8648148148148148,0.05175956687584593,,,,,,
base_v5,geometry_gnn,perturbed_auprc,5hgv_C,,,,,,,0.005489916339113827,0.007849986627965917,-0.0023600702888520895,,,,,,
base_v5,geometry_gnn,perturbed_auprc,5mdw_6,,,,,,,0.20772910812384499,0.552312271062271,-0.344583162938426,,,,,,
base_v5,geometry_gnn,perturbed_auprc,5tnf_C,,,,,,,0.35437640503574763,0.30287196432669233,0.0515044407090553,,,,,,
base_v5,geometry_gnn,perturbed_auprc,5vec_B,,,,,,,0.316316608887617,0.19829792997931964,0.11801867890829734,,,,,,
base_v5,geometry_gnn,perturbed_auprc,5xuh_A,,,,,,,0.42530367640676636,0.3402579433705222,0.08504573303624419,,,,,,
base_v5,geometry_gnn,perturbed_auprc,6a1v_A,,,,,,,0.5693776249893892,0.4687439706523307,0.10063365433705845,,,,,,
base_v5,geometry_gnn,perturbed_auprc,6bau_B,,,,,,,0.060704107376824946,0.04522545645777921,0.015478650919045739,,,,,,
base_v5,geometry_gnn,perturbed_auprc,6bl6_B,,,,,,,0.5058179560023025,0.4991642931547771,0.006653662847525388,,,,,,
base_v5,geometry_gnn,perturbed_auprc,6e2j_A,,,,,,,0.43377014312288825,0.4763735354537241,-0.04260339233083582,,,,,,
base_v5,geometry_gnn,perturbed_auprc,6ej6_A,,,,,,,,,,,,,,,
base_v5,geometry_gnn,perturbed_auprc,6i7u_A,,,,,,,0.15127060641658846,0.28096994771400163,-0.12969934129741317,,,,,,
base_v5,geometry_gnn,perturbed_auprc,6k0q_A,,,,,,,0.013250233357724493,0.006254160895838589,0.0069960724618859035,,,,,,
base_v5,geometry_gnn,perturbed_auprc,6l7d_A,,,,,,,0.5562057273643677,0.1948036028922836,0.3614021244720841,,,,,,
base_v5,geometry_gnn,perturbed_auprc,6m4l_A,,,,,,,0.04396722539477236,0.021718390986527013,0.022248834408245346,,,,,,
base_v5,geometry_gnn,perturbed_auprc,6o4b_G,,,,,,,0.31028265128272947,0.25832977043686395,0.05195288084586552,,,,,,
base_v5,geometry_gnn,perturbed_auprc,6r6n_B,,,,,,,0.53125,0.10333333333333333,0.42791666666666667,,,,,,
base_v5,geometry_gnn,perturbed_auprc,6uau_A,,,,,,,0.464815479955423,0.1452344331193912,0.31958104683603183,,,,,,
base_v5,geometry_gnn,perturbed_auprc,6zy0_A,,,,,,,0.25,0.041666666666666664,0.20833333333333334,,,,,,
base_v5,geometry_gnn,perturbed_auprc,7bbx_A,,,,,,,,,,,,,,,
base_v5,geometry_gnn,perturbed_auprc,7bxo_B,,,,,,,0.5671835714169473,0.5362513724615642,0.030932198955383128,,,,,,
base_v5,geometry_gnn,perturbed_auprc,7dwo_B,,,,,,,0.7370618658274425,0.7639945324779094,-0.026932666650466897,,,,,,
base_v5,geometry_gnn,perturbed_auprc,7m8h_C,,,,,,,0.3235575285049727,0.08129085909931752,0.2422666694056552,,,,,,
base_v5,geometry_gnn,perturbed_auprc,7n6n_A,,,,,,,0.41569272473665453,0.45129154296667945,-0.03559881823002492,,,,,,
base_v5,geometry_gnn,perturbed_auprc,7nlg_C,,,,,,,0.3271109246972894,0.5295695045695046,-0.20245857987221516,,,,,,
base_v5,geometry_gnn,perturbed_auprc,7o58_B,,,,,,,0.8292801124814776,0.6629812799985966,0.16629883248288102,,,,,,
base_v5,geometry_gnn,perturbed_auprc,7sj1_C,,,,,,,0.4658852781411746,0.34848527051999556,0.11740000762117903,,,,,,
base_v5,geometry_gnn,perturbed_auprc,7sp0_B,,,,,,,1.0,0.017857142857142856,0.9821428571428571,,,,,,
base_v5,geometry_gnn,perturbed_auprc,7vns_A,,,,,,,0.3863549499268197,0.14927776646582588,0.2370771834609938,,,,,,
base_v5,geometry_gnn,perturbed_auprc,8eip_B,,,,,,,0.6496415770609318,0.20621858792251427,0.4434229891384176,,,,,,
base_v5,geometry_gnn,perturbed_auprc,8eqo_B,,,,,,,0.45511964665825894,0.42094519538110137,0.03417445127715757,,,,,,
base_v5,geometry_gnn,perturbed_auprc,8f79_A,,,,,,,0.7577481810936562,0.7473475252254019,0.010400655868254227,,,,,,
base_v5,geometry_gnn,perturbed_auprc,8jce_G,,,,,,,0.25845124157362576,0.19322788555075787,0.06522335602286788,,,,,,
base_v5,geometry_gnn,perturbed_auprc,8ka0_C,,,,,,,0.6830820760715498,0.6667664879895496,0.016315588082000176,,,,,,
base_v5,geometry_gnn,perturbed_auprc,8r3c_A,,,,,,,0.48837488015340363,0.17050974752317033,0.3178651326302333,,,,,,
base_v5,geometry_gnn,perturbed_auprc,8t06_A,,,,,,,0.304490000486448,0.30759191007718334,-0.0031019095907353633,,,,,,
base_v5,geometry_gnn,perturbed_auprc,8up8_C,,,,,,,0.292335079973897,0.3521244176005491,-0.05978933762665206,,,,,,
base_v5,geometry_gnn,perturbed_auprc,8wkd_A,,,,,,,0.4651381020279811,0.5563553587934871,-0.09121725676550596,,,,,,
base_v5,geometry_gnn,perturbed_auprc,8x84_C,,,,,,,0.4893810559083164,0.6513945975044254,-0.16201354159610903,,,,,,
base_v5,geometry_gnn,perturbed_auprc,9bc6_C,,,,,,,0.3527197917904569,0.3306091752072041,0.022110616583252807,,,,,,
base_v5,geometry_gnn,perturbed_auprc,9cp9_B,,,,,,,0.15481458251344615,0.015474021737658585,0.13934056077578758,,,,,,
base_v5,geometry_gnn,perturbed_auprc,9hkm_C,,,,,,,0.3500768660556095,0.3570825622213098,-0.0070056961657002925,,,,,,
base_v5,geometry_gnn,perturbed_auprc,9j83_A,,,,,,,0.9304033035264607,0.9348596109783927,-0.004456307451931929,,,,,,
base_v5,geometry_gnn,perturbed_auprc,9m80_B,,,,,,,0.44420128174524687,0.35339584008166824,0.09080544166357862,,,,,,
base_v5,geometry_gnn,perturbed_auprc,9r2f_C,,,,,,,,,,,,,,,
base_v5,geometry_gnn,perturbed_auprc,9sd5_A,,,,,,,0.29644565022536384,0.31633328540610667,-0.019887635180742824,,,,,,
base_v5,geometry_gnn,perturbed_auprc,9swq_B,,,,,,,0.5986789016398075,0.6155678096842977,-0.01688890804449017,,,,,,
base_v5,geometry_gnn,perturbed_auprc,9va6_A,,,,,,,0.31198783134284896,0.4034021075753196,-0.09141427623247061,,,,,,
base_v5,geometry_gnn,derived_radius_mae,1ct1_E,,,,,,,,,,26.22122393282663,22.234438334591932,3.9867855982346967,,,
base_v5,geometry_gnn,derived_radius_mae,1gyr_C,,,,,,,,,,39.562649726867676,39.562649726867676,0.0,,,
base_v5,geometry_gnn,derived_radius_mae,1h7x_D,,,,,,,,,,80.03887315229936,80.03887315229936,0.0,,,
base_v5,geometry_gnn,derived_radius_mae,1ild_A,,,,,,,,,,32.0631103515625,32.0631103515625,0.0,,,
base_v5,geometry_gnn,derived_radius_mae,1jll_E,,,,,,,,,,31.290436137806285,52.85120912031694,-21.560772982510652,,,
base_v5,geometry_gnn,derived_radius_mae,1me5_B,,,,,,,,,,34.087395985921226,31.078006744384766,3.0093892415364607,,,
base_v5,geometry_gnn,derived_radius_mae,1mjy_A,,,,,,,,,,23.571336327937612,23.571336327937612,0.0,,,
base_v5,geometry_gnn,derived_radius_mae,1u5o_A,,,,,,,,,,8.679454061720106,4.505728933546278,4.173725128173828,,,
base_v5,geometry_gnn,derived_radius_mae,1vyd_B,,,,,,,,,,11.682313919067383,11.682313919067383,0.0,,,
base_v5,geometry_gnn,derived_radius_mae,1vzi_B,,,,,,,,,,16.99758849143982,16.99758849143982,0.0,,,
base_v5,geometry_gnn,derived_radius_mae,1y39_A,,,,,,,,,,0.0,0.0,0.0,,,
base_v5,geometry_gnn,derived_radius_mae,1z73_A,,,,,,,,,,0.0,0.0,0.0,,,
base_v5,geometry_gnn,derived_radius_mae,1z8u_A,,,,,,,,,,40.69789493083954,1.2494678497314418,39.44842708110809,,,
base_v5,geometry_gnn,derived_radius_mae,2a6x_B,,,,,,,,,,17.218212127685547,17.218212127685547,0.0,,,
base_v5,geometry_gnn,derived_radius_mae,2awi_L,,,,,,,,,,41.47215805053711,41.47215805053711,0.0,,,
base_v5,geometry_gnn,derived_radius_mae,2bek_D,,,,,,,,,,31.227688831753202,31.227688831753202,0.0,,,
base_v5,geometry_gnn,derived_radius_mae,2d5g_D,,,,,,,,,,22.99198627471924,5.465479850769043,17.526506423950195,,,
base_v5,geometry_gnn,derived_radius_mae,2eyp_A,,,,,,,,,,14.493084315595956,15.379317086318444,-0.8862327707224882,,,
base_v5,geometry_gnn,derived_radius_mae,2hlp_A,,,,,,,,,,43.031165418608175,32.24789970685221,10.783265711755966,,,
base_v5,geometry_gnn,derived_radius_mae,2o94_B,,,,,,,,,,28.4301016330719,23.988048315048218,4.442053318023682,,,
base_v5,geometry_gnn,derived_radius_mae,2ouv_B,,,,,,,,,,30.5053034695712,30.5053034695712,0.0,,,
base_v5,geometry_gnn,derived_radius_mae,2pp3_B,,,,,,,,,,40.51922728220622,41.932623291015624,-1.413396008809407,,,
base_v5,geometry_gnn,derived_radius_mae,2xhn_B,,,,,,,,,,0.0,0.0,0.0,,,
base_v5,geometry_gnn,derived_radius_mae,2ygp_A,,,,,,,,,,30.54112434387207,30.54112434387207,0.0,,,
base_v5,geometry_gnn,derived_radius_mae,3a9w_A,,,,,,,,,,27.943183263142902,27.943183263142902,0.0,,,
base_v5,geometry_gnn,derived_radius_mae,3ax3_A,,,,,,,,,,22.731449445088703,12.22829564412435,10.503153800964354,,,
base_v5,geometry_gnn,derived_radius_mae,3b8t_A,,,,,,,,,,25.997915074510395,24.78110186109003,1.216813213420366,,,
base_v5,geometry_gnn,derived_radius_mae,3cfh_B,,,,,,,,,,17.798782634735108,17.798782634735108,0.0,,,
base_v5,geometry_gnn,derived_radius_mae,3cyi_A,,,,,,,,,,16.565554089016384,29.79861217074924,-13.233058081732857,,,
base_v5,geometry_gnn,derived_radius_mae,3dl5_C,,,,,,,,,,16.4854181910816,21.194208371011836,-4.7087901799302365,,,
base_v5,geometry_gnn,derived_radius_mae,3e44_A,,,,,,,,,,46.82238006591797,46.82238006591797,0.0,,,
base_v5,geometry_gnn,derived_radius_mae,3g7j_B,,,,,,,,,,12.49513041973114,12.49513041973114,0.0,,,
base_v5,geometry_gnn,derived_radius_mae,3jtq_B,,,,,,,,,,25.843168258666992,25.843168258666992,0.0,,,
base_v5,geometry_gnn,derived_radius_mae,3lze_A,,,,,,,,,,50.91887664794922,0.0,50.91887664794922,,,
base_v5,geometry_gnn,derived_radius_mae,3m0o_B,,,,,,,,,,20.690383830992115,34.8729331874046,-14.182549356412483,,,
base_v5,geometry_gnn,derived_radius_mae,3o98_B,,,,,,,,,,42.439449310302734,42.439449310302734,0.0,,,
base_v5,geometry_gnn,derived_radius_mae,3pnv_A,,,,,,,,,,67.00126775105794,67.00126775105794,0.0,,,
base_v5,geometry_gnn,derived_radius_mae,3wfz_C,,,,,,,,,,41.76523303985596,41.76523303985596,0.0,,,
base_v5,geometry_gnn,derived_radius_mae,3x2y_C,,,,,,,,,,17.662153879801433,17.662153879801433,0.0,,,
base_v5,geometry_gnn,derived_radius_mae,3zwb_B,,,,,,,,,,49.847237723214285,49.847237723214285,0.0,,,
base_v5,geometry_gnn,derived_radius_mae,4bl2_B,,,,,,,,,,5.883495431197317,72.51850901151958,-66.63501358032227,,,
base_v5,geometry_gnn,derived_radius_mae,4cj8_I,,,,,,,,,,33.61017608642578,33.61017608642578,0.0,,,
base_v5,geometry_gnn,derived_radius_mae,4cv1_E,,,,,,,,,,31.12730160471081,35.24335373834122,-4.1160521336304114,,,
base_v5,geometry_gnn,derived_radius_mae,4dfx_E,,,,,,,,,,18.141690254211426,36.39386908213297,-18.252178827921547,,,
base_v5,geometry_gnn,derived_radius_mae,4f4m_D,,,,,,,,,,18.310216406117316,18.310216406117316,0.0,,,
base_v5,geometry_gnn,derived_radius_mae,4gvr_C,,,,,,,,,,13.69410228729248,21.827998797098797,-8.133896509806316,,,
base_v5,geometry_gnn,derived_radius_mae,4hgq_E,,,,,,,,,,15.087509373823801,24.832160731156666,-9.744651357332865,,,
base_v5,geometry_gnn,derived_radius_mae,4ok4_B,,,,,,,,,,44.203465938568115,44.203465938568115,0.0,,,
base_v5,geometry_gnn,derived_radius_mae,4p4h_A,,,,,,,,,,36.8932728767395,36.8932728767395,0.0,,,
base_v5,geometry_gnn,derived_radius_mae,4wef_A,,,,,,,,,,31.315160179138182,31.315160179138182,0.0,,,
base_v5,geometry_gnn,derived_radius_mae,4x88_A,,,,,,,,,,2.240385084441214,10.234942696311258,-7.994557611870044,,,
base_v5,geometry_gnn,derived_radius_mae,4xy5_A,,,,,,,,,,26.470184961954754,26.470184961954754,0.0,,,
base_v5,geometry_gnn,derived_radius_mae,5hgv_C,,,,,,,,,,14.587264060974121,23.316757202148438,-8.729493141174316,,,
base_v5,geometry_gnn,derived_radius_mae,5mdw_6,,,,,,,,,,11.302181243896484,11.302181243896484,0.0,,,
base_v5,geometry_gnn,derived_radius_mae,5tnf_C,,,,,,,,,,19.2394905949043,19.2394905949043,0.0,,,
base_v5,geometry_gnn,derived_radius_mae,5vec_B,,,,,,,,,,52.37406857808431,52.37406857808431,0.0,,,
base_v5,geometry_gnn,derived_radius_mae,5xuh_A,,,,,,,,,,23.93380355834961,23.93380355834961,0.0,,,
base_v5,geometry_gnn,derived_radius_mae,6a1v_A,,,,,,,,,,23.122143665949505,21.756475657224655,1.3656680087248496,,,
base_v5,geometry_gnn,derived_radius_mae,6bau_B,,,,,,,,,,8.02792485555013,8.02792485555013,0.0,,,
base_v5,geometry_gnn,derived_radius_mae,6bl6_B,,,,,,,,,,25.89215047308739,11.2610114888942,14.631138984193191,,,
base_v5,geometry_gnn,derived_radius_mae,6e2j_A,,,,,,,,,,0.5886077880859375,51.96764373779297,-51.37903594970703,,,
base_v5,geometry_gnn,derived_radius_mae,6ej6_A,,,,,,,,,,0.0,0.0,0.0,,,
base_v5,geometry_gnn,derived_radius_mae,6i7u_A,,,,,,,,,,45.484169006347656,45.484169006347656,0.0,,,
base_v5,geometry_gnn,derived_radius_mae,6k0q_A,,,,,,,,,,11.812048435211182,11.812048435211182,0.0,,,
base_v5,geometry_gnn,derived_radius_mae,6l7d_A,,,,,,,,,,34.66973231537173,31.453648711695816,3.2160836036759157,,,
base_v5,geometry_gnn,derived_radius_mae,6m4l_A,,,,,,,,,,36.23588180541992,36.23588180541992,0.0,,,
base_v5,geometry_gnn,derived_radius_mae,6o4b_G,,,,,,,,,,53.127310793411326,30.75814057962906,22.369170213782265,,,
base_v5,geometry_gnn,derived_radius_mae,6r6n_B,,,,,,,,,,24.782733917236328,24.782733917236328,0.0,,,
base_v5,geometry_gnn,derived_radius_mae,6uau_A,,,,,,,,,,26.013817469278973,26.013817469278973,0.0,,,
base_v5,geometry_gnn,derived_radius_mae,6zy0_A,,,,,,,,,,9.435430526733398,28.01908302307129,-18.58365249633789,,,
base_v5,geometry_gnn,derived_radius_mae,7bbx_A,,,,,,,,,,0.0,0.0,0.0,,,
base_v5,geometry_gnn,derived_radius_mae,7bxo_B,,,,,,,,,,26.726096066561613,27.966723203659058,-1.2406271370974444,,,
base_v5,geometry_gnn,derived_radius_mae,7dwo_B,,,,,,,,,,13.742589950561523,68.64007949829102,-54.89748954772949,,,
base_v5,geometry_gnn,derived_radius_mae,7m8h_C,,,,,,,,,,17.537354826927185,17.537354826927185,0.0,,,
base_v5,geometry_gnn,derived_radius_mae,7n6n_A,,,,,,,,,,28.33567015319512,44.95017790566132,-16.6145077524662,,,
base_v5,geometry_gnn,derived_radius_mae,7nlg_C,,,,,,,,,,2.919854300362723,19.534937722342356,-16.615083421979634,,,
base_v5,geometry_gnn,derived_radius_mae,7o58_B,,,,,,,,,,32.793346325556435,32.793346325556435,0.0,,,
base_v5,geometry_gnn,derived_radius_mae,7sj1_C,,,,,,,,,,0.0,19.72441530227661,-19.72441530227661,,,
base_v5,geometry_gnn,derived_radius_mae,7sp0_B,,,,,,,,,,0.0,56.826961517333984,-56.826961517333984,,,
base_v5,geometry_gnn,derived_radius_mae,7vns_A,,,,,,,,,,3.4188308715820317,22.53256058692932,-19.11372971534729,,,
base_v5,geometry_gnn,derived_radius_mae,8eip_B,,,,,,,,,,13.936768531799316,13.936768531799316,0.0,,,
base_v5,geometry_gnn,derived_radius_mae,8eqo_B,,,,,,,,,,17.24411379650411,28.52201687649068,-11.277903079986572,,,
base_v5,geometry_gnn,derived_radius_mae,8f79_A,,,,,,,,,,131.24072202046713,5.990395228068034,125.2503267923991,,,
base_v5,geometry_gnn,derived_radius_mae,8jce_G,,,,,,,,,,56.53575642903646,56.53575642903646,0.0,,,
base_v5,geometry_gnn,derived_radius_mae,8ka0_C,,,,,,,,,,50.01686096191406,0.0,50.01686096191406,,,
base_v5,geometry_gnn,derived_radius_mae,8r3c_A,,,,,,,,,,20.020714925130207,3.5686344401041676,16.452080485026038,,,
base_v5,geometry_gnn,derived_radius_mae,8t06_A,,,,,,,,,,33.49544906616211,33.49544906616211,0.0,,,
base_v5,geometry_gnn,derived_radius_mae,8up8_C,,,,,,,,,,15.527965545654297,18.71684398651123,-3.188878440856932,,,
base_v5,geometry_gnn,derived_radius_mae,8wkd_A,,,,,,,,,,39.22949421405792,39.22949421405792,0.0,,,
base_v5,geometry_gnn,derived_radius_mae,8x84_C,,,,,,,,,,30.234486937522888,30.234486937522888,0.0,,,
base_v5,geometry_gnn,derived_radius_mae,9bc6_C,,,,,,,,,,1.589249610900879,6.796688079833984,-5.2074384689331055,,,
base_v5,geometry_gnn,derived_radius_mae,9cp9_B,,,,,,,,,,32.01237678527832,32.01237678527832,0.0,,,
base_v5,geometry_gnn,derived_radius_mae,9hkm_C,,,,,,,,,,48.152000427246094,0.0,48.152000427246094,,,
base_v5,geometry_gnn,derived_radius_mae,9j83_A,,,,,,,,,,3.1034088134765625,2.4045028686523438,0.6989059448242188,,,
base_v5,geometry_gnn,derived_radius_mae,9m80_B,,,,,,,,,,52.29926013946533,52.29926013946533,0.0,,,
base_v5,geometry_gnn,derived_radius_mae,9r2f_C,,,,,,,,,,2.5916116502549915,8.15322960747613,-5.561617957221138,,,
base_v5,geometry_gnn,derived_radius_mae,9sd5_A,,,,,,,,,,52.14410018920898,1.0237617492675712,51.120338439941406,,,
base_v5,geometry_gnn,derived_radius_mae,9swq_B,,,,,,,,,,40.45744609832764,5.626520156860352,34.830925941467285,,,
base_v5,geometry_gnn,derived_radius_mae,9va6_A,,,,,,,,,,31.261920928955085,31.261920928955085,0.0,,,
base_v5,geometry_gnn,derived_class_macro_f1,1ct1_E,,,,,,,,,,,,,0.003952569169960474,0.2426877470355731,-0.23873517786561263
base_v5,geometry_gnn,derived_class_macro_f1,1gyr_C,,,,,,,,,,,,,0.0,0.0,0.0
base_v5,geometry_gnn,derived_class_macro_f1,1h7x_D,,,,,,,,,,,,,0.09090909090909091,0.09090909090909091,0.0
base_v5,geometry_gnn,derived_class_macro_f1,1ild_A,,,,,,,,,,,,,0.0,0.0,0.0
base_v5,geometry_gnn,derived_class_macro_f1,1jll_E,,,,,,,,,,,,,0.9090909090909091,0.0,0.9090909090909091
base_v5,geometry_gnn,derived_class_macro_f1,1me5_B,,,,,,,,,,,,,0.0,0.3333333333333333,-0.3333333333333333
base_v5,geometry_gnn,derived_class_macro_f1,1mjy_A,,,,,,,,,,,,,0.0,0.0,0.0
base_v5,geometry_gnn,derived_class_macro_f1,1u5o_A,,,,,,,,,,,,,0.5555555555555556,0.7777777777777778,-0.2222222222222222
base_v5,geometry_gnn,derived_class_macro_f1,1vyd_B,,,,,,,,,,,,,0.5,0.5,0.0
base_v5,geometry_gnn,derived_class_macro_f1,1vzi_B,,,,,,,,,,,,,0.35,0.35,0.0
base_v5,geometry_gnn,derived_class_macro_f1,1y39_A,,,,,,,,,,,,,0.0,0.0,0.0
base_v5,geometry_gnn,derived_class_macro_f1,1z73_A,,,,,,,,,,,,,1.0,1.0,0.0
base_v5,geometry_gnn,derived_class_macro_f1,1z8u_A,,,,,,,,,,,,,0.0,1.0,-1.0
base_v5,geometry_gnn,derived_class_macro_f1,2a6x_B,,,,,,,,,,,,,0.0,0.0,0.0
base_v5,geometry_gnn,derived_class_macro_f1,2awi_L,,,,,,,,,,,,,0.0,0.0,0.0
base_v5,geometry_gnn,derived_class_macro_f1,2bek_D,,,,,,,,,,,,,0.011111111111111112,0.011111111111111112,0.0
base_v5,geometry_gnn,derived_class_macro_f1,2d5g_D,,,,,,,,,,,,,0.0,1.0,-1.0
base_v5,geometry_gnn,derived_class_macro_f1,2eyp_A,,,,,,,,,,,,,0.39655172413793105,0.29310344827586204,0.103448275862069
base_v5,geometry_gnn,derived_class_macro_f1,2hlp_A,,,,,,,,,,,,,0.043782837127845885,0.9176882661996497,-0.8739054290718038
base_v5,geometry_gnn,derived_class_macro_f1,2o94_B,,,,,,,,,,,,,0.375,0.625,-0.25
base_v5,geometry_gnn,derived_class_macro_f1,2ouv_B,,,,,,,,,,,,,0.045454545454545456,0.045454545454545456,0.0
base_v5,geometry_gnn,derived_class_macro_f1,2pp3_B,,,,,,,,,,,,,0.0,0.4,-0.4
base_v5,geometry_gnn,derived_class_macro_f1,2xhn_B,,,,,,,,,,,,,1.0,1.0,0.0
base_v5,geometry_gnn,derived_class_macro_f1,2ygp_A,,,,,,,,,,,,,0.0,0.0,0.0
base_v5,geometry_gnn,derived_class_macro_f1,3a9w_A,,,,,,,,,,,,,0.0,0.0,0.0
base_v5,geometry_gnn,derived_class_macro_f1,3ax3_A,,,,,,,,,,,,,0.0,0.6666666666666666,-0.6666666666666666
base_v5,geometry_gnn,derived_class_macro_f1,3b8t_A,,,,,,,,,,,,,0.2830188679245283,0.33962264150943394,-0.05660377358490565
base_v5,geometry_gnn,derived_class_macro_f1,3cfh_B,,,,,,,,,,,,,0.375,0.0,0.375
base_v5,geometry_gnn,derived_class_macro_f1,3cyi_A,,,,,,,,,,,,,0.7777777777777778,0.0,0.7777777777777778
base_v5,geometry_gnn,derived_class_macro_f1,3dl5_C,,,,,,,,,,,,,0.7631578947368421,0.9868421052631579,-0.2236842105263157
base_v5,geometry_gnn,derived_class_macro_f1,3e44_A,,,,,,,,,,,,,0.0,0.0,0.0
base_v5,geometry_gnn,derived_class_macro_f1,3g7j_B,,,,,,,,,,,,,0.5,0.5625,-0.0625
base_v5,geometry_gnn,derived_class_macro_f1,3jtq_B,,,,,,,,,,,,,0.5,0.5,0.0
base_v5,geometry_gnn,derived_class_macro_f1,3lze_A,,,,,,,,,,,,,0.0,0.0,0.0
base_v5,geometry_gnn,derived_class_macro_f1,3m0o_B,,,,,,,,,,,,,0.453781512605042,0.16806722689075632,0.2857142857142857
base_v5,geometry_gnn,derived_class_macro_f1,3o98_B,,,,,,,,,,,,,0.0,0.0,0.0
base_v5,geometry_gnn,derived_class_macro_f1,3pnv_A,,,,,,,,,,,,,0.0,0.0,0.0
base_v5,geometry_gnn,derived_class_macro_f1,3wfz_C,,,,,,,,,,,,,0.0,0.0,0.0
base_v5,geometry_gnn,derived_class_macro_f1,3x2y_C,,,,,,,,,,,,,0.0,0.2777777777777778,-0.2777777777777778
base_v5,geometry_gnn,derived_class_macro_f1,3zwb_B,,,,,,,,,,,,,0.0,0.0,0.0
base_v5,geometry_gnn,derived_class_macro_f1,4bl2_B,,,,,,,,,,,,,1.0,0.18421052631578946,0.8157894736842105
base_v5,geometry_gnn,derived_class_macro_f1,4cj8_I,,,,,,,,,,,,,0.0,0.0,0.0
base_v5,geometry_gnn,derived_class_macro_f1,4cv1_E,,,,,,,,,,,,,0.25920542635658916,0.005329457364341085,0.25387596899224807
base_v5,geometry_gnn,derived_class_macro_f1,4dfx_E,,,,,,,,,,,,,1.0,0.0,1.0
base_v5,geometry_gnn,derived_class_macro_f1,4f4m_D,,,,,,,,,,,,,0.17391304347826086,0.21739130434782608,-0.043478260869565216
base_v5,geometry_gnn,derived_class_macro_f1,4gvr_C,,,,,,,,,,,,,0.7777777777777778,0.2222222222222222,0.5555555555555556
base_v5,geometry_gnn,derived_class_macro_f1,4hgq_E,,,,,,,,,,,,,0.6875,0.0,0.6875
base_v5,geometry_gnn,derived_class_macro_f1,4ok4_B,,,,,,,,,,,,,0.125,0.125,0.0
base_v5,geometry_gnn,derived_class_macro_f1,4p4h_A,,,,,,,,,,,,,0.0,0.0,0.0
base_v5,geometry_gnn,derived_class_macro_f1,4wef_A,,,,,,,,,,,,,0.15,0.15,0.0
base_v5,geometry_gnn,derived_class_macro_f1,4x88_A,,,,,,,,,,,,,0.9242424242424242,0.07575757575757576,0.8484848484848484
base_v5,geometry_gnn,derived_class_macro_f1,4xy5_A,,,,,,,,,,,,,0.0,0.0,0.0
base_v5,geometry_gnn,derived_class_macro_f1,5hgv_C,,,,,,,,,,,,,0.75,0.25,0.5
base_v5,geometry_gnn,derived_class_macro_f1,5mdw_6,,,,,,,,,,,,,1.0,1.0,0.0
base_v5,geometry_gnn,derived_class_macro_f1,5tnf_C,,,,,,,,,,,,,0.2319915254237288,0.2319915254237288,0.0
base_v5,geometry_gnn,derived_class_macro_f1,5vec_B,,,,,,,,,,,,,0.0,0.0,0.0
base_v5,geometry_gnn,derived_class_macro_f1,5xuh_A,,,,,,,,,,,,,0.0,0.0,0.0
base_v5,geometry_gnn,derived_class_macro_f1,6a1v_A,,,,,,,,,,,,,0.22916666666666666,0.125,0.10416666666666666
base_v5,geometry_gnn,derived_class_macro_f1,6bau_B,,,,,,,,,,,,,0.0,0.75,-0.75
base_v5,geometry_gnn,derived_class_macro_f1,6bl6_B,,,,,,,,,,,,,0.851063829787234,0.9361702127659575,-0.08510638297872342
base_v5,geometry_gnn,derived_class_macro_f1,6e2j_A,,,,,,,,,,,,,1.0,1.0,0.0
base_v5,geometry_gnn,derived_class_macro_f1,6ej6_A,,,,,,,,,,,,,0.0,1.0,-1.0
base_v5,geometry_gnn,derived_class_macro_f1,6i7u_A,,,,,,,,,,,,,0.0,0.0,0.0
base_v5,geometry_gnn,derived_class_macro_f1,6k0q_A,,,,,,,,,,,,,0.5,0.5,0.0
base_v5,geometry_gnn,derived_class_macro_f1,6l7d_A,,,,,,,,,,,,,0.0,0.1111111111111111,-0.1111111111111111
base_v5,geometry_gnn,derived_class_macro_f1,6m4l_A,,,,,,,,,,,,,0.0,0.0,0.0
base_v5,geometry_gnn,derived_class_macro_f1,6o4b_G,,,,,,,,,,,,,0.04830917874396135,0.5342995169082125,-0.4859903381642512
base_v5,geometry_gnn,derived_class_macro_f1,6r6n_B,,,,,,,,,,,,,0.0,0.0,0.0
base_v5,geometry_gnn,derived_class_macro_f1,6uau_A,,,,,,,,,,,,,0.0,0.0,0.0
base_v5,geometry_gnn,derived_class_macro_f1,6zy0_A,,,,,,,,,,,,,1.0,0.0,1.0
base_v5,geometry_gnn,derived_class_macro_f1,7bbx_A,,,,,,,,,,,,,0.0,1.0,-1.0
base_v5,geometry_gnn,derived_class_macro_f1,7bxo_B,,,,,,,,,,,,,0.18181818181818182,0.0,0.18181818181818182
base_v5,geometry_gnn,derived_class_macro_f1,7dwo_B,,,,,,,,,,,,,0.0,0.0,0.0
base_v5,geometry_gnn,derived_class_macro_f1,7m8h_C,,,,,,,,,,,,,0.4375,0.4375,0.0
base_v5,geometry_gnn,derived_class_macro_f1,7n6n_A,,,,,,,,,,,,,0.5088289019687436,0.08040727961572289,0.4284216223530207
base_v5,geometry_gnn,derived_class_macro_f1,7nlg_C,,,,,,,,,,,,,0.8571428571428571,0.0,0.8571428571428571
base_v5,geometry_gnn,derived_class_macro_f1,7o58_B,,,,,,,,,,,,,0.125,0.125,0.0
base_v5,geometry_gnn,derived_class_macro_f1,7sj1_C,,,,,,,,,,,,,1.0,1.0,0.0
base_v5,geometry_gnn,derived_class_macro_f1,7sp0_B,,,,,,,,,,,,,1.0,0.0,1.0
base_v5,geometry_gnn,derived_class_macro_f1,7vns_A,,,,,,,,,,,,,0.5,0.0,0.5
base_v5,geometry_gnn,derived_class_macro_f1,8eip_B,,,,,,,,,,,,,0.5,0.5,0.0
base_v5,geometry_gnn,derived_class_macro_f1,8eqo_B,,,,,,,,,,,,,0.42021625163827,0.015235910878112713,0.40498034076015726
base_v5,geometry_gnn,derived_class_macro_f1,8f79_A,,,,,,,,,,,,,0.0,1.0,-1.0
base_v5,geometry_gnn,derived_class_macro_f1,8jce_G,,,,,,,,,,,,,0.0,0.0,0.0
base_v5,geometry_gnn,derived_class_macro_f1,8ka0_C,,,,,,,,,,,,,0.0,1.0,-1.0
base_v5,geometry_gnn,derived_class_macro_f1,8r3c_A,,,,,,,,,,,,,0.006666666666666667,0.9933333333333333,-0.9866666666666666
base_v5,geometry_gnn,derived_class_macro_f1,8t06_A,,,,,,,,,,,,,0.0,0.0,0.0
base_v5,geometry_gnn,derived_class_macro_f1,8up8_C,,,,,,,,,,,,,0.0,0.4,-0.4
base_v5,geometry_gnn,derived_class_macro_f1,8wkd_A,,,,,,,,,,,,,0.0,0.0,0.0
base_v5,geometry_gnn,derived_class_macro_f1,8x84_C,,,,,,,,,,,,,1.0,1.0,0.0
base_v5,geometry_gnn,derived_class_macro_f1,9bc6_C,,,,,,,,,,,,,1.0,1.0,0.0
base_v5,geometry_gnn,derived_class_macro_f1,9cp9_B,,,,,,,,,,,,,0.0,0.0,0.0
base_v5,geometry_gnn,derived_class_macro_f1,9hkm_C,,,,,,,,,,,,,0.0,1.0,-1.0
base_v5,geometry_gnn,derived_class_macro_f1,9j83_A,,,,,,,,,,,,,1.0,1.0,0.0
base_v5,geometry_gnn,derived_class_macro_f1,9m80_B,,,,,,,,,,,,,0.0,0.0,0.0
base_v5,geometry_gnn,derived_class_macro_f1,9r2f_C,,,,,,,,,,,,,1.0,1.0,0.0
base_v5,geometry_gnn,derived_class_macro_f1,9sd5_A,,,,,,,,,,,,,0.0,1.0,-1.0
base_v5,geometry_gnn,derived_class_macro_f1,9swq_B,,,,,,,,,,,,,1.0,1.0,0.0
base_v5,geometry_gnn,derived_class_macro_f1,9va6_A,,,,,,,,,,,,,0.0,0.0,0.0
base_v5,coordinate_residual,global_mae,1ct1_E,0.2773535816057411,0.41238647619270463,-0.13503289458696355,,,,,,,,,,,,
base_v5,coordinate_residual,global_mae,1gyr_C,0.3646523220836434,0.4967245390911624,-0.13207221700751898,,,,,,,,,,,,
base_v5,coordinate_residual,global_mae,1h7x_D,0.18513522668236604,0.2147956322640652,-0.029660405581699162,,,,,,,,,,,,
base_v5,coordinate_residual,global_mae,1ild_A,0.15970983367833647,0.16524291694425192,-0.0055330832659154505,,,,,,,,,,,,
base_v5,coordinate_residual,global_mae,1jll_E,0.22554619104010712,0.4042021806358594,-0.17865598959575227,,,,,,,,,,,,
base_v5,coordinate_residual,global_mae,1me5_B,0.2598359432817941,0.42556686420352535,-0.16573092092173125,,,,,,,,,,,,
base_v5,coordinate_residual,global_mae,1mjy_A,0.39436258041871747,0.49646527412868013,-0.10210269370996267,,,,,,,,,,,,
base_v5,coordinate_residual,global_mae,1u5o_A,0.3115856679339157,0.4308406564684398,-0.1192549885345241,,,,,,,,,,,,
base_v5,coordinate_residual,global_mae,1vyd_B,0.14097670481363633,0.14422995976477476,-0.003253254951138429,,,,,,,,,,,,
base_v5,coordinate_residual,global_mae,1vzi_B,0.18632298683961854,0.15114889435237272,0.03517409248724582,,,,,,,,,,,,
base_v5,coordinate_residual,global_mae,1y39_A,0.2109787290462771,0.1788319985105379,0.03214673053573919,,,,,,,,,,,,
base_v5,coordinate_residual,global_mae,1z73_A,0.06641552078324449,0.08459726142337973,-0.01818174064013524,,,,,,,,,,,,
base_v5,coordinate_residual,global_mae,1z8u_A,0.2822472388493932,0.4434724591206759,-0.16122522027128272,,,,,,,,,,,,
base_v5,coordinate_residual,global_mae,2a6x_B,0.16920783346068097,0.1697012928556906,-0.0004934593950096378,,,,,,,,,,,,
base_v5,coordinate_residual,global_mae,2awi_L,0.2255493866764519,0.3508433724715285,-0.1252939857950766,,,,,,,,,,,,
base_v5,coordinate_residual,global_mae,2bek_D,0.17516712583325134,0.2871237976665284,-0.11195667183327707,,,,,,,,,,,,
base_v5,coordinate_residual,global_mae,2d5g_D,0.27948298327714566,0.45117666179606,-0.17169367851891432,,,,,,,,,,,,
base_v5,coordinate_residual,global_mae,2eyp_A,0.19452737293423103,0.19207812100287766,0.002449251931353369,,,,,,,,,,,,
base_v5,coordinate_residual,global_mae,2hlp_A,0.31801972003764456,0.42791097966991287,-0.10989125963226831,,,,,,,,,,,,
base_v5,coordinate_residual,global_mae,2o94_B,0.2224696957410368,0.2567344420925057,-0.03426474635146887,,,,,,,,,,,,
base_v5,coordinate_residual,global_mae,2ouv_B,0.19517570462503883,0.29078407715340854,-0.0956083725283697,,,,,,,,,,,,
base_v5,coordinate_residual,global_mae,2pp3_B,0.11384525143993303,0.09348257260011973,0.020362678839813297,,,,,,,,,,,,
base_v5,coordinate_residual,global_mae,2xhn_B,0.13406192656518437,0.0423310087447414,0.09173091782044297,,,,,,,,,,,,
base_v5,coordinate_residual,global_mae,2ygp_A,0.2289951940109932,0.11199688572629259,0.1169983082847006,,,,,,,,,,,,
base_v5,coordinate_residual,global_mae,3a9w_A,0.1395984046544669,0.12390782973981514,0.01569057491465177,,,,,,,,,,,,
base_v5,coordinate_residual,global_mae,3ax3_A,0.666376341360085,0.9131513341245325,-0.2467749927644476,,,,,,,,,,,,
base_v5,coordinate_residual,global_mae,3b8t_A,0.12208701594584816,0.12147159642402248,0.0006154195218256719,,,,,,,,,,,,
base_v5,coordinate_residual,global_mae,3cfh_B,0.12510215774407757,0.1211131463351011,0.0039890114089764644,,,,,,,,,,,,
base_v5,coordinate_residual,global_mae,3cyi_A,2.2016246515526396,2.498896399280782,-0.29727174772814235,,,,,,,,,,,,
base_v5,coordinate_residual,global_mae,3dl5_C,0.22750206837714657,0.30072796095409027,-0.0732258925769437,,,,,,,,,,,,
base_v5,coordinate_residual,global_mae,3e44_A,0.6680758691503252,0.8366651752206732,-0.16858930607034794,,,,,,,,,,,,
base_v5,coordinate_residual,global_mae,3g7j_B,0.1579529561543645,0.14386403757491611,0.014088918579448384,,,,,,,,,,,,
base_v5,coordinate_residual,global_mae,3jtq_B,0.10887245888379313,0.13204135251466997,-0.023168893630876847,,,,,,,,,,,,
base_v5,coordinate_residual,global_mae,3lze_A,0.37830967451245784,0.1391628603241454,0.23914681418831243,,,,,,,,,,,,
base_v5,coordinate_residual,global_mae,3m0o_B,0.13532201675194958,0.1442930145167855,-0.008970997764835925,,,,,,,,,,,,
base_v5,coordinate_residual,global_mae,3o98_B,0.14449740752614848,0.23409589350217364,-0.08959848597602516,,,,,,,,,,,,
base_v5,coordinate_residual,global_mae,3pnv_A,0.607757563176388,0.7576256268405542,-0.14986806366416627,,,,,,,,,,,,
base_v5,coordinate_residual,global_mae,3wfz_C,0.1075864451297589,0.15331698797272278,-0.04573054284296388,,,,,,,,,,,,
base_v5,coordinate_residual,global_mae,3x2y_C,0.22677185228771413,0.32223481065671156,-0.09546295836899743,,,,,,,,,,,,
base_v5,coordinate_residual,global_mae,3zwb_B,0.1983591088345334,0.34891282105983434,-0.15055371222530095,,,,,,,,,,,,
base_v5,coordinate_residual,global_mae,4bl2_B,0.584999478793932,0.7311920649671183,-0.1461925861731863,,,,,,,,,,,,
base_v5,coordinate_residual,global_mae,4cj8_I,0.3564385893049752,0.5604332875355912,-0.203994698230616,,,,,,,,,,,,
base_v5,coordinate_residual,global_mae,4cv1_E,0.37975315782082864,0.5008657527249502,-0.12111259490412152,,,,,,,,,,,,
base_v5,coordinate_residual,global_mae,4dfx_E,0.2898443682722239,0.20985637501769636,0.07998799325452752,,,,,,,,,,,,
base_v5,coordinate_residual,global_mae,4f4m_D,0.20020841111311807,0.27415153076818044,-0.07394311965506237,,,,,,,,,,,,
base_v5,coordinate_residual,global_mae,4gvr_C,0.3212424949851262,0.3768533593426398,-0.05561086435751361,,,,,,,,,,,,
base_v5,coordinate_residual,global_mae,4hgq_E,0.2732562752530427,0.15312422322457997,0.12013205202846272,,,,,,,,,,,,
base_v5,coordinate_residual,global_mae,4ok4_B,0.23306438645586205,0.28730004297105527,-0.054235656515193215,,,,,,,,,,,,
base_v5,coordinate_residual,global_mae,4p4h_A,0.38567433642481075,0.5627773179600828,-0.17710298153527204,,,,,,,,,,,,
base_v5,coordinate_residual,global_mae,4wef_A,0.1732691669003636,0.2553566857800752,-0.08208751887971161,,,,,,,,,,,,
base_v5,coordinate_residual,global_mae,4x88_A,0.14920851065491764,0.16614117877279366,-0.016932668117876026,,,,,,,,,,,,
base_v5,coordinate_residual,global_mae,4xy5_A,0.11527890528195613,0.16216281747455727,-0.04688391219260114,,,,,,,,,,,,
base_v5,coordinate_residual,global_mae,5hgv_C,0.23305079830615874,0.061434248295558394,0.17161655001060033,,,,,,,,,,,,
base_v5,coordinate_residual,global_mae,5mdw_6,0.34166685526724905,0.6377346821536776,-0.2960678268864285,,,,,,,,,,,,
base_v5,coordinate_residual,global_mae,5tnf_C,0.11320378969898846,0.16746658750240445,-0.05426279780341599,,,,,,,,,,,,
base_v5,coordinate_residual,global_mae,5vec_B,0.14456858636836695,0.18756641601195811,-0.04299782964359117,,,,,,,,,,,,
base_v5,coordinate_residual,global_mae,5xuh_A,0.5760296253363292,0.7345359469999869,-0.15850632166365775,,,,,,,,,,,,
base_v5,coordinate_residual,global_mae,6a1v_A,0.22020014407853314,0.24305242395100723,-0.022852279872474096,,,,,,,,,,,,
base_v5,coordinate_residual,global_mae,6bau_B,0.20071101557650584,0.13664599653566256,0.06406501904084327,,,,,,,,,,,,
base_v5,coordinate_residual,global_mae,6bl6_B,1.496539377481055,1.7211702767048647,-0.22463089922380974,,,,,,,,,,,,
base_v5,coordinate_residual,global_mae,6e2j_A,0.35938112904256747,0.5751227945367866,-0.21574166549421914,,,,,,,,,,,,
base_v5,coordinate_residual,global_mae,6ej6_A,0.12171006549640999,0.04943368681962346,0.07227637867678653,,,,,,,,,,,,
base_v5,coordinate_residual,global_mae,6i7u_A,0.24966517722694784,0.30060643671701354,-0.0509412594900657,,,,,,,,,,,,
base_v5,coordinate_residual,global_mae,6k0q_A,0.11887270909598079,0.06347798402370154,0.055394725072279244,,,,,,,,,,,,
base_v5,coordinate_residual,global_mae,6l7d_A,0.3692663837677002,0.4920001310516285,-0.12273374728392827,,,,,,,,,,,,
base_v5,coordinate_residual,global_mae,6m4l_A,0.1165020644773669,0.1528287499188023,-0.0363266854414354,,,,,,,,,,,,
base_v5,coordinate_residual,global_mae,6o4b_G,0.3181105623589912,0.41720250905551753,-0.09909194669652632,,,,,,,,,,,,
base_v5,coordinate_residual,global_mae,6r6n_B,0.1186655711568892,0.19817272743210196,-0.07950715627521276,,,,,,,,,,,,
base_v5,coordinate_residual,global_mae,6uau_A,0.10585406285814973,0.2052914098672888,-0.09943734700913907,,,,,,,,,,,,
base_v5,coordinate_residual,global_mae,6zy0_A,0.10935278160872201,0.10128665308716485,0.008066128521557164,,,,,,,,,,,,
base_v5,coordinate_residual,global_mae,7bbx_A,0.3022926254780032,0.05817337838049174,0.24411924709751143,,,,,,,,,,,,
base_v5,coordinate_residual,global_mae,7bxo_B,0.33140145483440453,0.5086520578643099,-0.17725060302990536,,,,,,,,,,,,
base_v5,coordinate_residual,global_mae,7dwo_B,1.6817211286477387,2.010128794233187,-0.3284076655854484,,,,,,,,,,,,
base_v5,coordinate_residual,global_mae,7m8h_C,0.15242819164020957,0.1084636441949374,0.04396454744527217,,,,,,,,,,,,
base_v5,coordinate_residual,global_mae,7n6n_A,0.47928447139671065,0.6767535817489111,-0.19746911035220044,,,,,,,,,,,,
base_v5,coordinate_residual,global_mae,7nlg_C,0.1969653345447098,0.26356517726130824,-0.06659984271659844,,,,,,,,,,,,
base_v5,coordinate_residual,global_mae,7o58_B,0.838045751018682,0.9644628938599541,-0.12641714284127215,,,,,,,,,,,,
base_v5,coordinate_residual,global_mae,7sj1_C,0.5855085484027787,0.9372623324001027,-0.35175378399732404,,,,,,,,,,,,
base_v5,coordinate_residual,global_mae,7sp0_B,0.22377520304967147,0.14009593472983994,0.08367926831983152,,,,,,,,,,,,
base_v5,coordinate_residual,global_mae,7vns_A,0.25772351983964953,0.28788095618771753,-0.030157436348068,,,,,,,,,,,,
base_v5,coordinate_residual,global_mae,8eip_B,0.11624156235966236,0.1493624159685733,-0.03312085360891094,,,,,,,,,,,,
base_v5,coordinate_residual,global_mae,8eqo_B,0.43725983768684534,0.6275872501954982,-0.19032741250865287,,,,,,,,,,,,
base_v5,coordinate_residual,global_mae,8f79_A,1.8473180905251987,2.1188794021182247,-0.271561311593026,,,,,,,,,,,,
base_v5,coordinate_residual,global_mae,8jce_G,0.1505736293622286,0.23457711245001298,-0.08400348308778438,,,,,,,,,,,,
base_v5,coordinate_residual,global_mae,8ka0_C,0.7364720822254449,1.019715794009145,-0.2832437117837001,,,,,,,,,,,,
base_v5,coordinate_residual,global_mae,8r3c_A,0.18723240817210088,0.18929684785683476,-0.002064439684733882,,,,,,,,,,,,
base_v5,coordinate_residual,global_mae,8t06_A,0.252083155249325,0.34373985649549854,-0.09165670124617353,,,,,,,,,,,,
base_v5,coordinate_residual,global_mae,8up8_C,0.19189950744478615,0.22342702649887994,-0.03152751905409379,,,,,,,,,,,,
base_v5,coordinate_residual,global_mae,8wkd_A,0.5407187705859542,0.8191741067372884,-0.2784553361513342,,,,,,,,,,,,
base_v5,coordinate_residual,global_mae,8x84_C,0.2788792166836301,0.31745724404032716,-0.038578027356697076,,,,,,,,,,,,
base_v5,coordinate_residual,global_mae,9bc6_C,0.5078691858220999,0.7024156276773073,-0.1945464418552073,,,,,,,,,,,,
base_v5,coordinate_residual,global_mae,9cp9_B,0.11530324536932855,0.1316383023852193,-0.01633505701589076,,,,,,,,,,,,
base_v5,coordinate_residual,global_mae,9hkm_C,0.5177179713747252,0.6606213604658482,-0.142903389091123,,,,,,,,,,,,
base_v5,coordinate_residual,global_mae,9j83_A,2.187089989350049,2.7840370160355223,-0.5969470266854735,,,,,,,,,,,,
base_v5,coordinate_residual,global_mae,9m80_B,0.3900951056492751,0.5177778590177564,-0.12768275336848134,,,,,,,,,,,,
base_v5,coordinate_residual,global_mae,9r2f_C,7.49932209374728,8.17150738513396,-0.6721852913866799,,,,,,,,,,,,
base_v5,coordinate_residual,global_mae,9sd5_A,0.11746324800802042,0.1573047032525475,-0.03984145524452708,,,,,,,,,,,,
base_v5,coordinate_residual,global_mae,9swq_B,0.8965268671698288,1.1543255688773462,-0.2577987017075174,,,,,,,,,,,,
base_v5,coordinate_residual,global_mae,9va6_A,0.49435491479481714,0.674378429635456,-0.1800235148406389,,,,,,,,,,,,
base_v5,coordinate_residual,shell_mae,1ct1_E,,,,0.4968122218967269,0.6249518290287914,-0.12813960713206451,,,,,,,,,
base_v5,coordinate_residual,shell_mae,1gyr_C,,,,0.2820777465948358,0.45784690630544406,-0.17576915971060825,,,,,,,,,
base_v5,coordinate_residual,shell_mae,1h7x_D,,,,0.8701647105429514,0.913932357175695,-0.04376764663274357,,,,,,,,,
base_v5,coordinate_residual,shell_mae,1ild_A,,,,0.1738051065133128,0.13287024991215296,0.040934856601159836,,,,,,,,,
base_v5,coordinate_residual,shell_mae,1jll_E,,,,0.1534827544201841,0.28284050511666897,-0.12935775069648486,,,,,,,,,
base_v5,coordinate_residual,shell_mae,1me5_B,,,,0.2196646446239613,0.37967889904378316,-0.16001425441982187,,,,,,,,,
base_v5,coordinate_residual,shell_mae,1mjy_A,,,,0.39776347062248985,0.5156562458715691,-0.11789277524907926,,,,,,,,,
base_v5,coordinate_residual,shell_mae,1u5o_A,,,,0.29191689444976643,0.339253166258573,-0.04733627180880656,,,,,,,,,
base_v5,coordinate_residual,shell_mae,1vyd_B,,,,0.16618743950326356,0.1802469446049165,-0.014059505101652936,,,,,,,,,
base_v5,coordinate_residual,shell_mae,1vzi_B,,,,0.1775257520251315,0.11541717329991844,0.062108578725213054,,,,,,,,,
base_v5,coordinate_residual,shell_mae,1y39_A,,,,0.269830314139379,0.2584184824991241,0.011411831640254944,,,,,,,,,
base_v5,coordinate_residual,shell_mae,1z73_A,,,,0.06511828056044752,0.0853390203588433,-0.02022073979839578,,,,,,,,,
base_v5,coordinate_residual,shell_mae,1z8u_A,,,,0.7766606972471851,1.087655310458301,-0.310994613211116,,,,,,,,,
base_v5,coordinate_residual,shell_mae,2a6x_B,,,,0.16230971750463266,0.2126820642953257,-0.05037234679069305,,,,,,,,,
base_v5,coordinate_residual,shell_mae,2awi_L,,,,0.16126686557718434,0.23578081771406909,-0.07451395213688475,,,,,,,,,
base_v5,coordinate_residual,shell_mae,2bek_D,,,,0.15665759027387216,0.24343406788109453,-0.08677647760722237,,,,,,,,,
base_v5,coordinate_residual,shell_mae,2d5g_D,,,,0.21685364402703242,0.37683621486171315,-0.15998257083468073,,,,,,,,,
base_v5,coordinate_residual,shell_mae,2eyp_A,,,,0.17629325654856423,0.16850423769463677,0.007789018853927465,,,,,,,,,
base_v5,coordinate_residual,shell_mae,2hlp_A,,,,0.28514007248408674,0.382225325226263,-0.09708525274217628,,,,,,,,,
base_v5,coordinate_residual,shell_mae,2o94_B,,,,0.19750983527533064,0.2703674777785335,-0.07285764250320284,,,,,,,,,
base_v5,coordinate_residual,shell_mae,2ouv_B,,,,0.17342363215499018,0.16440374301878596,0.009019889136204218,,,,,,,,,
base_v5,coordinate_residual,shell_mae,2pp3_B,,,,0.1709706360460029,0.07762993178437787,0.09334070426162504,,,,,,,,,
base_v5,coordinate_residual,shell_mae,2xhn_B,,,,0.11842343071904537,0.044093549558291534,0.07432988116075384,,,,,,,,,
base_v5,coordinate_residual,shell_mae,2ygp_A,,,,0.1968644907510001,0.20825287983474622,-0.01138838908374612,,,,,,,,,
base_v5,coordinate_residual,shell_mae,3a9w_A,,,,0.13975069539714768,0.09877661907487072,0.04097407632227697,,,,,,,,,
base_v5,coordinate_residual,shell_mae,3ax3_A,,,,0.8420378233473437,1.1163440509515852,-0.2743062276042415,,,,,,,,,
base_v5,coordinate_residual,shell_mae,3b8t_A,,,,0.13075289412752325,0.17599340199846772,-0.04524050787094447,,,,,,,,,
base_v5,coordinate_residual,shell_mae,3cfh_B,,,,0.11000384037388129,0.10551360318796706,0.0044902371859142365,,,,,,,,,
base_v5,coordinate_residual,shell_mae,3cyi_A,,,,1.847091554919215,2.1289184886450956,-0.2818269337258805,,,,,,,,,
base_v5,coordinate_residual,shell_mae,3dl5_C,,,,0.2394512400088653,0.35591394270907634,-0.11646270270021103,,,,,,,,,
base_v5,coordinate_residual,shell_mae,3e44_A,,,,1.0421111694900103,1.2855240791346305,-0.24341290964462026,,,,,,,,,
base_v5,coordinate_residual,shell_mae,3g7j_B,,,,0.2614354814429585,0.2636539987637555,-0.002218517320797031,,,,,,,,,
base_v5,coordinate_residual,shell_mae,3jtq_B,,,,0.10470332575720122,0.1368430244014107,-0.03213969864420947,,,,,,,,,
base_v5,coordinate_residual,shell_mae,3lze_A,,,,0.44313134355326067,0.20133433471773396,0.2417970088355267,,,,,,,,,
base_v5,coordinate_residual,shell_mae,3m0o_B,,,,0.15015599875361552,0.10899677544710501,0.041159223306510506,,,,,,,,,
base_v5,coordinate_residual,shell_mae,3o98_B,,,,0.14471187883934922,0.26624901465091133,-0.12153713581156211,,,,,,,,,
base_v5,coordinate_residual,shell_mae,3pnv_A,,,,0.42608178869987906,0.5974408086281321,-0.17135901992825303,,,,,,,,,
base_v5,coordinate_residual,shell_mae,3wfz_C,,,,0.09039330548091608,0.13829112746396494,-0.04789782198304886,,,,,,,,,
base_v5,coordinate_residual,shell_mae,3x2y_C,,,,0.3194491923102386,0.4385342213941827,-0.11908502908394408,,,,,,,,,
base_v5,coordinate_residual,shell_mae,3zwb_B,,,,0.15925943419139646,0.2772059743230524,-0.11794654013165592,,,,,,,,,
base_v5,coordinate_residual,shell_mae,4bl2_B,,,,0.49765208425002794,0.6694529878970457,-0.17180090364701772,,,,,,,,,
base_v5,coordinate_residual,shell_mae,4cj8_I,,,,0.4736614048855869,0.6410047074201479,-0.16734330253456103,,,,,,,,,
base_v5,coordinate_residual,shell_mae,4cv1_E,,,,0.538326758612298,0.7177752130017513,-0.17944845438945334,,,,,,,,,
base_v5,coordinate_residual,shell_mae,4dfx_E,,,,0.9807459823719219,1.2072150962743993,-0.22646911390247737,,,,,,,,,
base_v5,coordinate_residual,shell_mae,4f4m_D,,,,0.17185453351382607,0.2326551404690897,-0.060800606955263625,,,,,,,,,
base_v5,coordinate_residual,shell_mae,4gvr_C,,,,0.20291261452654324,0.2505399646145518,-0.04762735008800856,,,,,,,,,
base_v5,coordinate_residual,shell_mae,4hgq_E,,,,0.32758948429812473,0.19760975648855403,0.1299797278095707,,,,,,,,,
base_v5,coordinate_residual,shell_mae,4ok4_B,,,,0.2164577294279512,0.24715729874529294,-0.030699569317341746,,,,,,,,,
base_v5,coordinate_residual,shell_mae,4p4h_A,,,,0.2916846904111855,0.4617298379377075,-0.170045147526522,,,,,,,,,
base_v5,coordinate_residual,shell_mae,4wef_A,,,,0.12537465656421384,0.1984950515173627,-0.07312039495314884,,,,,,,,,
base_v5,coordinate_residual,shell_mae,4x88_A,,,,0.1709335799583866,0.14546411141408597,0.025469468544300627,,,,,,,,,
base_v5,coordinate_residual,shell_mae,4xy5_A,,,,0.10433135297576597,0.11898825083967628,-0.014656897863910306,,,,,,,,,
base_v5,coordinate_residual,shell_mae,5hgv_C,,,,0.23663336906349877,0.055787921923243354,0.1808454471402554,,,,,,,,,
base_v5,coordinate_residual,shell_mae,5mdw_6,,,,0.30539544674649577,0.6658027568779755,-0.36040731013147975,,,,,,,,,
base_v5,coordinate_residual,shell_mae,5tnf_C,,,,0.11869617174570901,0.18035076325021804,-0.061654591504509026,,,,,,,,,
base_v5,coordinate_residual,shell_mae,5vec_B,,,,0.1764264014538507,0.20080429630130323,-0.024377894847452536,,,,,,,,,
base_v5,coordinate_residual,shell_mae,5xuh_A,,,,0.36701343575850215,0.4832114514584489,-0.11619801569994676,,,,,,,,,
base_v5,coordinate_residual,shell_mae,6a1v_A,,,,0.20925948036903128,0.18600965783369597,0.023249822535335307,,,,,,,,,
base_v5,coordinate_residual,shell_mae,6bau_B,,,,0.1805290678474196,0.128445091608382,0.0520839762390376,,,,,,,,,
base_v5,coordinate_residual,shell_mae,6bl6_B,,,,1.3104281349620368,1.5297197754632936,-0.21929164050125682,,,,,,,,,
base_v5,coordinate_residual,shell_mae,6e2j_A,,,,0.4724433528785402,0.686866117589706,-0.21442276471116573,,,,,,,,,
base_v5,coordinate_residual,shell_mae,6ej6_A,,,,0.12417794359552485,0.032050791215257515,0.09212715238026734,,,,,,,,,
base_v5,coordinate_residual,shell_mae,6i7u_A,,,,0.17533119369643332,0.22493906128787114,-0.049607867591437815,,,,,,,,,
base_v5,coordinate_residual,shell_mae,6k0q_A,,,,0.08130388274594266,0.0637950495375112,0.017508833208431468,,,,,,,,,
base_v5,coordinate_residual,shell_mae,6l7d_A,,,,0.7195447782242487,0.838560456694015,-0.11901567846976635,,,,,,,,,
base_v5,coordinate_residual,shell_mae,6m4l_A,,,,0.1127112115897885,0.15708080297758611,-0.04436959138779761,,,,,,,,,
base_v5,coordinate_residual,shell_mae,6o4b_G,,,,0.2712306504264474,0.3666565967900388,-0.09542594636359142,,,,,,,,,
base_v5,coordinate_residual,shell_mae,6r6n_B,,,,0.11046947070278496,0.28039294563315176,-0.1699234749303668,,,,,,,,,
base_v5,coordinate_residual,shell_mae,6uau_A,,,,0.08492005005384794,0.14852680231077045,-0.06360675225692251,,,,,,,,,
base_v5,coordinate_residual,shell_mae,6zy0_A,,,,0.11105360472297847,0.06661939756620446,0.044434207156774014,,,,,,,,,
base_v5,coordinate_residual,shell_mae,7bbx_A,,,,0.2554263252492812,0.08130927925115909,0.1741170459981221,,,,,,,,,
base_v5,coordinate_residual,shell_mae,7bxo_B,,,,0.9954496344269217,1.3428913967477498,-0.34744176232082813,,,,,,,,,
base_v5,coordinate_residual,shell_mae,7dwo_B,,,,1.5273058220130618,1.846326580311276,-0.3190207582982143,,,,,,,,,
base_v5,coordinate_residual,shell_mae,7m8h_C,,,,0.14727182481953804,0.07854855363097982,0.06872327118855823,,,,,,,,,
base_v5,coordinate_residual,shell_mae,7n6n_A,,,,0.36055837226155113,0.554320351759342,-0.1937619794977909,,,,,,,,,
base_v5,coordinate_residual,shell_mae,7nlg_C,,,,0.24005687828052338,0.3256400092155801,-0.08558313093505673,,,,,,,,,
base_v5,coordinate_residual,shell_mae,7o58_B,,,,0.8037799932686585,0.9464021075491958,-0.1426221142805374,,,,,,,,,
base_v5,coordinate_residual,shell_mae,7sj1_C,,,,0.5983057201906559,0.8277185120741224,-0.22941279188346653,,,,,,,,,
base_v5,coordinate_residual,shell_mae,7sp0_B,,,,0.4972868664176963,0.0975172125685511,0.3997696538491452,,,,,,,,,
base_v5,coordinate_residual,shell_mae,7vns_A,,,,0.27238607998384384,0.2981131751515338,-0.02572709516768995,,,,,,,,,
base_v5,coordinate_residual,shell_mae,8eip_B,,,,0.12703308839402103,0.08338906345985782,0.04364402493416321,,,,,,,,,
base_v5,coordinate_residual,shell_mae,8eqo_B,,,,0.4737462781855824,0.6441334621857099,-0.17038718400012748,,,,,,,,,
base_v5,coordinate_residual,shell_mae,8f79_A,,,,2.1604931410587658,2.464130907014609,-0.30363776595584335,,,,,,,,,
base_v5,coordinate_residual,shell_mae,8jce_G,,,,0.13582322722514967,0.3094490600936083,-0.17362583286845862,,,,,,,,,
base_v5,coordinate_residual,shell_mae,8ka0_C,,,,0.3500355907235956,0.5860896705295019,-0.23605407980590631,,,,,,,,,
base_v5,coordinate_residual,shell_mae,8r3c_A,,,,0.20105624902861247,0.21564776779335357,-0.014591518764741102,,,,,,,,,
base_v5,coordinate_residual,shell_mae,8t06_A,,,,0.34223703024051555,0.4671716096741525,-0.12493457943363695,,,,,,,,,
base_v5,coordinate_residual,shell_mae,8up8_C,,,,0.3100081191259198,0.22079402906505666,0.08921409006086314,,,,,,,,,
base_v5,coordinate_residual,shell_mae,8wkd_A,,,,0.7524088247655294,1.4170412506667671,-0.6646324259012377,,,,,,,,,
base_v5,coordinate_residual,shell_mae,8x84_C,,,,1.0045253183322995,1.3587129059924319,-0.35418758766013236,,,,,,,,,
base_v5,coordinate_residual,shell_mae,9bc6_C,,,,0.43961795565520356,0.6110101238944519,-0.1713921682392483,,,,,,,,,
base_v5,coordinate_residual,shell_mae,9cp9_B,,,,0.11277365701819958,0.10705573618685037,0.005717920831349213,,,,,,,,,
base_v5,coordinate_residual,shell_mae,9hkm_C,,,,1.0750828009975433,1.21666927917204,-0.14158647817449665,,,,,,,,,
base_v5,coordinate_residual,shell_mae,9j83_A,,,,1.1756373602080417,1.5599100611959016,-0.3842727009878599,,,,,,,,,
base_v5,coordinate_residual,shell_mae,9m80_B,,,,0.25128525928390655,0.3490796006730099,-0.09779434138910337,,,,,,,,,
base_v5,coordinate_residual,shell_mae,9r2f_C,,,,7.195597653421799,7.94573499089782,-0.750137337476021,,,,,,,,,
base_v5,coordinate_residual,shell_mae,9sd5_A,,,,0.15472904439888732,0.20712561615317374,-0.052396571754286414,,,,,,,,,
base_v5,coordinate_residual,shell_mae,9swq_B,,,,0.5801972591203144,0.7820748523069418,-0.20187759318662746,,,,,,,,,
base_v5,coordinate_residual,shell_mae,9va6_A,,,,0.737637812861499,0.9365117121153613,-0.19887389925386234,,,,,,,,,
base_v5,coordinate_residual,perturbed_auprc,1ct1_E,,,,,,,0.3134563158590995,0.27590640516540155,0.03754991069369795,,,,,,
base_v5,coordinate_residual,perturbed_auprc,1gyr_C,,,,,,,0.24137613426451912,0.21732432206314523,0.024051812201373896,,,,,,
base_v5,coordinate_residual,perturbed_auprc,1h7x_D,,,,,,,0.19274419423603859,0.051650406989327845,0.14109378724671073,,,,,,
base_v5,coordinate_residual,perturbed_auprc,1ild_A,,,,,,,0.5645833333333333,0.5909090909090909,-0.026325757575757613,,,,,,
base_v5,coordinate_residual,perturbed_auprc,1jll_E,,,,,,,0.23809012511812375,0.1548291040174059,0.08326102110071784,,,,,,
base_v5,coordinate_residual,perturbed_auprc,1me5_B,,,,,,,0.25466488198553144,0.17959377334431692,0.07507110864121452,,,,,,
base_v5,coordinate_residual,perturbed_auprc,1mjy_A,,,,,,,0.4541484793144144,0.4328615701407889,0.021286909173625468,,,,,,
base_v5,coordinate_residual,perturbed_auprc,1u5o_A,,,,,,,0.4696348553005658,0.41030094850971527,0.059333906790850544,,,,,,
base_v5,coordinate_residual,perturbed_auprc,1vyd_B,,,,,,,0.525,0.04256965944272446,0.48243034055727557,,,,,,
base_v5,coordinate_residual,perturbed_auprc,1vzi_B,,,,,,,0.03600564523406963,0.03206088636470688,0.003944758869362748,,,,,,
base_v5,coordinate_residual,perturbed_auprc,1y39_A,,,,,,,0.03125,0.047619047619047616,-0.016369047619047616,,,,,,
base_v5,coordinate_residual,perturbed_auprc,1z73_A,,,,,,,,,,,,,,,
base_v5,coordinate_residual,perturbed_auprc,1z8u_A,,,,,,,0.738429427715142,0.4662698412698413,0.2721595864453007,,,,,,
base_v5,coordinate_residual,perturbed_auprc,2a6x_B,,,,,,,0.08354174561071112,0.10602869352869353,-0.022486947917982406,,,,,,
base_v5,coordinate_residual,perturbed_auprc,2awi_L,,,,,,,0.41920676212018826,0.1666474320409154,0.2525593300792729,,,,,,
base_v5,coordinate_residual,perturbed_auprc,2bek_D,,,,,,,0.32037350802098347,0.36527208522141286,-0.04489857720042939,,,,,,
base_v5,coordinate_residual,perturbed_auprc,2d5g_D,,,,,,,0.37400157590947064,0.4758836626788696,-0.10188208676939897,,,,,,
base_v5,coordinate_residual,perturbed_auprc,2eyp_A,,,,,,,0.19286477542122732,0.1308810750928312,0.06198370032839612,,,,,,
base_v5,coordinate_residual,perturbed_auprc,2hlp_A,,,,,,,0.416640731516609,0.4069291179748181,0.009711613541790898,,,,,,
base_v5,coordinate_residual,perturbed_auprc,2o94_B,,,,,,,0.11005739930191405,0.2064997170345218,-0.09644231773260775,,,,,,
base_v5,coordinate_residual,perturbed_auprc,2ouv_B,,,,,,,0.1498679132296457,0.14767836779747096,0.0021895454321747554,,,,,,
base_v5,coordinate_residual,perturbed_auprc,2pp3_B,,,,,,,0.20226953438104806,0.3047464642995177,-0.10247692991846963,,,,,,
base_v5,coordinate_residual,perturbed_auprc,2xhn_B,,,,,,,,,,,,,,,
base_v5,coordinate_residual,perturbed_auprc,2ygp_A,,,,,,,1.0,0.5,0.5,,,,,,
base_v5,coordinate_residual,perturbed_auprc,3a9w_A,,,,,,,0.40328074227772776,0.2133190883190883,0.18996165395863945,,,,,,
base_v5,coordinate_residual,perturbed_auprc,3ax3_A,,,,,,,0.6341463820877774,0.5907334011689925,0.04341298091878487,,,,,,
base_v5,coordinate_residual,perturbed_auprc,3b8t_A,,,,,,,0.4191750743020686,0.4202933762214851,-0.0011183019194165311,,,,,,
base_v5,coordinate_residual,perturbed_auprc,3cfh_B,,,,,,,0.11305187783231262,0.0564508395919384,0.05660103824037422,,,,,,
base_v5,coordinate_residual,perturbed_auprc,3cyi_A,,,,,,,0.9132953742525431,0.9097347685766926,0.003560605675850592,,,,,,
base_v5,coordinate_residual,perturbed_auprc,3dl5_C,,,,,,,0.2510934664403442,0.32051643379946454,-0.06942296735912035,,,,,,
base_v5,coordinate_residual,perturbed_auprc,3e44_A,,,,,,,0.6584517001764231,0.473783438150235,0.18466826202618808,,,,,,
base_v5,coordinate_residual,perturbed_auprc,3g7j_B,,,,,,,0.29363711535523923,0.17418767638713548,0.11944943896810375,,,,,,
base_v5,coordinate_residual,perturbed_auprc,3jtq_B,,,,,,,0.6946923123862778,0.349814155579968,0.34487815680630984,,,,,,
base_v5,coordinate_residual,perturbed_auprc,3lze_A,,,,,,,,,,,,,,,
base_v5,coordinate_residual,perturbed_auprc,3m0o_B,,,,,,,0.23637662732995787,0.25027712375742606,-0.013900496427468184,,,,,,
base_v5,coordinate_residual,perturbed_auprc,3o98_B,,,,,,,0.05263157894736842,0.0038461538461538464,0.04878542510121457,,,,,,
base_v5,coordinate_residual,perturbed_auprc,3pnv_A,,,,,,,0.4606789480311611,0.3473852050191811,0.11329374301198003,,,,,,
base_v5,coordinate_residual,perturbed_auprc,3wfz_C,,,,,,,0.02477802828022464,0.05758149319033155,-0.03280346491010691,,,,,,
base_v5,coordinate_residual,perturbed_auprc,3x2y_C,,,,,,,0.2024684907048265,0.13873890359170735,0.06372958711311916,,,,,,
base_v5,coordinate_residual,perturbed_auprc,3zwb_B,,,,,,,0.17676873920407704,0.10695659750124666,0.06981214170283039,,,,,,
base_v5,coordinate_residual,perturbed_auprc,4bl2_B,,,,,,,0.4475071927738763,0.37520051874242083,0.07230667403145546,,,,,,
base_v5,coordinate_residual,perturbed_auprc,4cj8_I,,,,,,,0.4322200560802091,0.30135292769913075,0.13086712838107833,,,,,,
base_v5,coordinate_residual,perturbed_auprc,4cv1_E,,,,,,,0.5245755378539387,0.35743628843561703,0.1671392494183217,,,,,,
base_v5,coordinate_residual,perturbed_auprc,4dfx_E,,,,,,,0.23410649964651975,0.11797419671650143,0.11613230293001832,,,,,,
base_v5,coordinate_residual,perturbed_auprc,4f4m_D,,,,,,,0.35512330728714153,0.2774136453350867,0.07770966195205481,,,,,,
base_v5,coordinate_residual,perturbed_auprc,4gvr_C,,,,,,,0.16628815812281608,0.05512235831214907,0.11116579981066702,,,,,,
base_v5,coordinate_residual,perturbed_auprc,4hgq_E,,,,,,,0.30187471546570144,0.09965494345696281,0.20221977200873864,,,,,,
base_v5,coordinate_residual,perturbed_auprc,4ok4_B,,,,,,,0.26028795345241335,0.21302090934078727,0.04726704411162608,,,,,,
base_v5,coordinate_residual,perturbed_auprc,4p4h_A,,,,,,,0.28941630789667905,0.2948192435593441,-0.0054029356626650316,,,,,,
base_v5,coordinate_residual,perturbed_auprc,4wef_A,,,,,,,0.3476600579622031,0.14618309651615918,0.20147696144604393,,,,,,
base_v5,coordinate_residual,perturbed_auprc,4x88_A,,,,,,,0.5341269841269841,0.5422222222222223,-0.008095238095238155,,,,,,
base_v5,coordinate_residual,perturbed_auprc,4xy5_A,,,,,,,0.9165743816906607,0.8569444444444444,0.05962993724621635,,,,,,
base_v5,coordinate_residual,perturbed_auprc,5hgv_C,,,,,,,0.005489916339113827,0.031465315725021516,-0.025975399385907687,,,,,,
base_v5,coordinate_residual,perturbed_auprc,5mdw_6,,,,,,,0.20772910812384499,0.4440815791199423,-0.2363524709960973,,,,,,
base_v5,coordinate_residual,perturbed_auprc,5tnf_C,,,,,,,0.35437640503574763,0.1521896009803583,0.20218680405538933,,,,,,
base_v5,coordinate_residual,perturbed_auprc,5vec_B,,,,,,,0.316316608887617,0.1514555803091431,0.16486102857847387,,,,,,
base_v5,coordinate_residual,perturbed_auprc,5xuh_A,,,,,,,0.42530367640676636,0.2578713217533921,0.16743235465337425,,,,,,
base_v5,coordinate_residual,perturbed_auprc,6a1v_A,,,,,,,0.5693776249893892,0.3379503180788816,0.23142730691050756,,,,,,
base_v5,coordinate_residual,perturbed_auprc,6bau_B,,,,,,,0.060704107376824946,0.039738030536716644,0.020966076840108303,,,,,,
base_v5,coordinate_residual,perturbed_auprc,6bl6_B,,,,,,,0.5058179560023025,0.5075371033371658,-0.0017191473348633357,,,,,,
base_v5,coordinate_residual,perturbed_auprc,6e2j_A,,,,,,,0.43377014312288825,0.32689736351957505,0.1068727796033132,,,,,,
base_v5,coordinate_residual,perturbed_auprc,6ej6_A,,,,,,,,,,,,,,,
base_v5,coordinate_residual,perturbed_auprc,6i7u_A,,,,,,,0.15127060641658846,0.10670042423117793,0.044570182185410534,,,,,,
base_v5,coordinate_residual,perturbed_auprc,6k0q_A,,,,,,,0.013250233357724493,0.14407894736842106,-0.13082871401069657,,,,,,
base_v5,coordinate_residual,perturbed_auprc,6l7d_A,,,,,,,0.5562057273643677,0.37006264821616,0.1861430791482077,,,,,,
base_v5,coordinate_residual,perturbed_auprc,6m4l_A,,,,,,,0.04396722539477236,0.031997461607765676,0.011969763787006683,,,,,,
base_v5,coordinate_residual,perturbed_auprc,6o4b_G,,,,,,,0.31028265128272947,0.23200139003922512,0.07828126124350435,,,,,,
base_v5,coordinate_residual,perturbed_auprc,6r6n_B,,,,,,,0.53125,0.1845238095238095,0.34672619047619047,,,,,,
base_v5,coordinate_residual,perturbed_auprc,6uau_A,,,,,,,0.464815479955423,0.2247163006680798,0.2400991792873432,,,,,,
base_v5,coordinate_residual,perturbed_auprc,6zy0_A,,,,,,,0.25,0.5,-0.25,,,,,,
base_v5,coordinate_residual,perturbed_auprc,7bbx_A,,,,,,,,,,,,,,,
base_v5,coordinate_residual,perturbed_auprc,7bxo_B,,,,,,,0.5671835714169473,0.40556567859754916,0.16161789281939815,,,,,,
base_v5,coordinate_residual,perturbed_auprc,7dwo_B,,,,,,,0.7370618658274425,0.7282639219330693,0.008797943894373161,,,,,,
base_v5,coordinate_residual,perturbed_auprc,7m8h_C,,,,,,,0.3235575285049727,0.28460493637717604,0.03895259212779667,,,,,,
base_v5,coordinate_residual,perturbed_auprc,7n6n_A,,,,,,,0.41569272473665453,0.29287490683175504,0.12281781790489948,,,,,,
base_v5,coordinate_residual,perturbed_auprc,7nlg_C,,,,,,,0.3271109246972894,0.14807530823533238,0.17903561646195704,,,,,,
base_v5,coordinate_residual,perturbed_auprc,7o58_B,,,,,,,0.8292801124814776,0.5705455071400498,0.2587346053414278,,,,,,
base_v5,coordinate_residual,perturbed_auprc,7sj1_C,,,,,,,0.4658852781411746,0.49119314284665994,-0.02530786470548535,,,,,,
base_v5,coordinate_residual,perturbed_auprc,7sp0_B,,,,,,,1.0,0.5,0.5,,,,,,
base_v5,coordinate_residual,perturbed_auprc,7vns_A,,,,,,,0.3863549499268197,0.3378762206958755,0.048478729230944206,,,,,,
base_v5,coordinate_residual,perturbed_auprc,8eip_B,,,,,,,0.6496415770609318,0.02173681403372671,0.6279047630272051,,,,,,
base_v5,coordinate_residual,perturbed_auprc,8eqo_B,,,,,,,0.45511964665825894,0.3660849584858185,0.08903468817244042,,,,,,
base_v5,coordinate_residual,perturbed_auprc,8f79_A,,,,,,,0.7577481810936562,0.7360709856845674,0.021677195409088745,,,,,,
base_v5,coordinate_residual,perturbed_auprc,8jce_G,,,,,,,0.25845124157362576,0.13929022964743853,0.11916101192618722,,,,,,
base_v5,coordinate_residual,perturbed_auprc,8ka0_C,,,,,,,0.6830820760715498,0.6297879254109999,0.05329415066054988,,,,,,
base_v5,coordinate_residual,perturbed_auprc,8r3c_A,,,,,,,0.48837488015340363,0.3622163630552892,0.12615851709811443,,,,,,
base_v5,coordinate_residual,perturbed_auprc,8t06_A,,,,,,,0.304490000486448,0.22088501674525177,0.08360498374119621,,,,,,
base_v5,coordinate_residual,perturbed_auprc,8up8_C,,,,,,,0.292335079973897,0.134510338771259,0.157824741202638,,,,,,
base_v5,coordinate_residual,perturbed_auprc,8wkd_A,,,,,,,0.4651381020279811,0.41733370375044765,0.047804398277533466,,,,,,
base_v5,coordinate_residual,perturbed_auprc,8x84_C,,,,,,,0.4893810559083164,0.22443262670851538,0.264948429199801,,,,,,
base_v5,coordinate_residual,perturbed_auprc,9bc6_C,,,,,,,0.3527197917904569,0.3407252185678538,0.011994573222603111,,,,,,
base_v5,coordinate_residual,perturbed_auprc,9cp9_B,,,,,,,0.15481458251344615,0.414021164021164,-0.25920658150771786,,,,,,
base_v5,coordinate_residual,perturbed_auprc,9hkm_C,,,,,,,0.3500768660556095,0.30723309473501875,0.04284377132059075,,,,,,
base_v5,coordinate_residual,perturbed_auprc,9j83_A,,,,,,,0.9304033035264607,0.9009235413405063,0.029479762185954383,,,,,,
base_v5,coordinate_residual,perturbed_auprc,9m80_B,,,,,,,0.44420128174524687,0.3021756105269114,0.14202567121833548,,,,,,
base_v5,coordinate_residual,perturbed_auprc,9r2f_C,,,,,,,,,,,,,,,
base_v5,coordinate_residual,perturbed_auprc,9sd5_A,,,,,,,0.29644565022536384,0.2990089358250763,-0.0025632855997124726,,,,,,
base_v5,coordinate_residual,perturbed_auprc,9swq_B,,,,,,,0.5986789016398075,0.6073510049746159,-0.00867210333480839,,,,,,
base_v5,coordinate_residual,perturbed_auprc,9va6_A,,,,,,,0.31198783134284896,0.3942745431403003,-0.08228671179745134,,,,,,
base_v5,coordinate_residual,derived_radius_mae,1ct1_E,,,,,,,,,,26.22122393282663,27.009650470271254,-0.7884265374446251,,,
base_v5,coordinate_residual,derived_radius_mae,1gyr_C,,,,,,,,,,39.562649726867676,39.562649726867676,0.0,,,
base_v5,coordinate_residual,derived_radius_mae,1h7x_D,,,,,,,,,,80.03887315229936,80.03887315229936,0.0,,,
base_v5,coordinate_residual,derived_radius_mae,1ild_A,,,,,,,,,,32.0631103515625,32.0631103515625,0.0,,,
base_v5,coordinate_residual,derived_radius_mae,1jll_E,,,,,,,,,,31.290436137806285,52.85120912031694,-21.560772982510652,,,
base_v5,coordinate_residual,derived_radius_mae,1me5_B,,,,,,,,,,34.087395985921226,34.087395985921226,0.0,,,
base_v5,coordinate_residual,derived_radius_mae,1mjy_A,,,,,,,,,,23.571336327937612,23.571336327937612,0.0,,,
base_v5,coordinate_residual,derived_radius_mae,1u5o_A,,,,,,,,,,8.679454061720106,21.056103282504612,-12.376649220784506,,,
base_v5,coordinate_residual,derived_radius_mae,1vyd_B,,,,,,,,,,11.682313919067383,11.682313919067383,0.0,,,
base_v5,coordinate_residual,derived_radius_mae,1vzi_B,,,,,,,,,,16.99758849143982,16.99758849143982,0.0,,,
base_v5,coordinate_residual,derived_radius_mae,1y39_A,,,,,,,,,,0.0,0.0,0.0,,,
base_v5,coordinate_residual,derived_radius_mae,1z73_A,,,,,,,,,,0.0,0.0,0.0,,,
base_v5,coordinate_residual,derived_radius_mae,1z8u_A,,,,,,,,,,40.69789493083954,43.61150932312012,-2.9136143922805786,,,
base_v5,coordinate_residual,derived_radius_mae,2a6x_B,,,,,,,,,,17.218212127685547,17.218212127685547,0.0,,,
base_v5,coordinate_residual,derived_radius_mae,2awi_L,,,,,,,,,,41.47215805053711,41.47215805053711,0.0,,,
base_v5,coordinate_residual,derived_radius_mae,2bek_D,,,,,,,,,,31.227688831753202,31.227688831753202,0.0,,,
base_v5,coordinate_residual,derived_radius_mae,2d5g_D,,,,,,,,,,22.99198627471924,22.99198627471924,0.0,,,
base_v5,coordinate_residual,derived_radius_mae,2eyp_A,,,,,,,,,,14.493084315595956,15.423744070118872,-0.9306597545229156,,,
base_v5,coordinate_residual,derived_radius_mae,2hlp_A,,,,,,,,,,43.031165418608175,43.73156566920506,-0.7004002505968856,,,
base_v5,coordinate_residual,derived_radius_mae,2o94_B,,,,,,,,,,28.4301016330719,28.4301016330719,0.0,,,
base_v5,coordinate_residual,derived_radius_mae,2ouv_B,,,,,,,,,,30.5053034695712,30.5053034695712,0.0,,,
base_v5,coordinate_residual,derived_radius_mae,2pp3_B,,,,,,,,,,40.51922728220622,41.932623291015624,-1.413396008809407,,,
base_v5,coordinate_residual,derived_radius_mae,2xhn_B,,,,,,,,,,0.0,0.0,0.0,,,
base_v5,coordinate_residual,derived_radius_mae,2ygp_A,,,,,,,,,,30.54112434387207,30.54112434387207,0.0,,,
base_v5,coordinate_residual,derived_radius_mae,3a9w_A,,,,,,,,,,27.943183263142902,27.943183263142902,0.0,,,
base_v5,coordinate_residual,derived_radius_mae,3ax3_A,,,,,,,,,,22.731449445088703,22.731449445088703,0.0,,,
base_v5,coordinate_residual,derived_radius_mae,3b8t_A,,,,,,,,,,25.997915074510395,25.997915074510395,0.0,,,
base_v5,coordinate_residual,derived_radius_mae,3cfh_B,,,,,,,,,,17.798782634735108,17.798782634735108,0.0,,,
base_v5,coordinate_residual,derived_radius_mae,3cyi_A,,,,,,,,,,16.565554089016384,29.79861217074924,-13.233058081732857,,,
base_v5,coordinate_residual,derived_radius_mae,3dl5_C,,,,,,,,,,16.4854181910816,63.004932503951224,-46.519514312869624,,,
base_v5,coordinate_residual,derived_radius_mae,3e44_A,,,,,,,,,,46.82238006591797,46.82238006591797,0.0,,,
base_v5,coordinate_residual,derived_radius_mae,3g7j_B,,,,,,,,,,12.49513041973114,12.49513041973114,0.0,,,
base_v5,coordinate_residual,derived_radius_mae,3jtq_B,,,,,,,,,,25.843168258666992,25.843168258666992,0.0,,,
base_v5,coordinate_residual,derived_radius_mae,3lze_A,,,,,,,,,,50.91887664794922,0.0,50.91887664794922,,,
base_v5,coordinate_residual,derived_radius_mae,3m0o_B,,,,,,,,,,20.690383830992115,34.8729331874046,-14.182549356412483,,,
base_v5,coordinate_residual,derived_radius_mae,3o98_B,,,,,,,,,,42.439449310302734,42.439449310302734,0.0,,,
base_v5,coordinate_residual,derived_radius_mae,3pnv_A,,,,,,,,,,67.00126775105794,67.00126775105794,0.0,,,
base_v5,coordinate_residual,derived_radius_mae,3wfz_C,,,,,,,,,,41.76523303985596,41.76523303985596,0.0,,,
base_v5,coordinate_residual,derived_radius_mae,3x2y_C,,,,,,,,,,17.662153879801433,17.662153879801433,0.0,,,
base_v5,coordinate_residual,derived_radius_mae,3zwb_B,,,,,,,,,,49.847237723214285,49.847237723214285,0.0,,,
base_v5,coordinate_residual,derived_radius_mae,4bl2_B,,,,,,,,,,5.883495431197317,86.55384876853542,-80.6703533373381,,,
base_v5,coordinate_residual,derived_radius_mae,4cj8_I,,,,,,,,,,33.61017608642578,33.61017608642578,0.0,,,
base_v5,coordinate_residual,derived_radius_mae,4cv1_E,,,,,,,,,,31.12730160471081,35.2492806001227,-4.121978995411894,,,
base_v5,coordinate_residual,derived_radius_mae,4dfx_E,,,,,,,,,,18.141690254211426,36.39386908213297,-18.252178827921547,,,
base_v5,coordinate_residual,derived_radius_mae,4f4m_D,,,,,,,,,,18.310216406117316,18.310216406117316,0.0,,,
base_v5,coordinate_residual,derived_radius_mae,4gvr_C,,,,,,,,,,13.69410228729248,21.827998797098797,-8.133896509806316,,,
base_v5,coordinate_residual,derived_radius_mae,4hgq_E,,,,,,,,,,15.087509373823801,24.832160731156666,-9.744651357332865,,,
base_v5,coordinate_residual,derived_radius_mae,4ok4_B,,,,,,,,,,44.203465938568115,44.203465938568115,0.0,,,
base_v5,coordinate_residual,derived_radius_mae,4p4h_A,,,,,,,,,,36.8932728767395,36.8932728767395,0.0,,,
base_v5,coordinate_residual,derived_radius_mae,4wef_A,,,,,,,,,,31.315160179138182,31.315160179138182,0.0,,,
base_v5,coordinate_residual,derived_radius_mae,4x88_A,,,,,,,,,,2.240385084441214,2.240385084441214,0.0,,,
base_v5,coordinate_residual,derived_radius_mae,4xy5_A,,,,,,,,,,26.470184961954754,26.470184961954754,0.0,,,
base_v5,coordinate_residual,derived_radius_mae,5hgv_C,,,,,,,,,,14.587264060974121,23.316757202148438,-8.729493141174316,,,
base_v5,coordinate_residual,derived_radius_mae,5mdw_6,,,,,,,,,,11.302181243896484,33.24297332763672,-21.940792083740234,,,
base_v5,coordinate_residual,derived_radius_mae,5tnf_C,,,,,,,,,,19.2394905949043,19.2394905949043,0.0,,,
base_v5,coordinate_residual,derived_radius_mae,5vec_B,,,,,,,,,,52.37406857808431,52.37406857808431,0.0,,,
base_v5,coordinate_residual,derived_radius_mae,5xuh_A,,,,,,,,,,23.93380355834961,23.93380355834961,0.0,,,
base_v5,coordinate_residual,derived_radius_mae,6a1v_A,,,,,,,,,,23.122143665949505,21.02190645535787,2.1002372105916365,,,
base_v5,coordinate_residual,derived_radius_mae,6bau_B,,,,,,,,,,8.02792485555013,8.02792485555013,0.0,,,
base_v5,coordinate_residual,derived_radius_mae,6bl6_B,,,,,,,,,,25.89215047308739,80.12193574296667,-54.22978526987928,,,
base_v5,coordinate_residual,derived_radius_mae,6e2j_A,,,,,,,,,,0.5886077880859375,145.72537231445312,-145.1367645263672,,,
base_v5,coordinate_residual,derived_radius_mae,6ej6_A,,,,,,,,,,0.0,0.0,0.0,,,
base_v5,coordinate_residual,derived_radius_mae,6i7u_A,,,,,,,,,,45.484169006347656,45.484169006347656,0.0,,,
base_v5,coordinate_residual,derived_radius_mae,6k0q_A,,,,,,,,,,11.812048435211182,11.812048435211182,0.0,,,
base_v5,coordinate_residual,derived_radius_mae,6l7d_A,,,,,,,,,,34.66973231537173,34.66973231537173,0.0,,,
base_v5,coordinate_residual,derived_radius_mae,6m4l_A,,,,,,,,,,36.23588180541992,36.23588180541992,0.0,,,
base_v5,coordinate_residual,derived_radius_mae,6o4b_G,,,,,,,,,,53.127310793411326,53.127310793411326,0.0,,,
base_v5,coordinate_residual,derived_radius_mae,6r6n_B,,,,,,,,,,24.782733917236328,24.782733917236328,0.0,,,
base_v5,coordinate_residual,derived_radius_mae,6uau_A,,,,,,,,,,26.013817469278973,26.013817469278973,0.0,,,
base_v5,coordinate_residual,derived_radius_mae,6zy0_A,,,,,,,,,,9.435430526733398,28.01908302307129,-18.58365249633789,,,
base_v5,coordinate_residual,derived_radius_mae,7bbx_A,,,,,,,,,,0.0,0.0,0.0,,,
base_v5,coordinate_residual,derived_radius_mae,7bxo_B,,,,,,,,,,26.726096066561613,33.93557288429954,-7.209476817737926,,,
base_v5,coordinate_residual,derived_radius_mae,7dwo_B,,,,,,,,,,13.742589950561523,68.64007949829102,-54.89748954772949,,,
base_v5,coordinate_residual,derived_radius_mae,7m8h_C,,,,,,,,,,17.537354826927185,17.537354826927185,0.0,,,
base_v5,coordinate_residual,derived_radius_mae,7n6n_A,,,,,,,,,,28.33567015319512,47.60965616577541,-19.27398601258029,,,
base_v5,coordinate_residual,derived_radius_mae,7nlg_C,,,,,,,,,,2.919854300362723,2.919854300362723,0.0,,,
base_v5,coordinate_residual,derived_radius_mae,7o58_B,,,,,,,,,,32.793346325556435,32.793346325556435,0.0,,,
base_v5,coordinate_residual,derived_radius_mae,7sj1_C,,,,,,,,,,0.0,48.44914722442627,-48.44914722442627,,,
base_v5,coordinate_residual,derived_radius_mae,7sp0_B,,,,,,,,,,0.0,56.826961517333984,-56.826961517333984,,,
base_v5,coordinate_residual,derived_radius_mae,7vns_A,,,,,,,,,,3.4188308715820317,22.53256058692932,-19.11372971534729,,,
base_v5,coordinate_residual,derived_radius_mae,8eip_B,,,,,,,,,,13.936768531799316,13.936768531799316,0.0,,,
base_v5,coordinate_residual,derived_radius_mae,8eqo_B,,,,,,,,,,17.24411379650411,28.58547497670585,-11.34136118020174,,,
base_v5,coordinate_residual,derived_radius_mae,8f79_A,,,,,,,,,,131.24072202046713,131.24072202046713,0.0,,,
base_v5,coordinate_residual,derived_radius_mae,8jce_G,,,,,,,,,,56.53575642903646,56.53575642903646,0.0,,,
base_v5,coordinate_residual,derived_radius_mae,8ka0_C,,,,,,,,,,50.01686096191406,50.01686096191406,0.0,,,
base_v5,coordinate_residual,derived_radius_mae,8r3c_A,,,,,,,,,,20.020714925130207,20.020714925130207,0.0,,,
base_v5,coordinate_residual,derived_radius_mae,8t06_A,,,,,,,,,,33.49544906616211,33.49544906616211,0.0,,,
base_v5,coordinate_residual,derived_radius_mae,8up8_C,,,,,,,,,,15.527965545654297,18.71684398651123,-3.188878440856932,,,
base_v5,coordinate_residual,derived_radius_mae,8wkd_A,,,,,,,,,,39.22949421405792,43.032684326171875,-3.8031901121139526,,,
base_v5,coordinate_residual,derived_radius_mae,8x84_C,,,,,,,,,,30.234486937522888,43.161468863487244,-12.926981925964355,,,
base_v5,coordinate_residual,derived_radius_mae,9bc6_C,,,,,,,,,,1.589249610900879,78.3049087524414,-76.71565914154053,,,
base_v5,coordinate_residual,derived_radius_mae,9cp9_B,,,,,,,,,,32.01237678527832,32.01237678527832,0.0,,,
base_v5,coordinate_residual,derived_radius_mae,9hkm_C,,,,,,,,,,48.152000427246094,48.152000427246094,0.0,,,
base_v5,coordinate_residual,derived_radius_mae,9j83_A,,,,,,,,,,3.1034088134765625,66.65164184570312,-63.54823303222656,,,
base_v5,coordinate_residual,derived_radius_mae,9m80_B,,,,,,,,,,52.29926013946533,52.29926013946533,0.0,,,
base_v5,coordinate_residual,derived_radius_mae,9r2f_C,,,,,,,,,,2.5916116502549915,50.59802500406901,-48.00641335381402,,,
base_v5,coordinate_residual,derived_radius_mae,9sd5_A,,,,,,,,,,52.14410018920898,52.14410018920898,0.0,,,
base_v5,coordinate_residual,derived_radius_mae,9swq_B,,,,,,,,,,40.45744609832764,71.04696273803711,-30.589516639709473,,,
base_v5,coordinate_residual,derived_radius_mae,9va6_A,,,,,,,,,,31.261920928955085,31.261920928955085,0.0,,,
base_v5,coordinate_residual,derived_class_macro_f1,1ct1_E,,,,,,,,,,,,,0.003952569169960474,0.11014492753623188,-0.1061923583662714
base_v5,coordinate_residual,derived_class_macro_f1,1gyr_C,,,,,,,,,,,,,0.0,0.0,0.0
base_v5,coordinate_residual,derived_class_macro_f1,1h7x_D,,,,,,,,,,,,,0.09090909090909091,0.09090909090909091,0.0
base_v5,coordinate_residual,derived_class_macro_f1,1ild_A,,,,,,,,,,,,,0.0,0.0,0.0
base_v5,coordinate_residual,derived_class_macro_f1,1jll_E,,,,,,,,,,,,,0.9090909090909091,0.0,0.9090909090909091
base_v5,coordinate_residual,derived_class_macro_f1,1me5_B,,,,,,,,,,,,,0.0,0.0,0.0
base_v5,coordinate_residual,derived_class_macro_f1,1mjy_A,,,,,,,,,,,,,0.0,0.0,0.0
base_v5,coordinate_residual,derived_class_macro_f1,1u5o_A,,,,,,,,,,,,,0.5555555555555556,0.3333333333333333,0.22222222222222227
base_v5,coordinate_residual,derived_class_macro_f1,1vyd_B,,,,,,,,,,,,,0.5,0.5,0.0
base_v5,coordinate_residual,derived_class_macro_f1,1vzi_B,,,,,,,,,,,,,0.35,0.35,0.0
base_v5,coordinate_residual,derived_class_macro_f1,1y39_A,,,,,,,,,,,,,0.0,0.0,0.0
base_v5,coordinate_residual,derived_class_macro_f1,1z73_A,,,,,,,,,,,,,1.0,1.0,0.0
base_v5,coordinate_residual,derived_class_macro_f1,1z8u_A,,,,,,,,,,,,,0.0,0.0,0.0
base_v5,coordinate_residual,derived_class_macro_f1,2a6x_B,,,,,,,,,,,,,0.0,0.0,0.0
base_v5,coordinate_residual,derived_class_macro_f1,2awi_L,,,,,,,,,,,,,0.0,0.0,0.0
base_v5,coordinate_residual,derived_class_macro_f1,2bek_D,,,,,,,,,,,,,0.011111111111111112,0.011111111111111112,0.0
base_v5,coordinate_residual,derived_class_macro_f1,2d5g_D,,,,,,,,,,,,,0.0,0.0,0.0
base_v5,coordinate_residual,derived_class_macro_f1,2eyp_A,,,,,,,,,,,,,0.39655172413793105,0.3793103448275862,0.017241379310344862
base_v5,coordinate_residual,derived_class_macro_f1,2hlp_A,,,,,,,,,,,,,0.043782837127845885,0.02626970227670753,0.017513134851138354
base_v5,coordinate_residual,derived_class_macro_f1,2o94_B,,,,,,,,,,,,,0.375,0.375,0.0
base_v5,coordinate_residual,derived_class_macro_f1,2ouv_B,,,,,,,,,,,,,0.045454545454545456,0.045454545454545456,0.0
base_v5,coordinate_residual,derived_class_macro_f1,2pp3_B,,,,,,,,,,,,,0.0,0.4,-0.4
base_v5,coordinate_residual,derived_class_macro_f1,2xhn_B,,,,,,,,,,,,,1.0,1.0,0.0
base_v5,coordinate_residual,derived_class_macro_f1,2ygp_A,,,,,,,,,,,,,0.0,0.0,0.0
base_v5,coordinate_residual,derived_class_macro_f1,3a9w_A,,,,,,,,,,,,,0.0,0.0,0.0
base_v5,coordinate_residual,derived_class_macro_f1,3ax3_A,,,,,,,,,,,,,0.0,0.0,0.0
base_v5,coordinate_residual,derived_class_macro_f1,3b8t_A,,,,,,,,,,,,,0.2830188679245283,0.2830188679245283,0.0
base_v5,coordinate_residual,derived_class_macro_f1,3cfh_B,,,,,,,,,,,,,0.375,0.375,0.0
base_v5,coordinate_residual,derived_class_macro_f1,3cyi_A,,,,,,,,,,,,,0.7777777777777778,0.0,0.7777777777777778
base_v5,coordinate_residual,derived_class_macro_f1,3dl5_C,,,,,,,,,,,,,0.7631578947368421,0.0,0.7631578947368421
base_v5,coordinate_residual,derived_class_macro_f1,3e44_A,,,,,,,,,,,,,0.0,0.0,0.0
base_v5,coordinate_residual,derived_class_macro_f1,3g7j_B,,,,,,,,,,,,,0.5,0.5625,-0.0625
base_v5,coordinate_residual,derived_class_macro_f1,3jtq_B,,,,,,,,,,,,,0.5,0.5,0.0
base_v5,coordinate_residual,derived_class_macro_f1,3lze_A,,,,,,,,,,,,,0.0,1.0,-1.0
base_v5,coordinate_residual,derived_class_macro_f1,3m0o_B,,,,,,,,,,,,,0.453781512605042,0.16806722689075632,0.2857142857142857
base_v5,coordinate_residual,derived_class_macro_f1,3o98_B,,,,,,,,,,,,,0.0,0.0,0.0
base_v5,coordinate_residual,derived_class_macro_f1,3pnv_A,,,,,,,,,,,,,0.0,0.0,0.0
base_v5,coordinate_residual,derived_class_macro_f1,3wfz_C,,,,,,,,,,,,,0.0,0.0,0.0
base_v5,coordinate_residual,derived_class_macro_f1,3x2y_C,,,,,,,,,,,,,0.0,0.2777777777777778,-0.2777777777777778
base_v5,coordinate_residual,derived_class_macro_f1,3zwb_B,,,,,,,,,,,,,0.0,0.0,0.0
base_v5,coordinate_residual,derived_class_macro_f1,4bl2_B,,,,,,,,,,,,,1.0,0.0,1.0
base_v5,coordinate_residual,derived_class_macro_f1,4cj8_I,,,,,,,,,,,,,0.0,0.0,0.0
base_v5,coordinate_residual,derived_class_macro_f1,4cv1_E,,,,,,,,,,,,,0.25920542635658916,0.006298449612403101,0.25290697674418605
base_v5,coordinate_residual,derived_class_macro_f1,4dfx_E,,,,,,,,,,,,,1.0,0.0,1.0
base_v5,coordinate_residual,derived_class_macro_f1,4f4m_D,,,,,,,,,,,,,0.17391304347826086,0.21739130434782608,-0.043478260869565216
base_v5,coordinate_residual,derived_class_macro_f1,4gvr_C,,,,,,,,,,,,,0.7777777777777778,0.2222222222222222,0.5555555555555556
base_v5,coordinate_residual,derived_class_macro_f1,4hgq_E,,,,,,,,,,,,,0.6875,0.3125,0.375
base_v5,coordinate_residual,derived_class_macro_f1,4ok4_B,,,,,,,,,,,,,0.125,0.125,0.0
base_v5,coordinate_residual,derived_class_macro_f1,4p4h_A,,,,,,,,,,,,,0.0,0.0,0.0
base_v5,coordinate_residual,derived_class_macro_f1,4wef_A,,,,,,,,,,,,,0.15,0.15,0.0
base_v5,coordinate_residual,derived_class_macro_f1,4x88_A,,,,,,,,,,,,,0.9242424242424242,0.9242424242424242,0.0
base_v5,coordinate_residual,derived_class_macro_f1,4xy5_A,,,,,,,,,,,,,0.0,0.0,0.0
base_v5,coordinate_residual,derived_class_macro_f1,5hgv_C,,,,,,,,,,,,,0.75,0.25,0.5
base_v5,coordinate_residual,derived_class_macro_f1,5mdw_6,,,,,,,,,,,,,1.0,0.0,1.0
base_v5,coordinate_residual,derived_class_macro_f1,5tnf_C,,,,,,,,,,,,,0.2319915254237288,0.2319915254237288,0.0
base_v5,coordinate_residual,derived_class_macro_f1,5vec_B,,,,,,,,,,,,,0.0,0.0,0.0
base_v5,coordinate_residual,derived_class_macro_f1,5xuh_A,,,,,,,,,,,,,0.0,0.0,0.0
base_v5,coordinate_residual,derived_class_macro_f1,6a1v_A,,,,,,,,,,,,,0.22916666666666666,0.3333333333333333,-0.10416666666666666
base_v5,coordinate_residual,derived_class_macro_f1,6bau_B,,,,,,,,,,,,,0.0,0.75,-0.75
base_v5,coordinate_residual,derived_class_macro_f1,6bl6_B,,,,,,,,,,,,,0.851063829787234,0.14893617021276595,0.7021276595744681
base_v5,coordinate_residual,derived_class_macro_f1,6e2j_A,,,,,,,,,,,,,1.0,0.0,1.0
base_v5,coordinate_residual,derived_class_macro_f1,6ej6_A,,,,,,,,,,,,,0.0,1.0,-1.0
base_v5,coordinate_residual,derived_class_macro_f1,6i7u_A,,,,,,,,,,,,,0.0,0.0,0.0
base_v5,coordinate_residual,derived_class_macro_f1,6k0q_A,,,,,,,,,,,,,0.5,0.5,0.0
base_v5,coordinate_residual,derived_class_macro_f1,6l7d_A,,,,,,,,,,,,,0.0,0.0,0.0
base_v5,coordinate_residual,derived_class_macro_f1,6m4l_A,,,,,,,,,,,,,0.0,0.0,0.0
base_v5,coordinate_residual,derived_class_macro_f1,6o4b_G,,,,,,,,,,,,,0.04830917874396135,0.04830917874396135,0.0
base_v5,coordinate_residual,derived_class_macro_f1,6r6n_B,,,,,,,,,,,,,0.0,0.0,0.0
base_v5,coordinate_residual,derived_class_macro_f1,6uau_A,,,,,,,,,,,,,0.0,0.0,0.0
base_v5,coordinate_residual,derived_class_macro_f1,6zy0_A,,,,,,,,,,,,,1.0,0.0,1.0
base_v5,coordinate_residual,derived_class_macro_f1,7bbx_A,,,,,,,,,,,,,0.0,1.0,-1.0
base_v5,coordinate_residual,derived_class_macro_f1,7bxo_B,,,,,,,,,,,,,0.18181818181818182,0.045454545454545456,0.13636363636363635
base_v5,coordinate_residual,derived_class_macro_f1,7dwo_B,,,,,,,,,,,,,0.0,0.0,0.0
base_v5,coordinate_residual,derived_class_macro_f1,7m8h_C,,,,,,,,,,,,,0.4375,0.4375,0.0
base_v5,coordinate_residual,derived_class_macro_f1,7n6n_A,,,,,,,,,,,,,0.5088289019687436,0.0042960557472430825,0.5045328462215005
base_v5,coordinate_residual,derived_class_macro_f1,7nlg_C,,,,,,,,,,,,,0.8571428571428571,0.8571428571428571,0.0
base_v5,coordinate_residual,derived_class_macro_f1,7o58_B,,,,,,,,,,,,,0.125,0.125,0.0
base_v5,coordinate_residual,derived_class_macro_f1,7sj1_C,,,,,,,,,,,,,1.0,0.0,1.0
base_v5,coordinate_residual,derived_class_macro_f1,7sp0_B,,,,,,,,,,,,,1.0,0.0,1.0
base_v5,coordinate_residual,derived_class_macro_f1,7vns_A,,,,,,,,,,,,,0.5,0.0,0.5
base_v5,coordinate_residual,derived_class_macro_f1,8eip_B,,,,,,,,,,,,,0.5,0.5,0.0
base_v5,coordinate_residual,derived_class_macro_f1,8eqo_B,,,,,,,,,,,,,0.42021625163827,0.015727391874180863,0.4044888597640891
base_v5,coordinate_residual,derived_class_macro_f1,8f79_A,,,,,,,,,,,,,0.0,0.0,0.0
base_v5,coordinate_residual,derived_class_macro_f1,8jce_G,,,,,,,,,,,,,0.0,0.0,0.0
base_v5,coordinate_residual,derived_class_macro_f1,8ka0_C,,,,,,,,,,,,,0.0,0.0,0.0
base_v5,coordinate_residual,derived_class_macro_f1,8r3c_A,,,,,,,,,,,,,0.006666666666666667,0.006666666666666667,0.0
base_v5,coordinate_residual,derived_class_macro_f1,8t06_A,,,,,,,,,,,,,0.0,0.0,0.0
base_v5,coordinate_residual,derived_class_macro_f1,8up8_C,,,,,,,,,,,,,0.0,0.4,-0.4
base_v5,coordinate_residual,derived_class_macro_f1,8wkd_A,,,,,,,,,,,,,0.0,0.0,0.0
base_v5,coordinate_residual,derived_class_macro_f1,8x84_C,,,,,,,,,,,,,1.0,0.0,1.0
base_v5,coordinate_residual,derived_class_macro_f1,9bc6_C,,,,,,,,,,,,,1.0,0.0,1.0
base_v5,coordinate_residual,derived_class_macro_f1,9cp9_B,,,,,,,,,,,,,0.0,0.0,0.0
base_v5,coordinate_residual,derived_class_macro_f1,9hkm_C,,,,,,,,,,,,,0.0,0.0,0.0
base_v5,coordinate_residual,derived_class_macro_f1,9j83_A,,,,,,,,,,,,,1.0,0.0,1.0
base_v5,coordinate_residual,derived_class_macro_f1,9m80_B,,,,,,,,,,,,,0.0,0.0,0.0
base_v5,coordinate_residual,derived_class_macro_f1,9r2f_C,,,,,,,,,,,,,1.0,0.0,1.0
base_v5,coordinate_residual,derived_class_macro_f1,9sd5_A,,,,,,,,,,,,,0.0,0.0,0.0
base_v5,coordinate_residual,derived_class_macro_f1,9swq_B,,,,,,,,,,,,,1.0,0.0,1.0
base_v5,coordinate_residual,derived_class_macro_f1,9va6_A,,,,,,,,,,,,,0.0,0.0,0.0
