model_name,factor,group,metric,sample_mean,cluster_mean,sample_weighted_cluster_mean,residue_weighted_cluster_mean,n_samples,n_clusters,n_residues,n_valid_samples,bootstrap_ci_low,bootstrap_ci_high
base_v5,exposure_group,exposed,global_mae,0.4195963654184945,0.5083233207879664,0.41959636541849443,0.42361975364077714,15810,54,4358892,15810,0.28690172144675025,0.8367264708699322
base_v5,exposure_group,exposed,shell_mae,0.41693930571432436,0.5971906978599998,0.41693930571432436,0.4147780525960399,15810,54,4358892,15810,0.3676292844001937,0.9192219474505172
base_v5,exposure_group,exposed,mae_shell_0,0.5251535664720965,0.8263416157320633,0.5251535664720965,0.5156961148778023,15810,54,4358892,15810,0.529665585120687,1.1724977611371403
base_v5,exposure_group,exposed,mae_shell_1,0.45788778321930595,0.6666978553806463,0.457887783219306,0.455999704603433,15810,54,4358892,15810,0.39167319337283124,1.053972731025943
base_v5,exposure_group,exposed,mae_shell_2,0.34800860041745646,0.502696450599539,0.34800860041745646,0.3524873863924213,15810,54,4358892,15810,0.29966283737518573,0.7940653551304572
base_v5,exposure_group,exposed,mae_shell_3,0.3192609012544339,0.47650618131325023,0.31926090125443396,0.30801897667581035,15810,54,4358892,15810,0.2691339805476475,0.7654905308165999
base_v5,exposure_group,exposed,mae_shell_4,0.434385677208329,0.5137113862745001,0.4343856772083291,0.44168808043073293,15810,54,4358892,15810,0.28192875891990055,0.8539845572972955
base_v5,exposure_group,exposed,perturbed_auroc,0.835707344292808,0.8212318413705472,0.8357073442928081,0.8329402223013934,15810,54,4358892,15074,0.7807935850240794,0.8570217296227232
base_v5,exposure_group,exposed,perturbed_auprc,0.4020061690701799,0.44897198860394527,0.40200616907017994,0.4010780683903054,15810,54,4358892,15074,0.381969903203901,0.51840938963404
base_v5,exposure_group,exposed,radius_mae,36.86709513006747,26.353931019732087,36.86709513006747,40.21885376343068,15810,54,4358892,15810,20.529925743288413,32.902799555034136
base_v5,exposure_group,exposed,class_correct,0.2148640101201771,0.36858252694437293,0.2148640101201771,0.20228877586640145,15810,54,4358892,15810,0.25906608479275534,0.4801609028872452
base_v5,exposure_group,exposed,class_macro_f1,0.0716213367067257,0.12286084231479094,0.0716213367067257,0.06742959195546715,15810,54,4358892,15810,0.08635536159758508,0.16005363429574843
base_v5,exposure_group,exposed,non_local_f1,0.20638836179633144,0.27216270424670985,0.20638836179633144,0.1940850277791167,15810,54,4358892,15810,0.1676015653407026,0.38164135963713597
base_v5,exposure_group,exposed,non_local_recall,0.21622158902657213,0.32508000068441206,0.21622158902657213,0.1995116340232848,15810,54,4358892,15091,0.2055325521617849,0.4508892833974703
base_v5,exposure_group,buried,global_mae,0.45176531277161563,0.4531136877130058,0.4517653127716158,0.4549191545099621,30171,78,8311089,30171,0.29708635658196336,0.6876788538784924
base_v5,exposure_group,buried,shell_mae,0.38266114408752966,0.45383452760810655,0.38266114408752977,0.3569171457285714,30171,78,8311089,30171,0.3114568378500933,0.67273346039512
base_v5,exposure_group,buried,mae_shell_0,0.45685000588502045,0.5275331734740052,0.45685000588502045,0.3585245425074068,30171,78,8311089,30171,0.3599624334645625,0.7515054800068276
base_v5,exposure_group,buried,mae_shell_1,0.32399753246640955,0.478723024443096,0.3239975324664096,0.29564445814583296,30171,78,8311089,30171,0.30839773111405727,0.7452666927166002
base_v5,exposure_group,buried,mae_shell_2,0.300679600521164,0.39411316520502676,0.30067960052116394,0.2936127026671509,30171,78,8311089,30171,0.26724950918075124,0.588280389670686
base_v5,exposure_group,buried,mae_shell_3,0.3281305652074806,0.39985492134993317,0.3281305652074806,0.3217461717774217,30171,78,8311089,30171,0.26861332809970107,0.599444408430212
base_v5,exposure_group,buried,mae_shell_4,0.5036480163575738,0.46894835356847114,0.5036480163575737,0.5150578535450443,30171,78,8311089,30171,0.30342257578182447,0.7129736172467521
base_v5,exposure_group,buried,perturbed_auroc,0.8102529947180841,0.8033489598550162,0.8102529947180841,0.8086435924414169,30171,78,8311089,29594,0.7748561566942761,0.8292480710097869
base_v5,exposure_group,buried,perturbed_auprc,0.41882768763602823,0.3569250888070029,0.41882768763602835,0.41942661421368005,30171,78,8311089,29594,0.3052677778956363,0.409792991105565
base_v5,exposure_group,buried,radius_mae,22.215802446563355,26.71265130866044,22.215802446563355,22.449715905785197,30171,78,8311089,30171,22.978070703999087,30.649013318642265
base_v5,exposure_group,buried,class_correct,0.5205329621159391,0.2837557543859353,0.5205329621159391,0.5574609466512479,30171,78,8311089,30171,0.20160946213566902,0.37022853913473297
base_v5,exposure_group,buried,class_macro_f1,0.17351098737197967,0.09458525146197842,0.17351098737197967,0.18582031555041598,30171,78,8311089,30171,0.067203154045223,0.12340951304491098
base_v5,exposure_group,buried,non_local_f1,0.5065128766033609,0.17733789030086042,0.5065128766033609,0.5434169511151575,30171,78,8311089,30171,0.10359390780901351,0.25903337624022976
base_v5,exposure_group,buried,non_local_recall,0.5164233576642335,0.2015315909319945,0.5164233576642335,0.5542552217607797,30171,78,8311089,29592,0.11840399133111854,0.29345616474927044
base_v5,substitution_size_group,small_to_large,global_mae,0.37810002471768067,0.3749999067474301,0.37810002471768056,0.39478708575940785,15792,45,4373921,15792,0.26936644683113525,0.5043095525031286
base_v5,substitution_size_group,small_to_large,shell_mae,0.3289753150949273,0.34289590166926237,0.3289753150949273,0.3400320062012593,15792,45,4373921,15792,0.2610225318382897,0.43898056741264463
base_v5,substitution_size_group,small_to_large,mae_shell_0,0.37807770528603263,0.3890045770762462,0.3780777052860325,0.3860336427281086,15792,45,4373921,15792,0.28434257286681824,0.5153431710877021
base_v5,substitution_size_group,small_to_large,mae_shell_1,0.31539101635172534,0.33850856428494264,0.31539101635172545,0.3274281706032176,15792,45,4373921,15792,0.24442792740780497,0.4578487457911538
base_v5,substitution_size_group,small_to_large,mae_shell_2,0.2712925926723543,0.28544819807053157,0.2712925926723543,0.28326926529170005,15792,45,4373921,15792,0.21273687286534976,0.37141646466801526
base_v5,substitution_size_group,small_to_large,mae_shell_3,0.2775606167746842,0.3095123004645852,0.27756061677468424,0.2819077103157837,15792,45,4373921,15792,0.23039662271697284,0.40040629729094773
base_v5,substitution_size_group,small_to_large,mae_shell_4,0.40255464438984023,0.3920058684500061,0.4025546443898403,0.4215212420674868,15792,45,4373921,15792,0.277185697421597,0.534511891762892
base_v5,substitution_size_group,small_to_large,perturbed_auroc,0.8416165233046323,0.7971999444752487,0.8416165233046323,0.8371741457343839,15792,45,4373921,15423,0.7605003921443186,0.8304186605229837
base_v5,substitution_size_group,small_to_large,perturbed_auprc,0.3878443683148396,0.3789718164319682,0.38784436831483965,0.3930002393594076,15792,45,4373921,15423,0.30947070938106613,0.45104668624627803
base_v5,substitution_size_group,small_to_large,radius_mae,36.00140758968414,24.622306104130903,36.00140758968414,37.04765510514707,15792,45,4373921,15792,19.75863910939514,29.643828306377518
base_v5,substitution_size_group,small_to_large,class_correct,0.20200101317122593,0.32714532495105453,0.20200101317122593,0.20611478448441048,15792,45,4373921,15792,0.21365248043738325,0.4435846779753627
base_v5,substitution_size_group,small_to_large,class_macro_f1,0.06733367105707531,0.10904844165035149,0.06733367105707531,0.06870492816147017,15792,45,4373921,15792,0.07121749347912776,0.14786155932512085
base_v5,substitution_size_group,small_to_large,non_local_f1,0.18585359675785207,0.24615599007100938,0.18585359675785207,0.19011528758317384,15792,45,4373921,15792,0.13535207811662028,0.3678189339105608
base_v5,substitution_size_group,small_to_large,non_local_recall,0.1905225576111652,0.298468281264238,0.1905225576111652,0.1945591791461215,15792,45,4373921,15405,0.1673234811165846,0.433060508959914
base_v5,substitution_size_group,large_to_small,global_mae,0.47356536286167433,0.4385852651648649,0.4735653628616744,0.47028413008520287,30176,75,8294184,30176,0.2777685660149092,0.6733266596759907
base_v5,substitution_size_group,large_to_small,shell_mae,0.42878424533651716,0.4998885544157316,0.42878424533651716,0.3963186724154659,30176,75,8294184,30176,0.3314047041072936,0.7269651888617765
base_v5,substitution_size_group,large_to_small,mae_shell_0,0.5339374395547467,0.6582569746407053,0.5339374395547467,0.42675553354152446,30176,75,8294184,30176,0.4460800843687507,0.9099053102060037
base_v5,substitution_size_group,large_to_small,mae_shell_1,0.3986911242271355,0.5477803822016124,0.39869112422713554,0.3632318589960319,30176,75,8294184,30176,0.34390310839152155,0.8159794262307649
base_v5,substitution_size_group,large_to_small,mae_shell_2,0.34089986114055376,0.4346037337172577,0.3408998611405538,0.3300681380491767,30176,75,8294184,30176,0.28420262984357747,0.6409806925235744
base_v5,substitution_size_group,large_to_small,mae_shell_3,0.350015028667013,0.41575508669089545,0.35001502866701295,0.3355930643187434,30176,75,8294184,30176,0.26465389837095177,0.6216167469824101
base_v5,substitution_size_group,large_to_small,mae_shell_4,0.5203777730931369,0.4430465948281873,0.5203777730931369,0.5259447671718537,30176,75,8294184,30176,0.27491309779320455,0.6835501729355054
base_v5,substitution_size_group,large_to_small,perturbed_auroc,0.8068267267500442,0.8211135316552678,0.8068267267500442,0.8062888686673756,30176,75,8294184,29238,0.7900880251408389,0.8489789401125925
base_v5,substitution_size_group,large_to_small,perturbed_auprc,0.4265294427705723,0.3793222946527714,0.4265294427705723,0.4237893000281281,30176,75,8294184,29238,0.33281642714600895,0.42655094750684375
base_v5,substitution_size_group,large_to_small,radius_mae,22.681432299047298,28.37686046486098,22.681432299047298,24.08974914663749,30176,75,8294184,30176,24.064754291371166,33.190751653969606
base_v5,substitution_size_group,large_to_small,class_correct,0.5270744962884412,0.27994248539520006,0.5270744962884412,0.5562403898817114,30176,75,8294184,30176,0.19920432598818957,0.36666460047060334
base_v5,substitution_size_group,large_to_small,class_macro_f1,0.1756914987628137,0.0933141617984,0.17569149876281367,0.18541346329390376,30176,75,8294184,30176,0.0664014419960632,0.12222153349020112
base_v5,substitution_size_group,large_to_small,non_local_f1,0.5172653764581124,0.17553739194031587,0.5172653764581124,0.5463928274626647,30176,75,8294184,30176,0.10285461889063721,0.2542255055871168
base_v5,substitution_size_group,large_to_small,non_local_recall,0.5332581736189402,0.20658532176446778,0.5332581736189402,0.5585120059310477,30176,75,8294184,29271,0.12392136108401854,0.29703676621363795
base_v5,substitution_size_group,size_neutral,global_mae,0.2127545264088555,0.21779898009520432,0.2127545264088555,0.21338813873464618,13,2,1876,13,,
base_v5,substitution_size_group,size_neutral,shell_mae,0.22371064265310098,0.34911876124612323,0.22371064265310098,0.23946262188323827,13,2,1876,13,,
base_v5,substitution_size_group,size_neutral,mae_shell_0,0.2769319692101234,0.494290375461181,0.2769319692101234,0.3042334321391184,13,2,1876,13,,
base_v5,substitution_size_group,size_neutral,mae_shell_1,0.22900844898318004,0.4197131713694714,0.2290084489831801,0.25296205629202223,13,2,1876,13,,
base_v5,substitution_size_group,size_neutral,mae_shell_2,0.19795128191194616,0.3512280307299817,0.19795128191194616,0.21720372099589402,13,2,1876,13,,
base_v5,substitution_size_group,size_neutral,mae_shell_3,0.1731820419923915,0.25378334046839796,0.1731820419923915,0.18330602753463848,13,2,1876,13,,
base_v5,substitution_size_group,size_neutral,mae_shell_4,0.24147947116786356,0.22657888820158417,0.24147947116786364,0.23960787245451817,13,2,1876,13,,
base_v5,substitution_size_group,size_neutral,perturbed_auroc,0.8325939873760909,0.9023464926360529,0.8325939873760909,0.8496504490396589,13,2,1876,7,,
base_v5,substitution_size_group,size_neutral,perturbed_auprc,0.2908628883928084,0.5863366848958049,0.2908628883928084,0.36311459410372976,13,2,1876,7,,
base_v5,substitution_size_group,size_neutral,radius_mae,13.278454560499926,7.192496220270793,13.278454560499926,12.514023274500996,13,2,1876,13,,
base_v5,substitution_size_group,size_neutral,class_correct,0.5384615384615384,0.75,0.5384615384615384,0.5650319829424307,13,2,1876,13,,
base_v5,substitution_size_group,size_neutral,class_macro_f1,0.17948717948717946,0.25,0.1794871794871795,0.18834399431414356,13,2,1876,13,,
base_v5,substitution_size_group,size_neutral,non_local_f1,0.07692307692307693,0.5,0.07692307692307693,0.1300639658848614,13,2,1876,13,,
base_v5,substitution_size_group,size_neutral,non_local_recall,0.14285714285714285,0.5,0.14285714285714285,0.23018867924528302,13,2,1876,7,,
base_v5,charge_group,neutral_to_neutral,global_mae,0.4930688078232569,0.5422519575751317,0.4930688078232569,0.4778555478317463,28951,57,8597473,28951,0.3114320434474071,0.8694176658862148
base_v5,charge_group,neutral_to_neutral,shell_mae,0.40326267719003445,0.609811276066689,0.4032626771900345,0.3797592658285236,28951,57,8597473,28951,0.3750281773072465,0.9358016266363202
base_v5,charge_group,neutral_to_neutral,mae_shell_0,0.4284694453429935,0.7804708979080107,0.4284694453429935,0.38188657717369273,28951,57,8597473,28951,0.49965488558921645,1.125859063777461
base_v5,charge_group,neutral_to_neutral,mae_shell_1,0.35400347959092476,0.6783985841229062,0.35400347959092476,0.33275285562937684,28951,57,8597473,28951,0.3972322224521963,1.0702089042852572
base_v5,charge_group,neutral_to_neutral,mae_shell_2,0.33801944730373007,0.5224748326391503,0.33801944730373007,0.319324470733193,28951,57,8597473,28951,0.3099678038866973,0.8200107297056968
base_v5,charge_group,neutral_to_neutral,mae_shell_3,0.34406162755460096,0.520429395409265,0.3440616275546009,0.3266276710318633,28951,57,8597473,28951,0.3041363471840425,0.8129644219744744
base_v5,charge_group,neutral_to_neutral,mae_shell_4,0.551759386157923,0.5472826702541127,0.551759386157923,0.5382047545744921,28951,57,8597473,28951,0.3059973889946938,0.88464334969331
base_v5,charge_group,neutral_to_neutral,perturbed_auroc,0.8115261934085908,0.8111618502136361,0.8115261934085911,0.8117440463050127,28951,57,8597473,28657,0.7708882273406156,0.848005226688323
base_v5,charge_group,neutral_to_neutral,perturbed_auprc,0.4402879640333662,0.4379878211590098,0.4402879640333663,0.4329800615402565,28951,57,8597473,28657,0.37505104337270234,0.5020825245445205
base_v5,charge_group,neutral_to_neutral,radius_mae,24.91049499713647,24.416084850796985,24.91049499713647,25.281850638176028,28951,57,8597473,28951,20.023387421121328,29.00159822450166
base_v5,charge_group,neutral_to_neutral,class_correct,0.5479948879140617,0.33602239237996334,0.5479948879140617,0.5582088470937498,28951,57,8597473,28951,0.23426321234643335,0.44405913059727725
base_v5,charge_group,neutral_to_neutral,class_macro_f1,0.1826649626380205,0.11200746412665445,0.1826649626380206,0.18606961569791666,28951,57,8597473,28951,0.0780877374488111,0.14801971019909238
base_v5,charge_group,neutral_to_neutral,non_local_f1,0.5425373907637042,0.23979945144079276,0.5425373907637042,0.5525061966739794,28951,57,8597473,28951,0.13909132174720396,0.3458256255739028
base_v5,charge_group,neutral_to_neutral,non_local_recall,0.5472822299651567,0.26318525448063795,0.5472822299651567,0.5573920193271866,28951,57,8597473,28700,0.15613341821898924,0.3813089115009259
base_v5,charge_group,neutral_to_charged,global_mae,0.3731863375568725,0.5460656236623483,0.3731863375568725,0.4347581054723173,4036,9,876549,4036,0.2753073157292428,0.9194483404837648
base_v5,charge_group,neutral_to_charged,shell_mae,0.3570377046388271,0.6565941955595542,0.3570377046388271,0.41614651473823155,4036,9,876549,4036,0.3308590878548701,1.0924986422628016
base_v5,charge_group,neutral_to_charged,mae_shell_0,0.40998146071126124,0.9766710612144475,0.40998146071126124,0.4748833060214727,4036,9,876549,4036,0.4176327464901699,1.6348860145038813
base_v5,charge_group,neutral_to_charged,mae_shell_1,0.38954029257826217,0.7325333112931904,0.38954029257826217,0.46614900984217483,4036,9,876549,4036,0.3415229846866074,1.2160896405604686
base_v5,charge_group,neutral_to_charged,mae_shell_2,0.2993795474619599,0.5526784786218303,0.2993795474619599,0.35980329971702363,4036,9,876549,4036,0.2688775558946451,0.9690138967022596
base_v5,charge_group,neutral_to_charged,mae_shell_3,0.3019408850450782,0.4816368056638335,0.3019408850450782,0.32963432857224756,4036,9,876549,4036,0.2249382908902431,0.8460265774861938
base_v5,charge_group,neutral_to_charged,mae_shell_4,0.38434633739757407,0.5394513210044695,0.3843463373975741,0.45026262953823953,4036,9,876549,4036,0.2621863994212079,0.9200566371936998
base_v5,charge_group,neutral_to_charged,perturbed_auroc,0.8491955178556706,0.814821835860014,0.8491955178556706,0.8332347463100929,4036,9,876549,4015,0.7345284207161223,0.8905902981330499
base_v5,charge_group,neutral_to_charged,perturbed_auprc,0.36694306906892776,0.4944653424966008,0.3669430690689278,0.38418374854294346,4036,9,876549,4015,0.400727044438638,0.5936149631894235
base_v5,charge_group,neutral_to_charged,radius_mae,40.14642297530434,44.02619992638093,40.14642297530434,43.64379421972983,4036,9,876549,4036,27.198750623075725,68.27067239612596
base_v5,charge_group,neutral_to_charged,class_correct,0.005946481665014866,0.16848061733192418,0.005946481665014866,0.005163827099347669,4036,9,876549,4036,0.0015192262326020288,0.3911488558622317
base_v5,charge_group,neutral_to_charged,class_macro_f1,0.0019821605550049554,0.05616020577730804,0.0019821605550049554,0.0017212756997825565,4036,9,876549,4036,0.0005064087442006762,0.13038295195407723
base_v5,charge_group,neutral_to_charged,non_local_f1,0.0009910802775024777,0.1111111111111111,0.0009910802775024777,0.0014648353942563394,4036,9,876549,4036,0.0,0.3333333333333333
base_v5,charge_group,neutral_to_charged,non_local_recall,0.00099626400996264,0.1111111111111111,0.00099626400996264,0.001470399618887077,4036,9,876549,4015,0.0,0.3333333333333333
base_v5,charge_group,charged_to_neutral,global_mae,0.35233900927048595,0.30855358837962077,0.35233900927048584,0.35738768228846973,10065,52,2574864,10065,0.23175304850088443,0.4107467104593553
base_v5,charge_group,charged_to_neutral,shell_mae,0.39200222430304693,0.30538840676743323,0.39200222430304693,0.35277177778552704,10065,52,2574864,10065,0.2385905344816677,0.3816843101319201
base_v5,charge_group,charged_to_neutral,mae_shell_0,0.6307953136367778,0.3832509714174054,0.6307953136367777,0.45346937824583633,10065,52,2574864,10065,0.2478170315561566,0.5798101660440388
base_v5,charge_group,charged_to_neutral,mae_shell_1,0.40770622059531497,0.3067284778546541,0.40770622059531497,0.36425835146645086,10065,52,2574864,10065,0.22715486672732446,0.4060543641839952
base_v5,charge_group,charged_to_neutral,mae_shell_2,0.28478311855913224,0.2678136106498041,0.2847831185591323,0.2906887930504185,10065,52,2574864,10065,0.21075164932811682,0.33298803954911066
base_v5,charge_group,charged_to_neutral,mae_shell_3,0.27608160642591834,0.2503743883851652,0.2760816064259183,0.2809031293392456,10065,52,2574864,10065,0.19774288351871055,0.3162032959724807
base_v5,charge_group,charged_to_neutral,mae_shell_4,0.36064486229809145,0.31877458553013704,0.36064486229809145,0.3745392368256835,10065,52,2574864,10065,0.23363169579245993,0.4333612301355148
base_v5,charge_group,charged_to_neutral,perturbed_auroc,0.8224550516241701,0.8084233274997067,0.82245505162417,0.8267724538132364,10065,52,2574864,9582,0.7800674523070913,0.8366909877423608
base_v5,charge_group,charged_to_neutral,perturbed_auprc,0.36491181818475554,0.3225779874184635,0.36491181818475554,0.36706532010131454,10065,52,2574864,9582,0.2619466570644268,0.38492996483160075
base_v5,charge_group,charged_to_neutral,radius_mae,27.692965051752385,26.471015507676647,27.692965051752385,32.00484677815992,10065,52,2574864,10065,22.030752740710618,30.87872064585302
base_v5,charge_group,charged_to_neutral,class_correct,0.27332339791356186,0.26725701725386375,0.27332339791356186,0.22588312202653085,10065,52,2574864,10065,0.1737458915068165,0.3688726665456802
base_v5,charge_group,charged_to_neutral,class_macro_f1,0.09110779930452062,0.08908567241795456,0.09110779930452062,0.07529437400884362,10065,52,2574864,10065,0.05791529716893881,0.12295755551522669
base_v5,charge_group,charged_to_neutral,non_local_f1,0.2448087431693989,0.183658378580352,0.2448087431693989,0.19247881844082695,10065,52,2574864,10065,0.09596661474585616,0.28183969701540507
base_v5,charge_group,charged_to_neutral,non_local_recall,0.25765973021018507,0.2355033326369618,0.25765973021018507,0.20329934536705474,10065,52,2574864,9563,0.1247704619177027,0.35633291764948716
base_v5,charge_group,positive_to_negative,global_mae,0.3452199397504264,0.3125186395067372,0.3452199397504264,0.3452847161988645,789,2,81187,789,,
base_v5,charge_group,positive_to_negative,shell_mae,0.3847509049789399,0.30123124287976993,0.3847509049789399,0.3849163451004402,789,2,81187,789,,
base_v5,charge_group,positive_to_negative,mae_shell_0,0.5166707612860539,0.35107910753941585,0.516670761286054,0.516998773907594,789,2,81187,789,,
base_v5,charge_group,positive_to_negative,mae_shell_1,0.31661244867787386,0.2422306178208844,0.31661244867787386,0.31675978810460415,789,2,81187,789,,
base_v5,charge_group,positive_to_negative,mae_shell_2,0.22319185463231594,0.1694153554548733,0.22319185463231597,0.2232983779387347,789,2,81187,789,,
base_v5,charge_group,positive_to_negative,mae_shell_3,0.563206601008566,0.3823906402288003,0.563206601008566,0.5635647707349363,789,2,81187,789,,
base_v5,charge_group,positive_to_negative,mae_shell_4,0.30407285928988975,0.361040493354876,0.30407285928988975,0.30396001481633206,789,2,81187,789,,
base_v5,charge_group,positive_to_negative,perturbed_auroc,0.8544039975202988,0.8595236343414336,0.8544039975202988,0.8543938562755137,789,2,81187,789,,
base_v5,charge_group,positive_to_negative,perturbed_auprc,0.38879074708654326,0.3813303897681055,0.38879074708654326,0.388805524953098,789,2,81187,789,,
base_v5,charge_group,positive_to_negative,radius_mae,28.26884663633823,25.643860685749416,28.26884663633823,28.274046346007626,789,2,81187,789,,
base_v5,charge_group,positive_to_negative,class_correct,0.0,0.0,0.0,0.0,789,2,81187,789,,
base_v5,charge_group,positive_to_negative,class_macro_f1,0.0,0.0,0.0,0.0,789,2,81187,789,,
base_v5,charge_group,positive_to_negative,non_local_f1,0.0,0.0,0.0,0.0,789,2,81187,789,,
base_v5,charge_group,positive_to_negative,non_local_recall,0.0,0.0,0.0,0.0,789,2,81187,789,,
base_v5,charge_group,charged_to_charged_same_sign,global_mae,0.3026239072002493,0.24571713969348696,0.3026239072002493,0.3652576451502712,1490,7,340700,1490,0.15447763414282029,0.35145167183648296
base_v5,charge_group,charged_to_charged_same_sign,shell_mae,0.3250386000694508,0.24593288278709627,0.3250386000694508,0.34415701553213385,1490,7,340700,1490,0.16583866158288735,0.3342172262378697
base_v5,charge_group,charged_to_charged_same_sign,mae_shell_0,0.5305835033429399,0.3983325517095693,0.5305835033429399,0.5077526176629851,1490,7,340700,1490,0.23640483202982523,0.5925006008081569
base_v5,charge_group,charged_to_charged_same_sign,mae_shell_1,0.3494109224025583,0.2223639685760949,0.3494109224025584,0.3349795281203091,1490,7,340700,1490,0.1350095018428859,0.3115317230644744
base_v5,charge_group,charged_to_charged_same_sign,mae_shell_2,0.21978776438351508,0.17810285929061015,0.21978776438351508,0.2500713485302538,1490,7,340700,1490,0.12262446578336604,0.23779496537987338
base_v5,charge_group,charged_to_charged_same_sign,mae_shell_3,0.21694493993849404,0.17240644037704067,0.2169449399384941,0.24287261675179664,1490,7,340700,1490,0.1267353898270295,0.22645038003113213
base_v5,charge_group,charged_to_charged_same_sign,mae_shell_4,0.30846587027974665,0.2584585939821663,0.30846587027974653,0.3851089665953246,1490,7,340700,1490,0.1556316592071183,0.3773802941610543
base_v5,charge_group,charged_to_charged_same_sign,perturbed_auroc,0.827576302880386,0.8497824350384724,0.827576302880386,0.8093410395559404,1490,7,340700,993,0.8027487660375352,0.897322619002875
base_v5,charge_group,charged_to_charged_same_sign,perturbed_auprc,0.3405501203208351,0.3346858068939595,0.34055012032083515,0.3518052107328478,1490,7,340700,993,0.2504856348492208,0.42510026981383575
base_v5,charge_group,charged_to_charged_same_sign,radius_mae,22.33076797683767,22.469698351369235,22.33076797683767,31.471144075520144,1490,7,340700,1490,9.731586936294814,37.848643125283466
base_v5,charge_group,charged_to_charged_same_sign,class_correct,0.2912751677852349,0.40450681910190706,0.2912751677852349,0.3517647707985535,1490,7,340700,1490,0.13377945210006278,0.6710264373307852
base_v5,charge_group,charged_to_charged_same_sign,class_macro_f1,0.0970917225950783,0.13483560636730232,0.0970917225950783,0.11725492359951784,1490,7,340700,1490,0.044593150700020935,0.2236754791102617
base_v5,charge_group,charged_to_charged_same_sign,non_local_f1,0.2342281879194631,0.18904284121675424,0.2342281879194631,0.31684234929790756,1490,7,340700,1490,0.0,0.4014970536709667
base_v5,charge_group,charged_to_charged_same_sign,non_local_recall,0.3539553752535497,0.21767416644076984,0.3539553752535497,0.38284908042670684,1490,7,340700,986,0.0,0.48495527243155323
base_v5,charge_group,negative_to_positive,global_mae,0.32836060419887136,0.20875991141095068,0.3283606041988715,0.3277140032794975,650,5,199208,650,0.137506570611146,0.28609145461300045
base_v5,charge_group,negative_to_positive,shell_mae,0.4428299886389228,0.2512250049824819,0.44282998863892276,0.44189823185310706,650,5,199208,650,0.14970334843331093,0.3709033951191726
base_v5,charge_group,negative_to_positive,mae_shell_0,0.7381812977466065,0.4120619907546961,0.7381812977466063,0.7365039558911121,650,5,199208,650,0.22824233675996464,0.6194935966736843
base_v5,charge_group,negative_to_positive,mae_shell_1,0.49169759935391183,0.231836279316118,0.49169759935391183,0.4907022318854895,650,5,199208,650,0.133611826324525,0.3776185158091777
base_v5,charge_group,negative_to_positive,mae_shell_2,0.3224601491434857,0.2032591333074773,0.3224601491434857,0.32179242414829784,650,5,199208,650,0.12566498353877692,0.28085328307617774
base_v5,charge_group,negative_to_positive,mae_shell_3,0.34092492761742715,0.20335786853134205,0.34092492761742715,0.34021491482544547,650,5,199208,650,0.12029432508288602,0.2898408623569126
base_v5,charge_group,negative_to_positive,mae_shell_4,0.3208859693331829,0.20560975300277606,0.3208859693331829,0.320277632515191,650,5,199208,650,0.13900535272768133,0.27958763986923574
base_v5,charge_group,negative_to_positive,perturbed_auroc,0.8449069262495664,0.8804489606036933,0.8449069262495664,0.8449684005182307,650,5,199208,632,,
base_v5,charge_group,negative_to_positive,perturbed_auprc,0.3520755728993579,0.37958416006682955,0.3520755728993579,0.3521105495229946,650,5,199208,632,,
base_v5,charge_group,negative_to_positive,radius_mae,54.80059739039494,22.70433834264692,54.80059739039494,54.705929721468614,650,5,199208,650,11.56354026794434,40.54101129462371
base_v5,charge_group,negative_to_positive,class_correct,0.043076923076923075,0.3959434475258292,0.043076923076923075,0.045255504893450926,650,5,199208,650,0.06522022838499185,0.7359434475258293
base_v5,charge_group,negative_to_positive,class_macro_f1,0.014358974358974357,0.1319811491752764,0.014358974358974357,0.015085168297816975,650,5,199208,650,0.021740076128330614,0.2453144825086097
base_v5,charge_group,negative_to_positive,non_local_f1,0.03230769230769231,0.3026101141924959,0.03230769230769231,0.033781400774473114,650,5,199208,650,0.0026101141924959217,0.7
base_v5,charge_group,negative_to_positive,non_local_recall,0.03333333333333333,0.5032679738562091,0.03333333333333333,0.03477617908839053,650,5,199208,630,,
base_v5,charge_binary_group,no_charge_involved,global_mae,0.4930688078232569,0.5422519575751317,0.4930688078232569,0.4778555478317463,28951,57,8597473,28951,0.3114320434474071,0.8694176658862148
base_v5,charge_binary_group,no_charge_involved,shell_mae,0.40326267719003445,0.609811276066689,0.4032626771900345,0.3797592658285236,28951,57,8597473,28951,0.3750281773072465,0.9358016266363202
base_v5,charge_binary_group,no_charge_involved,mae_shell_0,0.4284694453429935,0.7804708979080107,0.4284694453429935,0.38188657717369273,28951,57,8597473,28951,0.49965488558921645,1.125859063777461
base_v5,charge_binary_group,no_charge_involved,mae_shell_1,0.35400347959092476,0.6783985841229062,0.35400347959092476,0.33275285562937684,28951,57,8597473,28951,0.3972322224521963,1.0702089042852572
base_v5,charge_binary_group,no_charge_involved,mae_shell_2,0.33801944730373007,0.5224748326391503,0.33801944730373007,0.319324470733193,28951,57,8597473,28951,0.3099678038866973,0.8200107297056968
base_v5,charge_binary_group,no_charge_involved,mae_shell_3,0.34406162755460096,0.520429395409265,0.3440616275546009,0.3266276710318633,28951,57,8597473,28951,0.3041363471840425,0.8129644219744744
base_v5,charge_binary_group,no_charge_involved,mae_shell_4,0.551759386157923,0.5472826702541127,0.551759386157923,0.5382047545744921,28951,57,8597473,28951,0.3059973889946938,0.88464334969331
base_v5,charge_binary_group,no_charge_involved,perturbed_auroc,0.8115261934085908,0.8111618502136361,0.8115261934085911,0.8117440463050127,28951,57,8597473,28657,0.7708882273406156,0.848005226688323
base_v5,charge_binary_group,no_charge_involved,perturbed_auprc,0.4402879640333662,0.4379878211590098,0.4402879640333663,0.4329800615402565,28951,57,8597473,28657,0.37505104337270234,0.5020825245445205
base_v5,charge_binary_group,no_charge_involved,radius_mae,24.91049499713647,24.416084850796985,24.91049499713647,25.281850638176028,28951,57,8597473,28951,20.023387421121328,29.00159822450166
base_v5,charge_binary_group,no_charge_involved,class_correct,0.5479948879140617,0.33602239237996334,0.5479948879140617,0.5582088470937498,28951,57,8597473,28951,0.23426321234643335,0.44405913059727725
base_v5,charge_binary_group,no_charge_involved,class_macro_f1,0.1826649626380205,0.11200746412665445,0.1826649626380206,0.18606961569791666,28951,57,8597473,28951,0.0780877374488111,0.14801971019909238
base_v5,charge_binary_group,no_charge_involved,non_local_f1,0.5425373907637042,0.23979945144079276,0.5425373907637042,0.5525061966739794,28951,57,8597473,28951,0.13909132174720396,0.3458256255739028
base_v5,charge_binary_group,no_charge_involved,non_local_recall,0.5472822299651567,0.26318525448063795,0.5472822299651567,0.5573920193271866,28951,57,8597473,28700,0.15613341821898924,0.3813089115009259
base_v5,charge_binary_group,charge_involved,global_mae,0.351684952061521,0.3381870016341688,0.35168495206152095,0.37300013547564065,17030,59,4072508,17030,0.25342308330678304,0.44169047019222607
base_v5,charge_binary_group,charge_involved,shell_mae,0.37946107071518725,0.33222158591480655,0.37946107071518725,0.37063289326679655,17030,59,4072508,17030,0.2544184453098517,0.42485366343897435
base_v5,charge_binary_group,charge_involved,mae_shell_0,0.5685073694278209,0.3982337226089106,0.5685073694278209,0.47760092486812605,17030,59,4072508,17030,0.2811856388666431,0.5370349359066299
base_v5,charge_binary_group,charge_involved,mae_shell_1,0.3972860051147626,0.3335589536908596,0.3972860051147626,0.38890101299271695,17030,59,4072508,17030,0.24333250728849717,0.44570864426464657
base_v5,charge_binary_group,charge_involved,mae_shell_2,0.28114029248583305,0.2964723087272626,0.2811402924858331,0.30229747747468916,17030,59,4072508,17030,0.22526485102150848,0.3811675698728058
base_v5,charge_binary_group,charge_involved,mae_shell_3,0.2928135027818113,0.2808827232786477,0.29281350278181134,0.29670117681814595,17030,59,4072508,17030,0.21529268316417288,0.35960408399127586
base_v5,charge_binary_group,charge_involved,mae_shell_4,0.35755818376570836,0.35196022126835225,0.35755818376570836,0.38766387418030457,17030,59,4072508,17030,0.26072985809362625,0.4640275173985891
base_v5,charge_binary_group,charge_involved,perturbed_auroc,0.8319388863310712,0.8139455665421027,0.8319388863310713,0.8284465382368339,17030,59,4072508,16011,0.7862149671078928,0.8411209356116058
base_v5,charge_binary_group,charge_involved,perturbed_auprc,0.36458031323217405,0.35330560258778027,0.3645803132321742,0.36951987452366303,17030,59,4072508,16011,0.29912589116246796,0.4097758917411475
base_v5,charge_binary_group,charge_involved,radius_mae,31.236524307664816,27.939651913275767,31.236524307664816,35.49336460343575,17030,59,4072508,17030,22.925791424900336,33.53933611581991
base_v5,charge_binary_group,charge_involved,class_correct,0.1900763358778626,0.2782161574505925,0.1900763358778626,0.17576984814272742,17030,59,4072508,17030,0.18795288166622653,0.3747024843302249
base_v5,charge_binary_group,charge_involved,class_macro_f1,0.0633587786259542,0.0927387191501975,0.06335877862595418,0.05858994938090914,17030,59,4072508,17030,0.06265096055540885,0.12490082811007497
base_v5,charge_binary_group,charge_involved,non_local_f1,0.1666470933646506,0.18186106375294536,0.1666470933646506,0.15036410269604855,17030,59,4072508,17030,0.09685768520572903,0.2744844816311121
base_v5,charge_binary_group,charge_involved,non_local_recall,0.1775636613902271,0.23193750006838923,0.1775636613902271,0.15834663435403248,17030,59,4072508,15983,0.13065899114923826,0.34339615548757735
base_v5,glypro_group,no_gly_or_pro,global_mae,0.4508207863700135,0.44080906883294196,0.4508207863700135,0.45025296297398126,40753,96,11384104,40753,0.30819030486075005,0.6297795211686489
base_v5,glypro_group,no_gly_or_pro,shell_mae,0.40815629311128965,0.4637117854255031,0.4081562931112896,0.38578208258197355,40753,96,11384104,40753,0.33644837130995214,0.6448824569303983
base_v5,glypro_group,no_gly_or_pro,mae_shell_0,0.49864094317384783,0.5686156319962267,0.4986409431738477,0.41998190507551114,40753,96,11384104,40753,0.41089704348989925,0.7585764011247571
base_v5,glypro_group,no_gly_or_pro,mae_shell_1,0.3909610358811806,0.494816213013042,0.39096103588118064,0.3677508620783035,40753,96,11384104,40753,0.3403646028417522,0.7119371205135238
base_v5,glypro_group,no_gly_or_pro,mae_shell_2,0.32978128252082006,0.40465746916313927,0.32978128252082006,0.3237524528472662,40753,96,11384104,40753,0.2900742018609685,0.5679354736594179
base_v5,glypro_group,no_gly_or_pro,mae_shell_3,0.32990765659599547,0.397564030567862,0.3299076565959955,0.3201769300002612,40753,96,11384104,40753,0.2793975789855304,0.5611339992093937
base_v5,glypro_group,no_gly_or_pro,mae_shell_4,0.49149054738460407,0.4529055823872461,0.49149054738460407,0.4972482629085261,40753,96,11384104,40753,0.31272333702409816,0.6496580912533352
base_v5,glypro_group,no_gly_or_pro,perturbed_auroc,0.8158858048366986,0.808946796978703,0.8158858048366987,0.8153204569615105,40753,96,11384104,39491,0.7833044373228271,0.8335444036159015
base_v5,glypro_group,no_gly_or_pro,perturbed_auprc,0.4184660346783046,0.38283194344831306,0.4184660346783046,0.4160934548023354,40753,96,11384104,39491,0.33565944771068734,0.43058374144922373
base_v5,glypro_group,no_gly_or_pro,radius_mae,25.74148763379498,26.627530838963494,25.74148763379498,27.06474266957916,40753,96,11384104,40753,22.746673036238665,30.73507971531506
base_v5,glypro_group,no_gly_or_pro,class_correct,0.45976983289573775,0.306385255422912,0.45976983289573775,0.4777957025865706,40753,96,11384104,40753,0.2325379965155117,0.3856766870868598
base_v5,glypro_group,no_gly_or_pro,class_macro_f1,0.1532566109652459,0.10212841847430398,0.15325661096524595,0.1592652341955235,40753,96,11384104,40753,0.07751266550517057,0.12855889569561993
base_v5,glypro_group,no_gly_or_pro,non_local_f1,0.4473535690624003,0.2144582480522695,0.4473535690624003,0.4656359601167234,40753,96,11384104,40753,0.14415171911409433,0.29230105082770874
base_v5,glypro_group,no_gly_or_pro,non_local_recall,0.4613691003416424,0.24609308736112673,0.4613691003416424,0.47662007826300623,40753,96,11384104,39515,0.16581724935698708,0.33247043758833383
base_v5,glypro_group,gly_or_pro_involved,global_mae,0.36184588407835766,0.21325568885475873,0.36184588407835766,0.3900632673042183,5228,11,1285877,5228,0.15989851633905422,0.2771380810038876
base_v5,glypro_group,gly_or_pro_involved,shell_mae,0.2875834713932557,0.24479535725809162,0.2875834713932557,0.29792675332622004,5228,11,1285877,5228,0.1577392749750201,0.36670717520672796
base_v5,glypro_group,gly_or_pro_involved,mae_shell_0,0.3376405999076084,0.44131528094223643,0.3376405999076084,0.34869996200751563,5228,11,1285877,5228,0.18248417560638164,0.8387105672091116
base_v5,glypro_group,gly_or_pro_involved,mae_shell_1,0.20690518543908135,0.23064650246247018,0.20690518543908135,0.20152521530317594,5228,11,1285877,5228,0.12460996873785704,0.39837666265742416
base_v5,glypro_group,gly_or_pro_involved,mae_shell_2,0.21695554578290874,0.15938817101545216,0.21695554578290874,0.22659340109050202,5228,11,1285877,5228,0.12712247843751656,0.19684305125677976
base_v5,glypro_group,gly_or_pro_involved,mae_shell_3,0.28745512671210655,0.17685041402881124,0.2874551267121066,0.2889632597379861,5228,11,1285877,5228,0.14089611463239213,0.21893343016964856
base_v5,glypro_group,gly_or_pro_involved,mae_shell_4,0.38896089912457343,0.21577641784148807,0.3889608991245735,0.42385192849192027,5228,11,1285877,5228,0.1584187929790842,0.28776416650686837
base_v5,glypro_group,gly_or_pro_involved,perturbed_auroc,0.8414010652406231,0.8858671711184551,0.841401065240623,0.831351353109546,5228,11,1285877,5177,0.8512311435269455,0.920590768928597
base_v5,glypro_group,gly_or_pro_involved,perturbed_auprc,0.3726068002672563,0.39946557641095476,0.3726068002672563,0.3873145420147381,5228,11,1285877,5177,0.29531827886893774,0.5116741496376954
base_v5,glypro_group,gly_or_pro_involved,radius_mae,39.03957614414365,28.60039087246239,39.03957614414365,41.84547243829287,5228,11,1285877,5228,20.96977483358987,36.406639718544106
base_v5,glypro_group,gly_or_pro_involved,class_correct,0.06981637337413925,0.2415008508015188,0.06981637337413925,0.0588500627249507,5228,11,1285877,5228,0.09820318168095397,0.3991222559356627
base_v5,glypro_group,gly_or_pro_involved,class_macro_f1,0.02327212445804642,0.08050028360050625,0.023272124458046415,0.019616687574983565,5228,11,1285877,5228,0.03273439389365132,0.13304075197855422
base_v5,glypro_group,gly_or_pro_involved,non_local_f1,0.06006120887528692,0.0670701005105809,0.06006120887528692,0.04783360645651236,5228,11,1285877,5228,0.0,0.20050383738479816
base_v5,glypro_group,gly_or_pro_involved,non_local_recall,0.060758513931888546,0.06707185166108678,0.060758513931888546,0.048524422679754674,5228,11,1285877,5168,0.0,0.20050733968580994
base_v5,gly_group,no_gly,global_mae,0.4506755763457659,0.4391241673481184,0.4506755763457659,0.450830045747404,42431,97,11867087,42431,0.31029389298985965,0.6286699439067641
base_v5,gly_group,no_gly,shell_mae,0.4060207151417016,0.4667271907685229,0.4060207151417016,0.3845470890341293,42431,97,11867087,42431,0.3405883913302484,0.6453276638575162
base_v5,gly_group,no_gly,mae_shell_0,0.49570135235173823,0.5852607050720823,0.49570135235173823,0.41875516795782747,42431,97,11867087,42431,0.4235745962601231,0.7788893831729345
base_v5,gly_group,no_gly,mae_shell_1,0.38505627754762495,0.4998995379688449,0.38505627754762506,0.3627988326468449,42431,97,11867087,42431,0.34833385931918126,0.7151471520993052
base_v5,gly_group,no_gly,mae_shell_2,0.3280547758666008,0.40323654454873376,0.3280547758666008,0.3225371599277256,42431,97,11867087,42431,0.29100436616034303,0.5636030890375843
base_v5,gly_group,no_gly,mae_shell_3,0.3301665387243523,0.3949953503323969,0.3301665387243524,0.32124252598636643,42431,97,11867087,42431,0.2804699417232269,0.5542170953118418
base_v5,gly_group,no_gly,mae_shell_4,0.49112463121819183,0.450243815920557,0.49112463121819183,0.49740175865188196,42431,97,11867087,42431,0.31249885821744894,0.6472568540059168
base_v5,gly_group,no_gly,perturbed_auroc,0.8156686327582809,0.8107106373803062,0.8156686327582807,0.8150753534880635,42431,97,11867087,41160,0.7852892143874836,0.8352759014355948
base_v5,gly_group,no_gly,perturbed_auprc,0.41781494895835825,0.38832334801805196,0.41781494895835813,0.41592415671257815,42431,97,11867087,41160,0.34147353220731286,0.43626540207585796
base_v5,gly_group,no_gly,radius_mae,26.058376381003974,26.7685301316944,26.058376381003974,27.45270974945237,42431,97,11867087,42431,22.89704227006337,30.831464048978386
base_v5,gly_group,no_gly,class_correct,0.4486813886073861,0.3028845811394403,0.4486813886073861,0.4632081411403586,42431,97,11867087,42431,0.22833341877108637,0.3813362320498009
base_v5,gly_group,no_gly,class_macro_f1,0.1495604628691287,0.10096152704648008,0.1495604628691287,0.1544027137134529,42431,97,11867087,42431,0.0761111395903621,0.1271120773499336
base_v5,gly_group,no_gly,non_local_f1,0.43654403619994814,0.2122525683718243,0.43654403619994814,0.4512785284609507,42431,97,11867087,42431,0.14199825620804687,0.2877564217081616
base_v5,gly_group,no_gly,non_local_recall,0.4497620435120435,0.24339272482808103,0.4497620435120435,0.46160634459202693,42431,97,11867087,41184,0.163234012194047,0.3289872003014502
base_v5,gly_group,gly_involved,global_mae,0.32152518562580834,0.2197373947459618,0.3215251856258083,0.3453520814713771,3550,9,802894,3550,0.15857094514866205,0.2902143638965663
base_v5,gly_group,gly_involved,shell_mae,0.25611685561430525,0.19879821118028224,0.2561168556143052,0.2633486193099159,3550,9,802894,3550,0.14969074744746885,0.24978193056200437
base_v5,gly_group,gly_involved,mae_shell_0,0.2966747413645608,0.2544832654369954,0.29667474136456085,0.3240060748294568,3550,9,802894,3550,0.16455591978853826,0.3677647610490104
base_v5,gly_group,gly_involved,mae_shell_1,0.19048239214591356,0.1587174675220805,0.19048239214591356,0.17467874901666966,3550,9,802894,3550,0.11329413338269946,0.20355142436151236
base_v5,gly_group,gly_involved,mae_shell_2,0.18426140989529233,0.15786131399793887,0.18426140989529233,0.1861289948496456,3550,9,802894,3550,0.12249990435285206,0.19910572941329266
base_v5,gly_group,gly_involved,mae_shell_3,0.2642945710125359,0.19171976587781167,0.2642945710125359,0.2544954262168351,3550,9,802894,3550,0.1475748611856629,0.23878726785561266
base_v5,gly_group,gly_involved,mae_shell_4,0.34487116365322373,0.2312092430665846,0.3448711636532237,0.3774338516369725,3550,9,802894,3550,0.16265386403622806,0.31173255038648545
base_v5,gly_group,gly_involved,perturbed_auroc,0.8560885716151447,0.8770453470887475,0.8560885716151447,0.8446552607123451,3550,9,802894,3508,0.8400282860407149,0.9161837832043627
base_v5,gly_group,gly_involved,perturbed_auprc,0.35842767426980926,0.33825335813777535,0.3584276742698092,0.37241419541220233,3550,9,802894,3508,0.25715073635233543,0.4149878684791774
base_v5,gly_group,gly_involved,radius_mae,41.53768490119719,30.266133345991406,41.53768490119719,45.009573155386924,3550,9,802894,3550,22.18854428251621,38.4416545218481
base_v5,gly_group,gly_involved,class_correct,0.018028169014084508,0.19048814923019344,0.018028169014084508,0.022054042849407846,3550,9,802894,3550,0.06084912186312755,0.34432008328651104
base_v5,gly_group,gly_involved,class_macro_f1,0.006009389671361502,0.06349604974339781,0.006009389671361501,0.007351347616469281,3550,9,802894,3550,0.020283040621042515,0.11477336109550368
base_v5,gly_group,gly_involved,non_local_f1,0.006197183098591549,0.001554001554001554,0.006197183098591549,0.00834134615928975,3550,9,802894,3550,0.0,0.004662004662004662
base_v5,gly_group,gly_involved,non_local_recall,0.006287510717347814,0.001556970983722576,0.006287510717347814,0.008502297296893007,3550,9,802894,3499,0.0,0.004670912951167729
base_v5,pro_group,no_pro,global_mae,0.44046032810213254,0.4341703340615116,0.4404603281021325,0.44332567638895687,44303,98,12186998,44303,0.3024902501340774,0.6241172180201031
base_v5,pro_group,no_pro,shell_mae,0.3959733708912528,0.4550731180778631,0.3959733708912526,0.37768728073546737,44303,98,12186998,44303,0.32968784194719525,0.6355195016903946
base_v5,pro_group,no_pro,mae_shell_0,0.48245738864203347,0.5534746058108911,0.4824573886420335,0.4136190766004571,44303,98,12186998,44303,0.3993686328107895,0.7435096736159031
base_v5,pro_group,no_pro,mae_shell_1,0.37489667939831944,0.4854229397154484,0.37489667939831933,0.3549852190726432,44303,98,12186998,44303,0.3335497407659589,0.7018898840210114
base_v5,pro_group,no_pro,mae_shell_2,0.3181207731236997,0.3982592175681492,0.3181207731236997,0.31465569185543624,44303,98,12186998,44303,0.2854022904627632,0.5626288958451557
base_v5,pro_group,no_pro,mae_shell_3,0.32465007914477817,0.39178575148825695,0.32465007914477817,0.3158384158770363,44303,98,12186998,44303,0.2760857998091558,0.5567083832767706
base_v5,pro_group,no_pro,mae_shell_4,0.4797419341474327,0.44642307580656954,0.4797419341474327,0.489338000271764,44303,98,12186998,44303,0.30759241555165345,0.6438919642637825
base_v5,pro_group,no_pro,perturbed_auroc,0.8191656789235098,0.8111255142091239,0.8191656789235098,0.8172747814242666,44303,98,12186998,42999,0.7857199762553349,0.835329984338163
base_v5,pro_group,no_pro,perturbed_auprc,0.41356790755179007,0.3838885311680149,0.41356790755178996,0.4131875635701307,44303,98,12186998,42999,0.338452553093348,0.4312720343659001
base_v5,pro_group,no_pro,radius_mae,27.0072371383269,26.553369919254536,27.0072371383269,28.249058525073,44303,98,12186998,44303,22.675517349519104,30.589590623206067
base_v5,pro_group,no_pro,class_correct,0.4243730672866397,0.3082518093979568,0.4243730672866397,0.44770510017964615,44303,98,12186998,44303,0.23460196987477017,0.3881324187319384
base_v5,pro_group,no_pro,class_macro_f1,0.14145768909554657,0.10275060313265227,0.14145768909554657,0.14923503339321537,44303,98,12186998,44303,0.07820065662492337,0.12937747291064614
base_v5,pro_group,no_pro,non_local_f1,0.4120037017809178,0.20957762730695934,0.4120037017809178,0.4354422844699098,44303,98,12186998,44303,0.13990371822199998,0.28579049949369517
base_v5,pro_group,no_pro,non_local_recall,0.4243502115590273,0.24022453836195573,0.4243502115590273,0.4455896904838436,44303,98,12186998,43014,0.16106803334257586,0.32553744351343994
base_v5,pro_group,pro_involved,global_mae,0.44714891119787514,0.3096010626777177,0.44714891119787503,0.4644100134878309,1678,5,482983,1678,0.19542432431239587,0.43422371056897857
base_v5,pro_group,pro_involved,shell_mae,0.354154678792108,0.3567249792224608,0.354154678792108,0.3554489820132212,1678,5,482983,1678,0.19088046489447724,0.5675417972989202
base_v5,pro_group,pro_involved,mae_shell_0,0.42430853663455664,0.7140280636467724,0.4243085366345566,0.3898249090373536,1678,5,482983,1678,0.17142615920168483,1.505866706774961
base_v5,pro_group,pro_involved,mae_shell_1,0.24164947399137318,0.3347038806651571,0.24164947399137318,0.24619850637347415,1678,5,482983,1678,0.12671615370810804,0.6840676498587464
base_v5,pro_group,pro_involved,mae_shell_2,0.2861237116953272,0.20878243381848122,0.28612371169532724,0.2938994526424944,1678,5,482983,1678,0.1397141947175217,0.28549226490968327
base_v5,pro_group,pro_involved,mae_shell_3,0.33645391856757495,0.2086536713441975,0.33645391856757495,0.34629157515344444,1678,5,482983,1678,0.14018267480186591,0.30460321333356105
base_v5,pro_group,pro_involved,mae_shell_4,0.4822377530717081,0.3174568466376957,0.482237753071708,0.5010304668593392,1678,5,482983,1678,0.17977507863609837,0.4639252067248402
base_v5,pro_group,pro_involved,perturbed_auroc,0.8105300212850673,0.8507973064643263,0.8105300212850675,0.8093849897047923,1678,5,482983,1669,0.7953505097905086,0.9134485716052294
base_v5,pro_group,pro_involved,perturbed_auprc,0.4024093011654254,0.49699421021967244,0.40240930116542545,0.4119004614552729,1678,5,482983,1669,0.34051338154217226,0.6539191686702446
base_v5,pro_group,pro_involved,radius_mae,33.754542718911196,33.20914896102541,33.754542718911196,36.58041276146801,1678,5,482983,1678,17.365787913448123,46.001028361641055
base_v5,pro_group,pro_involved,class_correct,0.17938021454112038,0.2184192449240329,0.17938021454112038,0.12008349168161685,1678,5,482983,1678,0.0048432886668180785,0.5537467700258398
base_v5,pro_group,pro_involved,class_macro_f1,0.05979340484704013,0.07280641497467763,0.05979340484704013,0.040027830560538956,1678,5,482983,1678,0.001614429555606026,0.18458225667527994
base_v5,pro_group,pro_involved,non_local_f1,0.17401668653158522,0.1697674418604651,0.17401668653158522,0.11354783588367427,1678,5,482983,1678,0.0,0.5093023255813953
base_v5,pro_group,pro_involved,non_local_recall,0.1749550629119233,0.1697674418604651,0.1749550629119233,0.11428968010412599,1678,5,482983,1669,0.0,0.5093023255813953
base_v5,secondary_structure_group,helix,global_mae,0.4699047410732887,0.5432270444331749,0.46990474107328867,0.45931753256583013,7446,48,1886678,7446,0.3527107297284218,0.7993765479870885
base_v5,secondary_structure_group,helix,shell_mae,0.6050227067152866,0.548897336955959,0.6050227067152867,0.5914995462812788,7446,48,1886678,7446,0.3542933388812682,0.8218724982165748
base_v5,secondary_structure_group,helix,mae_shell_0,0.8912294848556644,0.6013346444535691,0.8912294848556644,0.827030671299344,7446,48,1886678,7446,0.3701685647558864,0.9295145852096067
base_v5,secondary_structure_group,helix,mae_shell_1,0.6957630862114107,0.5918209306673536,0.6957630862114107,0.7118741968266622,7446,48,1886678,7446,0.36939248319788354,0.9046150269946295
base_v5,secondary_structure_group,helix,mae_shell_2,0.5514999963394119,0.5031596279910179,0.5514999963394119,0.558586157764614,7446,48,1886678,7446,0.3221602108358682,0.7530075219927851
base_v5,secondary_structure_group,helix,mae_shell_3,0.42691962565768593,0.4878608843435895,0.4269196256576859,0.41237600721041884,7446,48,1886678,7446,0.3046752920163708,0.7436380110692814
base_v5,secondary_structure_group,helix,mae_shell_4,0.45970134051226,0.5603105973242652,0.45970134051226,0.44763069830535446,7446,48,1886678,7446,0.3583220862255851,0.8265211910317829
base_v5,secondary_structure_group,helix,perturbed_auroc,0.7994156262006079,0.7568885468925763,0.7994156262006079,0.8024474616792724,7446,48,1886678,7209,0.7120210004006835,0.7985035249519985
base_v5,secondary_structure_group,helix,perturbed_auprc,0.4803520002626511,0.4104666495575964,0.48035200026265107,0.4647661565022242,7446,48,1886678,7209,0.33727085704381715,0.48756576040126126
base_v5,secondary_structure_group,helix,radius_mae,26.398324723881547,24.36073767545939,26.398324723881547,29.947852029008185,7446,48,1886678,7446,18.333615543599326,31.26054774940142
base_v5,secondary_structure_group,helix,class_correct,0.4019607843137255,0.38580283815878175,0.4019607843137255,0.3808015781783395,7446,48,1886678,7446,0.26660980162582165,0.5082015615186584
base_v5,secondary_structure_group,helix,class_macro_f1,0.13398692810457513,0.12860094605292727,0.13398692810457513,0.12693385939277985,7446,48,1886678,7446,0.0888699338752739,0.16940052050621945
base_v5,secondary_structure_group,helix,non_local_f1,0.3853075476766049,0.2723139426850903,0.3853075476766049,0.35761327098114504,7446,48,1886678,7446,0.15740266021355412,0.3948700042961488
base_v5,secondary_structure_group,helix,non_local_recall,0.3986383215228567,0.3146167337380295,0.3986383215228567,0.3717560458743815,7446,48,1886678,7197,0.18604651162790697,0.4505586918461172
base_v5,secondary_structure_group,loop,global_mae,0.43852210632734245,0.41962202039603885,0.43852210632734245,0.4513485988998563,29968,53,8409383,29968,0.24949646022448826,0.7155703967275235
base_v5,secondary_structure_group,loop,shell_mae,0.36259967630493806,0.5105489642949287,0.3625996763049382,0.3492987776992576,29968,53,8409383,29968,0.3276167348647379,0.8047036586013201
base_v5,secondary_structure_group,loop,mae_shell_0,0.44491598703101054,0.7449326506342775,0.4449159870310105,0.3709292692303299,29968,53,8409383,29968,0.4924146851564092,1.0576645528292838
base_v5,secondary_structure_group,loop,mae_shell_1,0.3151774666496165,0.5825078758554898,0.3151774666496165,0.2967070194399565,29968,53,8409383,29968,0.34528772567249794,0.9429249848742685
base_v5,secondary_structure_group,loop,mae_shell_2,0.2634553507095865,0.4270292711903683,0.2634553507095865,0.2677410222449394,29968,53,8409383,29968,0.25967263121334694,0.7100048376833045
base_v5,secondary_structure_group,loop,mae_shell_3,0.3021476789695915,0.3873476733281785,0.30214767896959155,0.3016494359938865,29968,53,8409383,29968,0.23407537473994763,0.6424787404238291
base_v5,secondary_structure_group,loop,mae_shell_4,0.4873018981648856,0.4109273504663296,0.4873018981648856,0.5094671415871759,29968,53,8409383,29968,0.23570540707137827,0.7150891699380304
base_v5,secondary_structure_group,loop,perturbed_auroc,0.8220400947422007,0.8518939058447662,0.8220400947422007,0.8170911416197567,29968,53,8409383,29048,0.8260298400909449,0.8765910421278524
base_v5,secondary_structure_group,loop,perturbed_auprc,0.4049930046671876,0.3952571906711036,0.4049930046671875,0.4094979176606208,29968,53,8409383,29048,0.3360747465259002,0.45867470523579656
base_v5,secondary_structure_group,loop,radius_mae,26.298209229160996,27.080962507274187,26.298209229160996,27.089348769059512,29968,53,8409383,29968,22.59158776223676,31.71437051404844
base_v5,secondary_structure_group,loop,class_correct,0.46476241324079015,0.2856888499012615,0.4647624132407901,0.5010116977505811,29968,53,8409383,29968,0.1896445917973671,0.3934124906607861
base_v5,secondary_structure_group,loop,class_macro_f1,0.1549208044135967,0.09522961663375384,0.1549208044135967,0.16700389925019368,29968,53,8409383,29968,0.06321486393245569,0.13113749688692872
base_v5,secondary_structure_group,loop,non_local_f1,0.45301655098772026,0.18800756463420462,0.45301655098772026,0.4903136800544831,29968,53,8409383,29968,0.0983734318033898,0.2876003048158649
base_v5,secondary_structure_group,loop,non_local_recall,0.4675253116605827,0.22102192848391947,0.4675253116605827,0.5010560970241436,29968,53,8409383,29038,0.11795833170910835,0.3365085514285929
base_v5,secondary_structure_group,sheet,global_mae,0.42307256157574086,0.6020255330498245,0.42307256157574086,0.4066263170900378,8528,30,2363320,8528,0.20891416749329703,1.2217629394882703
base_v5,secondary_structure_group,sheet,shell_mae,0.32164180864612546,0.5246471465762496,0.3216418086461255,0.3027384528781565,8528,30,2363320,8528,0.1925794860385805,1.085512370495926
base_v5,secondary_structure_group,sheet,mae_shell_0,0.24505956828657696,0.49103976356361834,0.24505956828657696,0.2295220019136266,8528,30,2363320,8528,0.17264506148735276,1.0280669156171165
base_v5,secondary_structure_group,sheet,mae_shell_1,0.27606299456311045,0.5114430867134249,0.2760629945631104,0.2531227179148223,8528,30,2363320,8528,0.17566346896578786,1.1248082488162876
base_v5,secondary_structure_group,sheet,mae_shell_2,0.2990938594372756,0.47421745462958886,0.2990938594372758,0.28180073057141247,8528,30,2363320,8528,0.1746955752555167,0.967988558655206
base_v5,secondary_structure_group,sheet,mae_shell_3,0.3162698737261,0.5076356766770842,0.3162698737261,0.2952059084812066,8528,30,2363320,8528,0.1903236870782798,1.02335552004842
base_v5,secondary_structure_group,sheet,mae_shell_4,0.47172274721756435,0.6388997512975313,0.47172274721756435,0.4540409055097148,8528,30,2363320,8528,0.229954265071187,1.275992486548823
base_v5,secondary_structure_group,sheet,perturbed_auroc,0.824345768763545,0.8521536921770795,0.8243457687635452,0.8276997174849574,8528,30,2363320,8372,0.8194956023920424,0.8838195262362066
base_v5,secondary_structure_group,sheet,perturbed_auprc,0.38350103876566,0.368040837229792,0.38350103876565994,0.38568291452513964,8528,30,2363320,8372,0.2908056124519187,0.4505741724788129
base_v5,secondary_structure_group,sheet,radius_mae,31.318308282972055,22.336955010779963,31.318308282972055,32.67439028758835,8528,30,2363320,8528,17.87969442230349,26.941113186447033
base_v5,secondary_structure_group,sheet,class_correct,0.2552767354596623,0.26705296883878066,0.2552767354596623,0.2464022135519037,8528,30,2363320,8528,0.13957789179104482,0.4078078157820296
base_v5,secondary_structure_group,sheet,class_macro_f1,0.08509224515322075,0.08901765627959354,0.08509224515322075,0.08213407118396789,8528,30,2363320,8528,0.04652596393034827,0.13593593859400988
base_v5,secondary_structure_group,sheet,non_local_f1,0.24577861163227016,0.17887678174649496,0.24577861163227016,0.2384690800747941,8528,30,2363320,8528,0.06328751569898532,0.31556069696997063
base_v5,secondary_structure_group,sheet,non_local_recall,0.2492567487216078,0.19211386893662238,0.2492567487216078,0.24139145452234798,8528,30,2363320,8409,0.07210031347962383,0.3335960434086575
base_v5,secondary_structure_group,unknown,global_mae,0.3980974187535427,0.41182365636227186,0.39809741875354265,0.40667187987693465,39,4,10600,39,,
base_v5,secondary_structure_group,unknown,shell_mae,0.5828790709168756,0.7178639153688695,0.5828790709168757,0.5936778561335053,39,4,10600,39,,
base_v5,secondary_structure_group,unknown,mae_shell_0,0.6947274756991966,0.5788790996372699,0.6947274756991966,0.7266183003123328,39,4,10600,39,,
base_v5,secondary_structure_group,unknown,mae_shell_1,0.881536580030577,1.2385860504778843,0.881536580030577,0.8956740617413448,39,4,10600,39,,
base_v5,secondary_structure_group,unknown,mae_shell_2,0.5499703547381968,0.8326196662936042,0.5499703547381968,0.5541385397023704,39,4,10600,39,,
base_v5,secondary_structure_group,unknown,mae_shell_3,0.4304480144478737,0.6270412718042303,0.4304480144478737,0.4197825058147002,39,4,10600,39,,
base_v5,secondary_structure_group,unknown,mae_shell_4,0.3577129296685348,0.31219348863135915,0.3577129296685348,0.3721758730967782,39,4,10600,39,,
base_v5,secondary_structure_group,unknown,perturbed_auroc,0.847408618377951,0.8730801838009924,0.847408618377951,0.844515729966871,39,4,10600,39,,
base_v5,secondary_structure_group,unknown,perturbed_auprc,0.43237216544852713,0.5153300964279912,0.43237216544852713,0.43423761436169056,39,4,10600,39,,
base_v5,secondary_structure_group,unknown,radius_mae,35.70657720321264,31.395131645202635,35.70657720321264,36.96977939649858,39,4,10600,39,,
base_v5,secondary_structure_group,unknown,class_correct,0.10256410256410256,0.26,0.10256410256410256,0.10451320754716982,39,4,10600,39,,
base_v5,secondary_structure_group,unknown,class_macro_f1,0.034188034188034185,0.08666666666666666,0.034188034188034185,0.034837735849056604,39,4,10600,39,,
base_v5,secondary_structure_group,unknown,non_local_f1,0.10256410256410256,0.26,0.10256410256410256,0.10451320754716982,39,4,10600,39,,
base_v5,secondary_structure_group,unknown,non_local_recall,0.10256410256410256,0.26,0.10256410256410256,0.10451320754716982,39,4,10600,39,,
base_v5,length_group,short,global_mae,0.42371876251543833,0.4875872630777593,0.42371876251543833,0.4308900270705189,25503,54,6034949,25503,0.28811481795941357,0.8160671862482699
base_v5,length_group,short,shell_mae,0.42378573215711035,0.5270182097432866,0.4237857321571104,0.39696726444817265,25503,54,6034949,25503,0.3339118574990822,0.8387529944973587
base_v5,length_group,short,mae_shell_0,0.6004790040148263,0.6676966076591981,0.6004790040148263,0.49079915475397295,25503,54,6034949,25503,0.4344340448367871,0.9837227450873587
base_v5,length_group,short,mae_shell_1,0.39228135958665705,0.561661422731616,0.392281359586657,0.3586235491580705,25503,54,6034949,25503,0.3328226278227233,0.9314395162214617
base_v5,length_group,short,mae_shell_2,0.3307043770018185,0.44925585630493825,0.3307043770018185,0.32929255952125247,25503,54,6034949,25503,0.2798390058826532,0.7254512635231741
base_v5,length_group,short,mae_shell_3,0.35024671943018465,0.45861060007694454,0.3502467194301847,0.3437669062738208,25503,54,6034949,25503,0.2747498139981049,0.7417882503913406
base_v5,length_group,short,mae_shell_4,0.44521720075206545,0.4978665619437362,0.44521720075206533,0.4623541525337466,25503,54,6034949,25503,0.2848905174145416,0.8385794456124167
base_v5,length_group,short,perturbed_auroc,0.8230043917994553,0.8173538760509975,0.8230043917994556,0.8218248120356693,25503,54,6034949,24351,0.7809654891898824,0.8510684094576387
base_v5,length_group,short,perturbed_auprc,0.41889261129093514,0.4396689936761589,0.41889261129093514,0.4256558457425333,25503,54,6034949,24351,0.3799087184762275,0.500578522117132
base_v5,length_group,short,radius_mae,24.91279096592736,21.483863894386158,24.91279096592736,25.77748356270952,25503,54,6034949,25503,18.24682226714982,24.800637400538164
base_v5,length_group,short,class_correct,0.3551739011096734,0.27676435629545676,0.3551739011096734,0.3934669792836495,25503,54,6034949,25503,0.18867074397853134,0.3702948366291573
base_v5,length_group,short,class_macro_f1,0.11839130036989111,0.09225478543181893,0.11839130036989114,0.13115565976121651,25503,54,6034949,25503,0.06289024799284379,0.12343161220971909
base_v5,length_group,short,non_local_f1,0.3371760185076266,0.17719311796419351,0.3371760185076266,0.3757445964663977,25503,54,6034949,25503,0.09331493331195631,0.2688041419814977
base_v5,length_group,short,non_local_recall,0.3526637411311159,0.2080888070071213,0.3526637411311159,0.38881318928107234,25503,54,6034949,24383,0.11340858914529688,0.3125508407987492
base_v5,length_group,long,global_mae,0.46185810081392653,0.36092836073436074,0.46185810081392675,0.45619690394839485,20478,48,6635032,20478,0.2537190817433651,0.4913414830343658
base_v5,length_group,long,shell_mae,0.3579095748806299,0.3660681504308023,0.3579095748806299,0.3585580024525232,20478,48,6635032,20478,0.26195657825963903,0.4881981324121624
base_v5,length_group,long,mae_shell_0,0.3307101950430061,0.4386396723935058,0.3307101950430061,0.3417406395506892,20478,48,6635032,20478,0.27936436141471505,0.6296699065320008
base_v5,length_group,long,mae_shell_1,0.3423275657389762,0.3922616230758871,0.3423275657389762,0.3438756256999986,20478,48,6635032,20478,0.2590577387703461,0.5514232787916927
base_v5,length_group,long,mae_shell_2,0.29982744766318237,0.3252360603857962,0.29982744766318237,0.2998254197031339,20478,48,6635032,20478,0.22708094343853327,0.4427930075733113
base_v5,length_group,long,mae_shell_3,0.29373962526025477,0.2996693485697918,0.29373962526025477,0.29256140999068536,20478,48,6635032,20478,0.2152066020300044,0.40158188950878276
base_v5,length_group,long,mae_shell_4,0.52294304069773,0.3745340477290305,0.52294304069773,0.5147869173181089,20478,48,6635032,20478,0.26046461060932435,0.5155830624406965
base_v5,length_group,long,perturbed_auroc,0.8138553767213779,0.8098683237367492,0.8138553767213779,0.8126539566027439,20478,48,6635032,20317,0.7781859832575075,0.8421011870325521
base_v5,length_group,long,perturbed_auprc,0.4062693115577572,0.3231743990587541,0.4062693115577572,0.4020152459197815,20478,48,6635032,20317,0.2628393781459596,0.3874405907969523
base_v5,length_group,long,radius_mae,30.16851458236079,32.35561767098863,30.16851458236079,31.106507062889108,20478,48,6635032,20478,25.866583485797985,39.59345938672556
base_v5,length_group,long,class_correct,0.49047758570172867,0.3397350047003426,0.49047758570172867,0.47326023111216203,20478,48,6635032,20478,0.2269399562446915,0.45896703808103007
base_v5,length_group,long,class_macro_f1,0.1634925285672429,0.11324500156678086,0.16349252856724286,0.15775341037072066,20478,48,6635032,20478,0.07564665208156382,0.1529890126936767
base_v5,length_group,long,non_local_f1,0.4856919621056744,0.2508989075527002,0.4856919621056744,0.4663932602467534,20478,48,6635032,20478,0.14075304474853048,0.3678076441797063
base_v5,length_group,long,non_local_recall,0.4899507389162562,0.2898894781257898,0.4899507389162562,0.47191832340776413,20478,48,6635032,20300,0.16750841481892437,0.42230317529360595
base_v5,resolution_group,low_resolution,global_mae,0.44798591370315366,0.5177407114286481,0.4479859137031536,0.4328727359690966,13930,72,3907830,13930,0.34512050013803963,0.7773921963989889
base_v5,resolution_group,low_resolution,shell_mae,0.43748298644020717,0.5794770295159155,0.43748298644020706,0.40707918453351255,13930,72,3907830,13930,0.4000728302774444,0.8325842626003048
base_v5,resolution_group,low_resolution,mae_shell_0,0.5693057475573905,0.7619459271113438,0.5693057475573905,0.49834721640441076,13930,72,3907830,13930,0.5127934820965347,1.066897329691556
base_v5,resolution_group,low_resolution,mae_shell_1,0.4236852426160278,0.651498183616033,0.4236852426160278,0.3902811328791778,13930,72,3907830,13930,0.4095445808522589,0.9778270171187434
base_v5,resolution_group,low_resolution,mae_shell_2,0.3592218895755625,0.4907086456823607,0.3592218895755625,0.34372842003605786,13930,72,3907830,13930,0.335964196647711,0.7147030850137026
base_v5,resolution_group,low_resolution,mae_shell_3,0.35913976544742954,0.46426454744008283,0.35913976544742954,0.33804438973763473,13930,72,3907830,13930,0.31208071958229905,0.6849840656974572
base_v5,resolution_group,low_resolution,mae_shell_4,0.47606228700462516,0.5289678437297576,0.47606228700462516,0.4649947636102814,13930,72,3907830,13930,0.3453976124132694,0.7966266392203141
base_v5,resolution_group,low_resolution,perturbed_auroc,0.8184040602602948,0.8067192906673505,0.8184040602602948,0.8179623816202904,13930,72,3907830,13380,0.7747681593843769,0.8376603389709576
base_v5,resolution_group,low_resolution,perturbed_auprc,0.41385364419700327,0.4272618139777832,0.41385364419700343,0.4091409813267557,13930,72,3907830,13380,0.37549954281504855,0.47782026961326424
base_v5,resolution_group,low_resolution,radius_mae,28.318911563365987,29.36478134104934,28.318911563365987,30.89195625411319,13930,72,3907830,13930,24.911900912293827,34.30561173912671
base_v5,resolution_group,low_resolution,class_correct,0.3786791098348887,0.28184873835823526,0.3786791098348887,0.38160336439772097,13930,72,3907830,13930,0.1952350868060062,0.37449180989817604
base_v5,resolution_group,low_resolution,class_macro_f1,0.1262263699449629,0.09394957945274507,0.1262263699449629,0.127201121465907,13930,72,3907830,13930,0.06507836226866873,0.12483060329939202
base_v5,resolution_group,low_resolution,non_local_f1,0.3637473079684135,0.19806045266503156,0.3637473079684135,0.3677414202043587,13930,72,3907830,13930,0.1166358375758062,0.2874381110717698
base_v5,resolution_group,low_resolution,non_local_recall,0.3772615590797409,0.2187250663401457,0.3772615590797409,0.37771673927301025,13930,72,3907830,13431,0.12956590545868435,0.31553873699753465
base_v5,resolution_group,high_resolution,global_mae,0.43753973389329137,0.24107567030840837,0.43753973389329137,0.44915838638291233,32051,52,8762151,32051,0.20561719213319749,0.2812322175913012
base_v5,resolution_group,high_resolution,shell_mae,0.375743090714681,0.2647161555981609,0.3757430907146809,0.3633542893804615,32051,52,8762151,32051,0.2138827358981407,0.32470834323064324
base_v5,resolution_group,high_resolution,mae_shell_0,0.44166704159016396,0.3393635701823976,0.441667041590164,0.37450605164707035,32051,52,8762151,32051,0.24282754193535733,0.4537300186354932
base_v5,resolution_group,high_resolution,mae_shell_1,0.3467161703254189,0.28836109565200196,0.34671617032541896,0.3332428837737733,32051,52,8762151,32051,0.2083155926100548,0.3917770649193299
base_v5,resolution_group,high_resolution,mae_shell_2,0.2985822370015425,0.23822251988521315,0.2985822370015425,0.3005514993814636,32051,52,8762151,32051,0.19095181353292257,0.2937659206413611
base_v5,resolution_group,high_resolution,mae_shell_3,0.3102781566573525,0.21886991063071787,0.3102781566573525,0.3076240137536856,32051,52,8762151,32051,0.18144498823599525,0.2634478120039817
base_v5,resolution_group,high_resolution,mae_shell_4,0.48147184799892706,0.23876368164047407,0.48147184799892706,0.5008469983463147,32051,52,8762151,32051,0.20636850367116596,0.27425242074136025
base_v5,resolution_group,high_resolution,perturbed_auroc,0.819030724471811,0.8404247185899419,0.8190307244718111,0.8165307906540069,32051,52,8762151,31288,0.8118372833981822,0.8686915200691813
base_v5,resolution_group,high_resolution,perturbed_auprc,0.412850480091684,0.3406181231947774,0.41285048009168407,0.4149084377411238,32051,52,8762151,31288,0.2769974501883755,0.40792954109846385
base_v5,resolution_group,high_resolution,radius_mae,26.7904062757462,25.18185483870165,26.7904062757462,27.531513262719745,32051,52,8762151,32051,21.01064279556143,29.637931585101395
base_v5,resolution_group,high_resolution,class_correct,0.4314061963745281,0.2561026920252221,0.4314061963745281,0.4590717501624055,32051,52,8762151,32051,0.17136721771582775,0.3471676600612808
base_v5,resolution_group,high_resolution,class_macro_f1,0.143802065458176,0.08536756400840737,0.14380206545817603,0.1530239167208018,32051,52,8762151,32051,0.05712240590527592,0.11572255335376025
base_v5,resolution_group,high_resolution,non_local_f1,0.42051730055224484,0.14914515993441732,0.42051730055224484,0.44785344647315467,32051,52,8762151,32051,0.07394793134745764,0.23360137226560332
base_v5,resolution_group,high_resolution,non_local_recall,0.43126839882247536,0.19412541255002777,0.43126839882247536,0.4571089530429854,32051,52,8762151,31252,0.10003948165151783,0.30094319758687893
base_v5,domain_group,single_domain,global_mae,0.43370850073974476,0.30909674238199636,0.43370850073974465,0.44509168559592766,42860,51,11444084,42860,0.23890266429072166,0.4040479869109879
base_v5,domain_group,single_domain,shell_mae,0.3846414375731236,0.36772918883247085,0.3846414375731235,0.3707830138778217,42860,51,11444084,42860,0.28189317572378597,0.46695078988007116
base_v5,domain_group,single_domain,mae_shell_0,0.47195641603200605,0.5236308941568185,0.47195641603200605,0.4002680141134234,42860,51,11444084,42860,0.3639732487782695,0.706305559168365
base_v5,domain_group,single_domain,mae_shell_1,0.35592889493152624,0.40708465196941335,0.35592889493152624,0.34054040510943867,42860,51,11444084,42860,0.30039315247307996,0.5293751886788182
base_v5,domain_group,single_domain,mae_shell_2,0.30543362820529796,0.305670641571491,0.30543362820529796,0.3069017599703077,42860,51,11444084,42860,0.23581194478772527,0.38703504875415673
base_v5,domain_group,single_domain,mae_shell_3,0.3159108676254572,0.2875870615523964,0.3159108676254572,0.31283066538006116,42860,51,11444084,42860,0.21138776442624546,0.3855887232932169
base_v5,domain_group,single_domain,mae_shell_4,0.4739773810713307,0.31467269491223493,0.4739773810713307,0.4933742248158776,42860,51,11444084,42860,0.23468688311927074,0.4289529397179272
base_v5,domain_group,single_domain,perturbed_auroc,0.8194743354140875,0.8339623231743546,0.8194743354140877,0.8189684374562884,42860,51,11444084,41782,0.8015445024583432,0.8641199393468527
base_v5,domain_group,single_domain,perturbed_auprc,0.4171625890308742,0.38958048514880234,0.4171625890308742,0.42012856706021245,42860,51,11444084,41782,0.33123696769305444,0.44932586101229816
base_v5,domain_group,single_domain,radius_mae,26.45552940487695,23.64384392086686,26.45552940487695,27.148646911833932,42860,51,11444084,42860,19.866779467943978,27.42061102590475
base_v5,domain_group,single_domain,class_correct,0.4310079328044797,0.23116146589718567,0.4310079328044797,0.46103509075683896,42860,51,11444084,42860,0.1480335449093949,0.32061635326909604
base_v5,domain_group,single_domain,class_macro_f1,0.14366931093482654,0.07705382196572855,0.14366931093482657,0.15367836358561296,42860,51,11444084,42860,0.04934451496979831,0.10687211775636533
base_v5,domain_group,single_domain,non_local_f1,0.4206252916472235,0.13753072318840479,0.4206252916472235,0.45171268319021773,42860,51,11444084,42860,0.06361993449234814,0.22085517073684263
base_v5,domain_group,single_domain,non_local_recall,0.4319118351701006,0.167319400736419,0.4319118351701006,0.46007952170399646,42860,51,11444084,41740,0.07845480834177644,0.2657987390597117
base_v5,domain_group,multi_domain,global_mae,0.5369378025104141,0.5689092340311376,0.5369378025104141,0.4349961445878578,3113,48,1220569,3113,0.32016620898983433,0.9326040624516498
base_v5,domain_group,multi_domain,shell_mae,0.5297013863220431,0.5715995286477975,0.5297013863220431,0.4338578565847526,3113,48,1220569,3113,0.3346430844871042,0.917280996013378
base_v5,domain_group,multi_domain,mae_shell_0,0.5965044132605057,0.6427966249238093,0.5965044132605059,0.5303505166784904,3113,48,1220569,3113,0.3830928186000397,0.9903159358788322
base_v5,domain_group,multi_domain,mae_shell_1,0.5645708260723287,0.6061560182499083,0.5645708260723287,0.44764876872853254,3113,48,1220569,3113,0.3233452764084855,1.0234228300166461
base_v5,domain_group,multi_domain,mae_shell_2,0.47571201839564786,0.514549146504064,0.4757120183956478,0.3792242257672773,3113,48,1220569,3113,0.2967910307004267,0.8302551036593769
base_v5,domain_group,multi_domain,mae_shell_3,0.4513595575467775,0.5095005135558858,0.45135955754677753,0.3560059173378616,3113,48,1220569,3113,0.2966337047280462,0.8264861937634157
base_v5,domain_group,multi_domain,mae_shell_4,0.5603601163349557,0.5849953400053196,0.5603601163349559,0.45605985441160146,3113,48,1220569,3113,0.3270536989143091,0.9593404200789243
base_v5,domain_group,multi_domain,perturbed_auroc,0.8097179444097177,0.792315376588729,0.8097179444097179,0.7973643229108491,3113,48,1220569,2879,0.7551528114395445,0.8290643500266657
base_v5,domain_group,multi_domain,perturbed_auprc,0.35481453680520886,0.37942982036634076,0.3548145368052089,0.3444762023836027,3113,48,1220569,2879,0.3106390100393792,0.4548445671925145
base_v5,domain_group,multi_domain,radius_mae,38.17400300851253,28.928735704633414,38.17400300851253,41.76008562221193,3113,48,1220569,3113,22.73313137548954,35.92799637112968
base_v5,domain_group,multi_domain,class_correct,0.2017346610986187,0.3948085035449022,0.2017346610986187,0.19435711804363168,3113,48,1220569,3113,0.27573281064241617,0.5161877282656867
base_v5,domain_group,multi_domain,class_macro_f1,0.0672448870328729,0.13160283451496738,0.06724488703287289,0.06478570601454388,3113,48,1220569,3113,0.09191093688080539,0.1720625760885622
base_v5,domain_group,multi_domain,non_local_f1,0.1657565049791198,0.2921112468622169,0.1657565049791198,0.1567001129935905,3113,48,1220569,3113,0.1734868327343546,0.4175228505672841
base_v5,domain_group,multi_domain,non_local_recall,0.17574931880108993,0.3200124664092627,0.17574931880108993,0.16649671773301378,3113,48,1220569,2936,0.19437967412631157,0.4532608730616704
base_v5,domain_group,unknown,global_mae,0.4745084973043157,0.502648174573295,0.4745084973043157,0.4408319799055404,8,3,5328,8,,
base_v5,domain_group,unknown,shell_mae,0.2984214504658984,0.3141340126279915,0.2984214504658984,0.2860846289501779,8,3,5328,8,,
base_v5,domain_group,unknown,mae_shell_0,0.16614798363298178,0.189529104779164,0.16614798363298178,0.15660840339233378,8,3,5328,8,,
base_v5,domain_group,unknown,mae_shell_1,0.23924830161212457,0.24842077499580761,0.23924830161212457,0.23444821793221374,8,3,5328,8,,
base_v5,domain_group,unknown,mae_shell_2,0.2554227224131845,0.257137384899982,0.2554227224131845,0.25686694370401175,8,3,5328,8,,
base_v5,domain_group,unknown,mae_shell_3,0.3150053296601988,0.3218859823466764,0.3150053296601988,0.31126697619708793,8,3,5328,8,,
base_v5,domain_group,unknown,mae_shell_4,0.5162829150110025,0.5536968161183274,0.5162829150110025,0.47123260352524216,8,3,5328,8,,
base_v5,domain_group,unknown,perturbed_auroc,0.8035699042549128,0.7873964354784372,0.8035699042549128,0.81635812113344,8,3,5328,7,,
base_v5,domain_group,unknown,perturbed_auprc,0.4613191591901561,0.4048070581198149,0.4613191591901561,0.44064333794013394,8,3,5328,7,,
base_v5,domain_group,unknown,radius_mae,52.760995388031006,52.914907137552895,52.760995388031006,52.862154664220036,8,3,5328,8,,
base_v5,domain_group,unknown,class_correct,0.125,0.16666666666666666,0.125,0.11017267267267267,8,3,5328,8,,
base_v5,domain_group,unknown,class_macro_f1,0.041666666666666664,0.05555555555555555,0.041666666666666664,0.03672422422422422,8,3,5328,8,,
base_v5,domain_group,unknown,non_local_f1,0.125,0.16666666666666666,0.125,0.11017267267267267,8,3,5328,8,,
base_v5,domain_group,unknown,non_local_recall,0.14285714285714285,0.3333333333333333,0.14285714285714285,0.12381354144695211,8,3,5328,7,,
shell_mean,exposure_group,exposed,global_mae,0.4447661361200191,0.6268990428304251,0.4447661361200191,0.4409050443897092,15810,54,4358892,15810,0.4206893015363429,0.9544058476067819
shell_mean,exposure_group,exposed,shell_mae,0.4421471757353248,0.6958150393590505,0.4421471757353247,0.4367736347289473,15810,54,4358892,15810,0.4817624393521878,1.0114678247332662
shell_mean,exposure_group,exposed,mae_shell_0,0.5567410932519028,0.960500978803794,0.5567410932519028,0.5531848148231542,15810,54,4358892,15810,0.6893030590586217,1.2948930666199876
shell_mean,exposure_group,exposed,mae_shell_1,0.4773521794868063,0.7448127162830915,0.4773521794868064,0.4796344202070847,15810,54,4358892,15810,0.4863349124159017,1.1264610484216737
shell_mean,exposure_group,exposed,mae_shell_2,0.375747673168653,0.5831038669816637,0.3757476731686531,0.37093363040319893,15810,54,4358892,15810,0.3916970799505587,0.872140939636986
shell_mean,exposure_group,exposed,mae_shell_3,0.3410024053993025,0.5475071622276659,0.3410024053993025,0.32262861948077076,15810,54,4358892,15810,0.3513320554308109,0.8346176350514143
shell_mean,exposure_group,exposed,mae_shell_4,0.4598925273699593,0.6431504724990375,0.4598925273699592,0.4574866887305282,15810,54,4358892,15810,0.4270478659962836,0.9773440198000077
shell_mean,exposure_group,exposed,perturbed_auroc,0.5196711052325189,0.5554516494281924,0.5196711052325189,0.5203296692103356,15810,54,4358892,15074,0.5241926743949709,0.5895341791737074
shell_mean,exposure_group,exposed,perturbed_auprc,0.1651683623600155,0.1640280253024104,0.1651683623600155,0.16945318721249172,15810,54,4358892,15074,0.1125330103428596,0.2254660799939695
shell_mean,exposure_group,exposed,radius_mae,44.43560463202897,36.867528735135856,44.43560463202897,47.671291447977666,15810,54,4358892,15810,30.035236656719892,44.58011134999777
shell_mean,exposure_group,exposed,class_correct,0.04364326375711575,0.17607363807607634,0.04364326375711575,0.024896701758392176,15810,54,4358892,15810,0.10273220159598312,0.25824586059616067
shell_mean,exposure_group,exposed,class_macro_f1,0.014547754585705248,0.05869121269202546,0.01454775458570525,0.008298900586130725,15810,54,4358892,15810,0.034244067198661035,0.08608195353205356
shell_mean,exposure_group,exposed,non_local_f1,0.0,0.0,0.0,0.0,15810,54,4358892,15810,0.0,0.0
shell_mean,exposure_group,exposed,non_local_recall,0.0,0.0,0.0,0.0,15810,54,4358892,15091,0.0,0.0
shell_mean,exposure_group,buried,global_mae,0.44463366164212026,0.5952844369521484,0.4446336616421202,0.44791953718826283,30171,78,8311089,30171,0.4528876527037182,0.8239571894876021
shell_mean,exposure_group,buried,shell_mae,0.43881689246048605,0.6087613159791124,0.4388168924604861,0.42321018127371984,30171,78,8311089,30171,0.48191905205913227,0.8201302018339847
shell_mean,exposure_group,buried,mae_shell_0,0.6771296637133526,0.7949666111652256,0.6771296637133527,0.6084678692349201,30171,78,8311089,30171,0.6521442688925639,1.0043491157759896
shell_mean,exposure_group,buried,mae_shell_1,0.39589022405641716,0.621833322717316,0.39589022405641716,0.3860926757577192,30171,78,8311089,30171,0.463004788076111,0.8845855684598674
shell_mean,exposure_group,buried,mae_shell_2,0.31566784565514944,0.5102030238250729,0.31566784565514944,0.31226316672917953,30171,78,8311089,30171,0.3943460653098261,0.6998264783774725
shell_mean,exposure_group,buried,mae_shell_3,0.31928899695065216,0.4974459417785313,0.3192889969506522,0.3135716404695309,30171,78,8311089,30171,0.37761715004611174,0.6915955699578656
shell_mean,exposure_group,buried,mae_shell_4,0.4861077319268591,0.6193576804094166,0.4861077319268592,0.49565555417724927,30171,78,8311089,30171,0.46544611743066894,0.8569269615127364
shell_mean,exposure_group,buried,perturbed_auroc,0.567982554855777,0.5527745384095947,0.567982554855777,0.5677908584988359,30171,78,8311089,29594,0.5323184989897953,0.5732579471805647
shell_mean,exposure_group,buried,perturbed_auprc,0.2160044427148059,0.1548265381097084,0.21600444271480596,0.2119275769077038,30171,78,8311089,29594,0.11013689090747415,0.2058448812675149
shell_mean,exposure_group,buried,radius_mae,40.47785652042964,33.95153859297434,40.47785652042964,42.345793804876756,30171,78,8311089,30171,29.43760218930408,38.67045437729251
shell_mean,exposure_group,buried,class_correct,0.018163136786980876,0.18788759463786459,0.018163136786980876,0.018739534540117397,30171,78,8311089,30171,0.12256574923463939,0.25882177044632404
shell_mean,exposure_group,buried,class_macro_f1,0.006054378928993625,0.06262919821262154,0.006054378928993625,0.006246511513372467,30171,78,8311089,30171,0.0408552497448798,0.086273923482108
shell_mean,exposure_group,buried,non_local_f1,0.0,0.0,0.0,0.0,30171,78,8311089,30171,0.0,0.0
shell_mean,exposure_group,buried,non_local_recall,0.0,0.0,0.0,0.0,30171,78,8311089,29592,0.0,0.0
shell_mean,substitution_size_group,large_to_small,global_mae,0.4582949888465235,0.5835235274766195,0.4582949888465235,0.45612972644414107,30176,75,8294184,30176,0.43366067862473984,0.8115977507463288
shell_mean,substitution_size_group,large_to_small,shell_mae,0.46650134601965765,0.6554818365412541,0.46650134601965765,0.4456957480652469,30176,75,8294184,30176,0.5030916093475252,0.8759111408408893
shell_mean,substitution_size_group,large_to_small,mae_shell_0,0.7041325412300983,0.9244149959899807,0.7041325412300983,0.6317434951634202,30176,75,8294184,30176,0.736896306821074,1.1555893630480998
shell_mean,substitution_size_group,large_to_small,mae_shell_1,0.4506947659532289,0.6895029114006136,0.4506947659532289,0.43743716039508124,30176,75,8294184,30176,0.5009294041345058,0.9544563854358357
shell_mean,substitution_size_group,large_to_small,mae_shell_2,0.34811321881134377,0.552222060221501,0.34811321881134377,0.3387015043077952,30176,75,8294184,30176,0.4130414325283233,0.7577058185760366
shell_mean,substitution_size_group,large_to_small,mae_shell_3,0.33362173246798915,0.5152246696274732,0.33362173246798904,0.3204069943828132,30176,75,8294184,30176,0.37579499048551007,0.7169187043341128
shell_mean,substitution_size_group,large_to_small,mae_shell_4,0.49594447163562794,0.5960445454667025,0.4959444716356279,0.5001895860771246,30176,75,8294184,30176,0.4405609808109142,0.83115806511387
shell_mean,substitution_size_group,large_to_small,perturbed_auroc,0.5691462903781649,0.5428280328127525,0.5691462903781649,0.5692294366694072,30176,75,8294184,29238,0.5201608590305864,0.5648288558859488
shell_mean,substitution_size_group,large_to_small,perturbed_auprc,0.21885582672753998,0.14288771671631634,0.21885582672754,0.21218800178609687,30176,75,8294184,29238,0.1005372316608799,0.19161989484086384
shell_mean,substitution_size_group,large_to_small,radius_mae,41.002031572392234,33.12960217363253,41.002031572392234,43.65565238620305,30176,75,8294184,30176,28.573313016904745,38.1234169530111
shell_mean,substitution_size_group,large_to_small,class_correct,0.028598886532343583,0.19185214417067825,0.028598886532343583,0.020304455950699137,30176,75,8294184,30176,0.12875615199397553,0.26146619048659264
shell_mean,substitution_size_group,large_to_small,class_macro_f1,0.009532962177447861,0.06395071472355941,0.009532962177447861,0.006768151983566378,30176,75,8294184,30176,0.04291871733132517,0.08715539682886418
shell_mean,substitution_size_group,large_to_small,non_local_f1,0.0,0.0,0.0,0.0,30176,75,8294184,30176,0.0,0.0
shell_mean,substitution_size_group,large_to_small,non_local_recall,0.0,0.0,0.0,0.0,30176,75,8294184,29271,0.0,0.0
shell_mean,substitution_size_group,small_to_large,global_mae,0.4186513548863722,0.5136201934169888,0.41865135488637223,0.4254226520298413,15792,45,4373921,15792,0.4252027326856455,0.6292522386070781
shell_mean,substitution_size_group,small_to_large,shell_mae,0.3892137199538415,0.4751110309023021,0.3892137199538415,0.39416580740395657,15792,45,4373921,15792,0.4201820886519291,0.5423468520710065
shell_mean,substitution_size_group,small_to_large,mae_shell_0,0.5049817688570375,0.5658225059434597,0.5049817688570375,0.5094286177349109,15792,45,4373921,15792,0.4973445757900115,0.6437491061205225
shell_mean,substitution_size_group,small_to_large,mae_shell_1,0.3726683209218327,0.45945155167774526,0.3726683209218327,0.3820540888080908,15792,45,4373921,15792,0.3874617666698034,0.549358712519494
shell_mean,substitution_size_group,small_to_large,mae_shell_2,0.31375596261082006,0.4042559788725074,0.31375596261082017,0.32060034499895523,15792,45,4373921,15792,0.35162226534160224,0.46577933336909144
shell_mean,substitution_size_group,small_to_large,mae_shell_3,0.3136086472822004,0.4043310734905801,0.3136086472822004,0.3096513619933896,15792,45,4373921,15792,0.3441904964722093,0.4760012746464757
shell_mean,substitution_size_group,small_to_large,mae_shell_4,0.4410539000973169,0.5416940445272177,0.4410539000973169,0.44909462348443546,15792,45,4373921,15792,0.44407499197630895,0.6703907313417532
shell_mean,substitution_size_group,small_to_large,perturbed_auroc,0.5185042963484668,0.5686499815559706,0.5185042963484667,0.5180017074498955,15792,45,4373921,15423,0.5420506422664122,0.6004607261598431
shell_mean,substitution_size_group,small_to_large,perturbed_auprc,0.16097086100763316,0.1570241300893961,0.16097086100763314,0.16937433621361248,15792,45,4373921,15423,0.10424036430035608,0.2181604431000629
shell_mean,substitution_size_group,small_to_large,radius_mae,43.45729272485745,37.990831345997734,43.45729272485745,45.185536935355834,15792,45,4373921,15792,30.895286909914354,45.84657314893243
shell_mean,substitution_size_group,small_to_large,class_correct,0.023366261398176293,0.13628090273372662,0.023366261398176293,0.021731316796583085,15792,45,4373921,15792,0.07121088294903875,0.21510075715976568
shell_mean,substitution_size_group,small_to_large,class_macro_f1,0.007788753799392097,0.045426967577908865,0.0077887537993920975,0.007243772265527696,15792,45,4373921,15792,0.023736960983012916,0.07170025238658856
shell_mean,substitution_size_group,small_to_large,non_local_f1,0.0,0.0,0.0,0.0,15792,45,4373921,15792,0.0,0.0
shell_mean,substitution_size_group,small_to_large,non_local_recall,0.0,0.0,0.0,0.0,15792,45,4373921,15405,0.0,0.0
shell_mean,substitution_size_group,size_neutral,global_mae,0.45715674335604983,0.43514623243061745,0.4571567433560499,0.4543920968974958,13,2,1876,13,,
shell_mean,substitution_size_group,size_neutral,shell_mae,0.48335598465819274,0.47602545985539146,0.4833559846581928,0.4824352286837374,13,2,1876,13,,
shell_mean,substitution_size_group,size_neutral,mae_shell_0,0.706162327566208,0.660847461471955,0.706162327566208,0.7004705203886394,13,2,1876,13,,
shell_mean,substitution_size_group,size_neutral,mae_shell_1,0.46142509925785863,0.5159006225222522,0.4614250992578587,0.46826753753568906,13,2,1876,13,,
shell_mean,substitution_size_group,size_neutral,mae_shell_2,0.3912793582105282,0.4011975067792144,0.3912793582105282,0.3925251345765893,13,2,1876,13,,
shell_mean,substitution_size_group,size_neutral,mae_shell_3,0.3568615020423173,0.34495564990746275,0.3568615020423173,0.3553660587038049,13,2,1876,13,,
shell_mean,substitution_size_group,size_neutral,mae_shell_4,0.5010516362140517,0.45722605859607257,0.5010516362140517,0.49554689221396425,13,2,1876,13,,
shell_mean,substitution_size_group,size_neutral,perturbed_auroc,0.686709716809897,0.6114860179333452,0.686709716809897,0.6683153934619702,13,2,1876,7,,
shell_mean,substitution_size_group,size_neutral,perturbed_auprc,0.08901724804288362,0.053677428305127485,0.0890172480428836,0.08037566193342476,13,2,1876,7,,
shell_mean,substitution_size_group,size_neutral,radius_mae,17.64975929260254,35.60597697893778,17.64975929260254,19.905163258631855,13,2,1876,13,,
shell_mean,substitution_size_group,size_neutral,class_correct,0.46153846153846156,0.25,0.46153846153846156,0.4349680170575693,13,2,1876,13,,
shell_mean,substitution_size_group,size_neutral,class_macro_f1,0.15384615384615383,0.08333333333333333,0.15384615384615385,0.14498933901918976,13,2,1876,13,,
shell_mean,substitution_size_group,size_neutral,non_local_f1,0.0,0.0,0.0,0.0,13,2,1876,13,,
shell_mean,substitution_size_group,size_neutral,non_local_recall,0.0,0.0,0.0,0.0,13,2,1876,7,,
shell_mean,charge_group,neutral_to_neutral,global_mae,0.46932413519679056,0.662413772192097,0.4693241351967907,0.4591831968622927,28951,57,8597473,28951,0.4500236063095076,0.9819801458082119
shell_mean,charge_group,neutral_to_neutral,shell_mae,0.44774742170742043,0.7239938120801395,0.44774742170742043,0.4326470592511031,28951,57,8597473,28951,0.5101244756196701,1.0381537565708812
shell_mean,charge_group,neutral_to_neutral,mae_shell_0,0.6254491895355445,0.9696353078290817,0.6254491895355446,0.5968190897668518,28951,57,8597473,28951,0.7183572942228418,1.2935614879623614
shell_mean,charge_group,neutral_to_neutral,mae_shell_1,0.4314714933818671,0.7726316316392133,0.4314714933818671,0.4195576705484734,28951,57,8597473,28951,0.5089873120362581,1.151429980670066
shell_mean,charge_group,neutral_to_neutral,mae_shell_2,0.3413247149174543,0.6093956491337044,0.3413247149174543,0.32812567035752566,28951,57,8597473,28951,0.4114043058111264,0.8957579496602631
shell_mean,charge_group,neutral_to_neutral,mae_shell_3,0.32628389182368467,0.5892371172051771,0.32628389182368467,0.31307931469513683,28951,57,8597473,28951,0.3876243018405557,0.8744636521035385
shell_mean,charge_group,neutral_to_neutral,mae_shell_4,0.5142078188785517,0.6790693545935212,0.5142078188785517,0.5056535508875273,28951,57,8597473,28951,0.45749414280622586,1.0062562543797333
shell_mean,charge_group,neutral_to_neutral,perturbed_auroc,0.5622541962607389,0.542097245519494,0.562254196260739,0.5623536527989496,28951,57,8597473,28657,0.5133420804910191,0.5729586116564859
shell_mean,charge_group,neutral_to_neutral,perturbed_auprc,0.22403139745646047,0.18082425252801335,0.22403139745646047,0.2180456808200718,28951,57,8597473,28657,0.12750134487371664,0.24218397154492027
shell_mean,charge_group,neutral_to_neutral,radius_mae,45.06815509328216,37.508133007236545,45.06815509328216,45.98966195303359,28951,57,8597473,28951,31.565573089661616,44.14265130563994
shell_mean,charge_group,neutral_to_neutral,class_correct,0.008151704604331457,0.1448248845429717,0.008151704604331457,0.008261577708897799,28951,57,8597473,28951,0.08125277386489088,0.2182834441501743
shell_mean,charge_group,neutral_to_neutral,class_macro_f1,0.002717234868110485,0.04827496151432391,0.002717234868110485,0.0027538592362992657,28951,57,8597473,28951,0.02708425795496363,0.0727611480500581
shell_mean,charge_group,neutral_to_neutral,non_local_f1,0.0,0.0,0.0,0.0,28951,57,8597473,28951,0.0,0.0
shell_mean,charge_group,neutral_to_neutral,non_local_recall,0.0,0.0,0.0,0.0,28951,57,8597473,28700,0.0,0.0
shell_mean,charge_group,charged_to_neutral,global_mae,0.39832292996034546,0.47675722641920143,0.39832292996034546,0.4144675575658906,10065,52,2574864,10065,0.4123380186145647,0.5697982136285606
shell_mean,charge_group,charged_to_neutral,shell_mae,0.450748967632146,0.4873764216082035,0.450748967632146,0.4257951135317345,10065,52,2574864,10065,0.43891737621204047,0.5444172933848737
shell_mean,charge_group,charged_to_neutral,mae_shell_0,0.7636246820479646,0.6919263205455418,0.7636246820479646,0.6093534011468318,10065,52,2574864,10065,0.5856773358168099,0.8530154866370591
shell_mean,charge_group,charged_to_neutral,mae_shell_1,0.4406052050749214,0.4734603254433266,0.44060520507492146,0.4187510273264285,10065,52,2574864,10065,0.4126954792108185,0.5539427627220186
shell_mean,charge_group,charged_to_neutral,mae_shell_2,0.33195712372279335,0.40713608715075106,0.33195712372279335,0.34598731553826123,10065,52,2574864,10065,0.3657338363512655,0.45413521238390797
shell_mean,charge_group,charged_to_neutral,mae_shell_3,0.30716796471312247,0.36893010614722327,0.30716796471312247,0.32145905617574977,10065,52,2574864,10065,0.3286440789901924,0.42118574040603596
shell_mean,charge_group,charged_to_neutral,mae_shell_4,0.41038986260192806,0.49542926875417465,0.41038986260192817,0.4334247674714008,10065,52,2574864,10065,0.42362097465761506,0.6016004266697849
shell_mean,charge_group,charged_to_neutral,perturbed_auroc,0.5502230569006266,0.5594723142469936,0.5502230569006266,0.5370410976778406,10065,52,2574864,9582,0.5351145593119082,0.5830949133135666
shell_mean,charge_group,charged_to_neutral,perturbed_auprc,0.16353346134017913,0.12075757417304193,0.1635334613401791,0.1449605466228768,10065,52,2574864,9582,0.07762564841158141,0.1710812334875033
shell_mean,charge_group,charged_to_neutral,radius_mae,34.48244516890971,32.28933917226295,34.48244516890971,37.68847185206877,10065,52,2574864,10065,27.072704450243563,37.81659183674242
shell_mean,charge_group,charged_to_neutral,class_correct,0.046398410332836565,0.1991834061474764,0.046398410332836565,0.049646045501695046,10065,52,2574864,10065,0.12266280902009255,0.28578908728418156
shell_mean,charge_group,charged_to_neutral,class_macro_f1,0.015466136777612187,0.06639446871582548,0.015466136777612187,0.01654868183389835,10065,52,2574864,10065,0.04088760300669751,0.0952630290947272
shell_mean,charge_group,charged_to_neutral,non_local_f1,0.0,0.0,0.0,0.0,10065,52,2574864,10065,0.0,0.0
shell_mean,charge_group,charged_to_neutral,non_local_recall,0.0,0.0,0.0,0.0,10065,52,2574864,9563,0.0,0.0
shell_mean,charge_group,neutral_to_charged,global_mae,0.4071864551777365,0.582053058517332,0.40718645517773644,0.4195736685933773,4036,9,876549,4036,0.3942879199082084,0.8774207359022617
shell_mean,charge_group,neutral_to_charged,shell_mae,0.3822561282960156,0.6481470060146137,0.3822561282960156,0.40041360561172573,4036,9,876549,4036,0.38725251676272265,1.0119571276691406
shell_mean,charge_group,neutral_to_charged,mae_shell_0,0.46161943634628616,0.9189511527080403,0.4616194363462862,0.47433200013688726,4036,9,876549,4036,0.46600352282737795,1.4678472067268595
shell_mean,charge_group,neutral_to_charged,mae_shell_1,0.37964924825156837,0.6861921213850695,0.37964924825156837,0.43148879379384064,4036,9,876549,4036,0.345457822299484,1.1169248305246986
shell_mean,charge_group,neutral_to_charged,mae_shell_2,0.313462857351814,0.5440372625024382,0.3134628573518139,0.3412423288169093,4036,9,876549,4036,0.301768355394244,0.8961541491924357
shell_mean,charge_group,neutral_to_charged,mae_shell_3,0.3358632488185667,0.5031570127113797,0.3358632488185667,0.3206909265035494,4036,9,876549,4036,0.3232995926057773,0.7910659889801607
shell_mean,charge_group,neutral_to_charged,mae_shell_4,0.4206858507118426,0.5883974807661406,0.4206858507118425,0.43431397880744177,4036,9,876549,4036,0.39911106926813616,0.8823693083758786
shell_mean,charge_group,neutral_to_charged,perturbed_auroc,0.5076696358201512,0.5245156498738708,0.5076696358201512,0.5043164384189349,4036,9,876549,4015,0.4648132323276662,0.587474255588247
shell_mean,charge_group,neutral_to_charged,perturbed_auprc,0.1370388905114443,0.22215726430117233,0.1370388905114443,0.16667452160583893,4036,9,876549,4015,0.09760670003496306,0.3743041145966766
shell_mean,charge_group,neutral_to_charged,radius_mae,40.176739641944295,47.425035108570874,40.176739641944295,43.68860282639687,4036,9,876549,4036,28.540154829494174,71.9024350139342
shell_mean,charge_group,neutral_to_charged,class_correct,0.004955401387512388,0.05736950622081306,0.004955401387512388,0.0036989917050913304,4036,9,876549,4036,0.0007407407407407408,0.16873854063223712
shell_mean,charge_group,neutral_to_charged,class_macro_f1,0.0016518004625041293,0.019123168740271014,0.0016518004625041293,0.0012329972350304435,4036,9,876549,4036,0.0002469135802469136,0.056246180210745685
shell_mean,charge_group,neutral_to_charged,non_local_f1,0.0,0.0,0.0,0.0,4036,9,876549,4036,0.0,0.0
shell_mean,charge_group,neutral_to_charged,non_local_recall,0.0,0.0,0.0,0.0,4036,9,876549,4015,0.0,0.0
shell_mean,charge_group,positive_to_negative,global_mae,0.3622920642737526,0.3655322852532388,0.3622920642737526,0.36228564587431156,789,2,81187,789,,
shell_mean,charge_group,positive_to_negative,shell_mae,0.35141811722333877,0.3384102562288066,0.35141811722333877,0.3514438838757569,789,2,81187,789,,
shell_mean,charge_group,positive_to_negative,mae_shell_0,0.3327235060342264,0.3329616683209018,0.33272350603422635,0.3327230342698938,789,2,81187,789,,
shell_mean,charge_group,positive_to_negative,mae_shell_1,0.1899533539823165,0.24199040244964215,0.1899533539823165,0.18985027627097792,789,2,81187,789,,
shell_mean,charge_group,positive_to_negative,mae_shell_2,0.3192730163818955,0.2802644503812035,0.3192730163818955,0.3193502865927237,789,2,81187,789,,
shell_mean,charge_group,positive_to_negative,mae_shell_3,0.5837240895367115,0.4089836918806927,0.5837240895367115,0.5840702244694043,789,2,81187,789,,
shell_mean,charge_group,positive_to_negative,mae_shell_4,0.33141662018154394,0.427851068111593,0.331416620181544,0.331225597775785,789,2,81187,789,,
shell_mean,charge_group,positive_to_negative,perturbed_auroc,0.43353712796814153,0.4623814592455894,0.43353712796814153,0.43347999160586237,789,2,81187,789,,
shell_mean,charge_group,positive_to_negative,perturbed_auprc,0.11804875766008298,0.1003495677396064,0.11804875766008294,0.1180838171425725,789,2,81187,789,,
shell_mean,charge_group,positive_to_negative,radius_mae,32.061088346860856,27.549643303330537,32.061088346860856,32.07002485351551,789,2,81187,789,,
shell_mean,charge_group,positive_to_negative,class_correct,0.0,0.0,0.0,0.0,789,2,81187,789,,
shell_mean,charge_group,positive_to_negative,class_macro_f1,0.0,0.0,0.0,0.0,789,2,81187,789,,
shell_mean,charge_group,positive_to_negative,non_local_f1,0.0,0.0,0.0,0.0,789,2,81187,789,,
shell_mean,charge_group,positive_to_negative,non_local_recall,0.0,0.0,0.0,0.0,789,2,81187,789,,
shell_mean,charge_group,negative_to_positive,global_mae,0.4090098595538988,0.42746048598117203,0.40900985955389885,0.4090834870584565,650,5,199208,650,0.3566352294060623,0.5046369606297113
shell_mean,charge_group,negative_to_positive,shell_mae,0.43492600254843106,0.4392832507230843,0.43492600254843106,0.43475462898959677,650,5,199208,650,0.3751805286364725,0.4936085269975621
shell_mean,charge_group,negative_to_positive,mae_shell_0,0.6665060129666176,0.612027569108099,0.6665060129666176,0.6656822526794915,650,5,199208,650,0.53163576145139,0.6924193767648078
shell_mean,charge_group,negative_to_positive,mae_shell_1,0.4570832957905349,0.421284630119816,0.4570832957905349,0.4567561365594374,650,5,199208,650,0.3288248948113431,0.48656962644531354
shell_mean,charge_group,negative_to_positive,mae_shell_2,0.3135732489821856,0.37242720143834507,0.3135732489821856,0.3136876962604995,650,5,199208,650,0.2981766791349499,0.44667772374174036
shell_mean,charge_group,negative_to_positive,mae_shell_3,0.32490318344603214,0.3547412000784386,0.32490318344603214,0.3250185134577738,650,5,199208,650,0.30099917662966014,0.41656758186381015
shell_mean,charge_group,negative_to_positive,mae_shell_4,0.41256427155678493,0.43593565287072256,0.412564271556785,0.4126285459907817,650,5,199208,650,0.35948274799814484,0.5152763484722566
shell_mean,charge_group,negative_to_positive,perturbed_auroc,0.48344939296142314,0.5710748392192999,0.48344939296142314,0.48389962635647665,650,5,199208,632,,
shell_mean,charge_group,negative_to_positive,perturbed_auprc,0.1465828508150583,0.07438198489619281,0.1465828508150583,0.14632948638376658,650,5,199208,632,,
shell_mean,charge_group,negative_to_positive,radius_mae,55.766782913208004,30.921339879163003,55.766782913208004,55.787223386640214,650,5,199208,650,10.63087916056315,51.40026265951783
shell_mean,charge_group,negative_to_positive,class_correct,0.027692307692307693,0.360326264274062,0.027692307692307693,0.026445803686022423,650,5,199208,650,0.06065252854812399,0.7
shell_mean,charge_group,negative_to_positive,class_macro_f1,0.009230769230769232,0.12010875475802066,0.009230769230769232,0.008815267895340808,650,5,199208,650,0.020217509516041326,0.23333333333333334
shell_mean,charge_group,negative_to_positive,non_local_f1,0.0,0.0,0.0,0.0,650,5,199208,650,0.0,0.0
shell_mean,charge_group,negative_to_positive,non_local_recall,0.0,0.0,0.0,0.0,650,5,199208,630,,
shell_mean,charge_group,charged_to_charged_same_sign,global_mae,0.4397061132948869,0.4247794495075903,0.4397061132948869,0.4430372850459154,1490,7,340700,1490,0.3963368255023121,0.4474234604837249
shell_mean,charge_group,charged_to_charged_same_sign,shell_mae,0.4212153126062534,0.41290204246071494,0.4212153126062534,0.4085308966338027,1490,7,340700,1490,0.3697367864275736,0.45324328235396794
shell_mean,charge_group,charged_to_charged_same_sign,mae_shell_0,0.5903691660194039,0.571292204641907,0.5903691660194039,0.5677642982413146,1490,7,340700,1490,0.49522692330830875,0.6462662505400253
shell_mean,charge_group,charged_to_charged_same_sign,mae_shell_1,0.3932064491381383,0.39954927331126194,0.39320644913813835,0.38075754827945535,1490,7,340700,1490,0.33528950825490045,0.4495352700222497
shell_mean,charge_group,charged_to_charged_same_sign,mae_shell_2,0.34958382427995055,0.3438522595385276,0.34958382427995055,0.3302066230961155,1490,7,340700,1490,0.29311808966639136,0.3882019863163127
shell_mean,charge_group,charged_to_charged_same_sign,mae_shell_3,0.3082794571945674,0.3007110723549299,0.3082794571945674,0.29286586218737315,1490,7,340700,1490,0.2565535744417378,0.34236739950774436
shell_mean,charge_group,charged_to_charged_same_sign,mae_shell_4,0.4646376663992069,0.4491054024569484,0.4646376663992069,0.47106015136475576,1490,7,340700,1490,0.4197755731917911,0.47342064240880727
shell_mean,charge_group,charged_to_charged_same_sign,perturbed_auroc,0.5757781843652208,0.5631659737184439,0.5757781843652208,0.5768389744855938,1490,7,340700,993,0.47194614917496913,0.6216875219716078
shell_mean,charge_group,charged_to_charged_same_sign,perturbed_auprc,0.1602678867402665,0.07723063203715441,0.16026788674026654,0.17991108902943445,1490,7,340700,993,0.02543530317810219,0.13849046703309345
shell_mean,charge_group,charged_to_charged_same_sign,radius_mae,32.38417502377657,29.028467660447596,32.38417502377657,44.959771924072506,1490,7,340700,1490,13.83217232596229,44.982444795072745
shell_mean,charge_group,charged_to_charged_same_sign,class_correct,0.33355704697986577,0.3329221171570989,0.3335570469798657,0.16668481499570945,1490,7,340700,1490,0.09290850757827192,0.5969913812263629
shell_mean,charge_group,charged_to_charged_same_sign,class_macro_f1,0.11118568232662192,0.11097403905236629,0.11118568232662192,0.055561604998569825,1490,7,340700,1490,0.030969502526090643,0.19899712707545428
shell_mean,charge_group,charged_to_charged_same_sign,non_local_f1,0.0,0.0,0.0,0.0,1490,7,340700,1490,0.0,0.0
shell_mean,charge_group,charged_to_charged_same_sign,non_local_recall,0.0,0.0,0.0,0.0,1490,7,340700,986,0.0,0.0
shell_mean,charge_binary_group,no_charge_involved,global_mae,0.46932413519679056,0.662413772192097,0.4693241351967907,0.4591831968622927,28951,57,8597473,28951,0.4500236063095076,0.9819801458082119
shell_mean,charge_binary_group,no_charge_involved,shell_mae,0.44774742170742043,0.7239938120801395,0.44774742170742043,0.4326470592511031,28951,57,8597473,28951,0.5101244756196701,1.0381537565708812
shell_mean,charge_binary_group,no_charge_involved,mae_shell_0,0.6254491895355445,0.9696353078290817,0.6254491895355446,0.5968190897668518,28951,57,8597473,28951,0.7183572942228418,1.2935614879623614
shell_mean,charge_binary_group,no_charge_involved,mae_shell_1,0.4314714933818671,0.7726316316392133,0.4314714933818671,0.4195576705484734,28951,57,8597473,28951,0.5089873120362581,1.151429980670066
shell_mean,charge_binary_group,no_charge_involved,mae_shell_2,0.3413247149174543,0.6093956491337044,0.3413247149174543,0.32812567035752566,28951,57,8597473,28951,0.4114043058111264,0.8957579496602631
shell_mean,charge_binary_group,no_charge_involved,mae_shell_3,0.32628389182368467,0.5892371172051771,0.32628389182368467,0.31307931469513683,28951,57,8597473,28951,0.3876243018405557,0.8744636521035385
shell_mean,charge_binary_group,no_charge_involved,mae_shell_4,0.5142078188785517,0.6790693545935212,0.5142078188785517,0.5056535508875273,28951,57,8597473,28951,0.45749414280622586,1.0062562543797333
shell_mean,charge_binary_group,no_charge_involved,perturbed_auroc,0.5622541962607389,0.542097245519494,0.562254196260739,0.5623536527989496,28951,57,8597473,28657,0.5133420804910191,0.5729586116564859
shell_mean,charge_binary_group,no_charge_involved,perturbed_auprc,0.22403139745646047,0.18082425252801335,0.22403139745646047,0.2180456808200718,28951,57,8597473,28657,0.12750134487371664,0.24218397154492027
shell_mean,charge_binary_group,no_charge_involved,radius_mae,45.06815509328216,37.508133007236545,45.06815509328216,45.98966195303359,28951,57,8597473,28951,31.565573089661616,44.14265130563994
shell_mean,charge_binary_group,no_charge_involved,class_correct,0.008151704604331457,0.1448248845429717,0.008151704604331457,0.008261577708897799,28951,57,8597473,28951,0.08125277386489088,0.2182834441501743
shell_mean,charge_binary_group,no_charge_involved,class_macro_f1,0.002717234868110485,0.04827496151432391,0.002717234868110485,0.0027538592362992657,28951,57,8597473,28951,0.02708425795496363,0.0727611480500581
shell_mean,charge_binary_group,no_charge_involved,non_local_f1,0.0,0.0,0.0,0.0,28951,57,8597473,28951,0.0,0.0
shell_mean,charge_binary_group,no_charge_involved,non_local_recall,0.0,0.0,0.0,0.0,28951,57,8597473,28700,0.0,0.0
shell_mean,charge_binary_group,charge_involved,global_mae,0.4027828408326264,0.49438064812438814,0.40278284083262644,0.416663803188196,17030,59,4072508,17030,0.424746287941751,0.5838692189216989
shell_mean,charge_binary_group,charge_involved,shell_mae,0.42672670023190135,0.4987716879790374,0.42672670023190135,0.41783993537392455,17030,59,4072508,17030,0.442270095751833,0.5686538063734476
shell_mean,charge_binary_group,charge_involved,mae_shell_0,0.6532223301212327,0.6788751278392781,0.6532223301212327,0.5740514894106516,17030,59,4072508,17030,0.5941366037527561,0.7817744174223378
shell_mean,charge_binary_group,charge_involved,mae_shell_1,0.4110282268229087,0.48499590923423685,0.4110282268229088,0.4155900894275389,17030,59,4072508,17030,0.41404247265234484,0.5772340259683274
shell_mean,charge_binary_group,charge_involved,mae_shell_2,0.32782697959381674,0.4222444055216065,0.32782697959381674,0.34153039157461695,17030,59,4072508,17030,0.3686865700305149,0.48799568164704316
shell_mean,charge_binary_group,charge_involved,mae_shell_3,0.3275555727641577,0.39117876747670427,0.32755557276415764,0.3243018874073616,17030,59,4072508,17030,0.3421504309840484,0.4535887948151751
shell_mean,charge_binary_group,charge_involved,mae_shell_4,0.414000391857391,0.5165642298233609,0.4140003918573912,0.4337258190494539,17030,59,4072508,17030,0.4412048927918841,0.6142817978968002
shell_mean,charge_binary_group,charge_involved,perturbed_auroc,0.5327512002019149,0.5568794927271964,0.5327512002019148,0.5277833322969762,17030,59,4072508,16011,0.5345778064531529,0.578582154923266
shell_mean,charge_binary_group,charge_involved,perturbed_auprc,0.1537765045910344,0.12842516832022105,0.15377650459103437,0.15192746702135057,17030,59,4072508,16011,0.08568613706719472,0.17797971782868138
shell_mean,charge_binary_group,charge_involved,radius_mae,36.34857076950376,33.48537181900426,36.34857076950376,40.361055515591055,17030,59,4072508,17030,27.80496707285186,39.68046941030292
shell_mean,charge_binary_group,charge_involved,class_correct,0.05883734586024662,0.20733086366132142,0.05883734586024662,0.04744975302943585,17030,59,4072508,17030,0.1338561950586697,0.2875359002255884
shell_mean,charge_binary_group,charge_involved,class_macro_f1,0.01961244862008221,0.06911028788710713,0.01961244862008221,0.01581658434314528,17030,59,4072508,17030,0.04461873168622324,0.0958453000751961
shell_mean,charge_binary_group,charge_involved,non_local_f1,0.0,0.0,0.0,0.0,17030,59,4072508,17030,0.0,0.0
shell_mean,charge_binary_group,charge_involved,non_local_recall,0.0,0.0,0.0,0.0,17030,59,4072508,15983,0.0,0.0
shell_mean,glypro_group,no_gly_or_pro,global_mae,0.4501073962740959,0.5748822903258984,0.4501073962740959,0.44954083482439916,40753,96,11384104,40753,0.45373446062782685,0.7590121901591831
shell_mean,glypro_group,no_gly_or_pro,shell_mae,0.4493278533357576,0.6032073009895648,0.4493278533357575,0.43424821039037725,40753,96,11384104,40753,0.4912886082530958,0.7775690899087483
shell_mean,glypro_group,no_gly_or_pro,mae_shell_0,0.6526961932393456,0.8059409893808086,0.6526961932393457,0.5974475356068735,40753,96,11384104,40753,0.6690659230956747,0.9831744424608919
shell_mean,glypro_group,no_gly_or_pro,mae_shell_1,0.4389946524706019,0.6190287343390951,0.4389946524706019,0.42994567247579163,40753,96,11384104,40753,0.4762058951377327,0.8299834353441334
shell_mean,glypro_group,no_gly_or_pro,mae_shell_2,0.34421069513379526,0.510068390851888,0.3442106951337952,0.33853261391746464,40753,96,11384104,40753,0.40669675121236437,0.6717332650093994
shell_mean,glypro_group,no_gly_or_pro,mae_shell_3,0.3267502912695746,0.48509407637720203,0.32675029126957456,0.3174433300284521,40753,96,11384104,40753,0.37893648535921215,0.6456841269667603
shell_mean,glypro_group,no_gly_or_pro,mae_shell_4,0.48398743456547033,0.5959043139988305,0.48398743456547033,0.4878718999233044,40753,96,11384104,40753,0.46674148414242783,0.7880494902278974
shell_mean,glypro_group,no_gly_or_pro,perturbed_auroc,0.5515804896786196,0.5493182892113574,0.5515804896786195,0.5503216527199605,40753,96,11384104,39491,0.5295202804840561,0.5707288877158692
shell_mean,glypro_group,no_gly_or_pro,perturbed_auprc,0.2048646449407819,0.1536541380969366,0.2048646449407819,0.20056727729906115,40753,96,11384104,39491,0.11597319227515603,0.1953963798139053
shell_mean,glypro_group,no_gly_or_pro,radius_mae,41.996800094792455,35.862605765008034,41.996800094792455,44.29853224512755,40753,96,11384104,40753,31.210901949875584,40.84290149460623
shell_mean,glypro_group,no_gly_or_pro,class_correct,0.02912669005962751,0.16319582498480437,0.02912669005962751,0.02198914778357219,40753,96,11384104,40753,0.1100748157189755,0.22191117554131645
shell_mean,glypro_group,no_gly_or_pro,class_macro_f1,0.009708896686542503,0.054398608328268115,0.009708896686542505,0.007329715927857398,40753,96,11384104,40753,0.0366916052396585,0.07397039184710548
shell_mean,glypro_group,no_gly_or_pro,non_local_f1,0.0,0.0,0.0,0.0,40753,96,11384104,40753,0.0,0.0
shell_mean,glypro_group,no_gly_or_pro,non_local_recall,0.0,0.0,0.0,0.0,40753,96,11384104,39515,0.0,0.0
shell_mean,glypro_group,gly_or_pro_involved,global_mae,0.4023657416036115,0.4179901612668166,0.4023657416036114,0.4098253774381996,5228,11,1285877,5228,0.37543227149056496,0.46060858688801143
shell_mean,glypro_group,gly_or_pro_involved,shell_mae,0.366953577622166,0.4630959929726002,0.3669535776221659,0.3717456245685798,5228,11,1285877,5228,0.3977823409589727,0.5453326727991159
shell_mean,glypro_group,gly_or_pro_involved,mae_shell_0,0.5035248288303543,0.7351860827684494,0.5035248288303543,0.5194543151009852,5228,11,1285877,5228,0.5303320219212337,1.0711573826671799
shell_mean,glypro_group,gly_or_pro_involved,mae_shell_1,0.30623428377163964,0.4637541870633818,0.30623428377163964,0.31539786267850106,5228,11,1285877,5228,0.3703528611354005,0.5860978973167965
shell_mean,glypro_group,gly_or_pro_involved,mae_shell_2,0.27485975999815637,0.3531676304972892,0.27485975999815637,0.27872999701561435,5228,11,1285877,5228,0.30394276886200733,0.4062554256032851
shell_mean,glypro_group,gly_or_pro_involved,mae_shell_3,0.32679069170851655,0.335828501129512,0.32679069170851655,0.3100059163495348,5228,11,1285877,5228,0.2848866746844425,0.38422478895838
shell_mean,glypro_group,gly_or_pro_involved,mae_shell_4,0.423358323802163,0.42754356340436783,0.4233583238021629,0.4351400316982639,5228,11,1285877,5228,0.3788238376511434,0.4754600932979251
shell_mean,glypro_group,gly_or_pro_involved,perturbed_auroc,0.5524305294144274,0.6133157451795265,0.5524305294144274,0.5621391611143013,5228,11,1285877,5177,0.5717153325704636,0.6551669607827493
shell_mean,glypro_group,gly_or_pro_involved,perturbed_auprc,0.152959953363033,0.10684988797963761,0.152959953363033,0.16950954262967774,5228,11,1285877,5177,0.03929541291874032,0.19540983686972382
shell_mean,glypro_group,gly_or_pro_involved,radius_mae,40.60610635944606,30.52591462317741,40.60610635944606,43.13330974397837,5228,11,1285877,5228,23.583292970652447,37.56653686034608
shell_mean,glypro_group,gly_or_pro_involved,class_correct,0.009755164498852333,0.17443075029093788,0.009755164498852333,0.011016456268438331,5228,11,1285877,5228,0.06058957848798264,0.30488777448332366
shell_mean,glypro_group,gly_or_pro_involved,class_macro_f1,0.0032517214996174446,0.05814358343031261,0.0032517214996174446,0.0036721520894794435,5228,11,1285877,5228,0.02019652616266088,0.10162925816110788
shell_mean,glypro_group,gly_or_pro_involved,non_local_f1,0.0,0.0,0.0,0.0,5228,11,1285877,5228,0.0,0.0
shell_mean,glypro_group,gly_or_pro_involved,non_local_recall,0.0,0.0,0.0,0.0,5228,11,1285877,5168,0.0,0.0
shell_mean,gly_group,no_gly,global_mae,0.44819398716730213,0.5729776579419398,0.4481939871673022,0.4480324275732488,42431,97,11867087,42431,0.4525061642106434,0.7562702302359485
shell_mean,gly_group,no_gly,shell_mae,0.44613756215054523,0.6055777957067336,0.4461375621505451,0.4316865323479726,42431,97,11867087,42431,0.49302393328444094,0.779723938741692
shell_mean,gly_group,no_gly,mae_shell_0,0.645953817492236,0.821457695579576,0.645953817492236,0.5924672150748547,42431,97,11867087,42431,0.6808942009893618,1.0036797436307203
shell_mean,gly_group,no_gly,mae_shell_1,0.43498931681970354,0.6233876670000547,0.43498931681970354,0.4261965510926195,42431,97,11867087,42431,0.4818435151147704,0.8387640331131986
shell_mean,gly_group,no_gly,mae_shell_2,0.3423840371184624,0.5077290126401337,0.34238403711846244,0.3369926805101059,42431,97,11867087,42431,0.40530828332218044,0.6678270332307216
shell_mean,gly_group,no_gly,mae_shell_3,0.32576693182251815,0.48219279476752447,0.32576693182251826,0.3170193358768044,42431,97,11867087,42431,0.3780011739345462,0.6407694987944976
shell_mean,gly_group,no_gly,mae_shell_4,0.48159370749980557,0.593121808546379,0.4815937074998057,0.4857568791854777,42431,97,11867087,42431,0.46489171277753494,0.782581842659211
shell_mean,gly_group,no_gly,perturbed_auroc,0.55256030946684,0.5508936971425856,0.55256030946684,0.5509413276174273,42431,97,11867087,41160,0.5309481836697488,0.571718528866974
shell_mean,gly_group,no_gly,perturbed_auprc,0.20511162988897083,0.156830400177432,0.20511162988897083,0.20086933020335143,42431,97,11867087,41160,0.11930524656048713,0.19831251920085896
shell_mean,gly_group,no_gly,radius_mae,41.839788789266585,35.934415994091545,41.839788789266585,44.097409398374296,42431,97,11867087,42431,31.30849351454001,40.831237546410144
shell_mean,gly_group,no_gly,class_correct,0.028186938794749122,0.16115513939021997,0.028186938794749122,0.021358759324424402,42431,97,11867087,42431,0.10851237369174697,0.2193341969850189
shell_mean,gly_group,no_gly,class_macro_f1,0.009395646264916372,0.05371837979673999,0.009395646264916372,0.0071195864414748,42431,97,11867087,42431,0.03617079123058233,0.07311139899500631
shell_mean,gly_group,no_gly,non_local_f1,0.0,0.0,0.0,0.0,42431,97,11867087,42431,0.0,0.0
shell_mean,gly_group,no_gly,non_local_recall,0.0,0.0,0.0,0.0,42431,97,11867087,41184,0.0,0.0
shell_mean,gly_group,gly_involved,global_mae,0.4026692247791873,0.4118895405777315,0.4026692247791873,0.40822719958565545,3550,9,802894,3550,0.3742497494828195,0.44867540934620936
shell_mean,gly_group,gly_involved,shell_mae,0.366148848222825,0.4144161560158,0.366148848222825,0.3719973768716495,3550,9,802894,3550,0.3641709303201574,0.46480972349467264
shell_mean,gly_group,gly_involved,mae_shell_0,0.5136026304774861,0.5653249358449816,0.5136026304774861,0.5460748369185977,3550,9,802894,3550,0.4762870122082618,0.6537052056576812
shell_mean,gly_group,gly_involved,mae_shell_1,0.291354987525558,0.3846083746287874,0.291354987525558,0.3018810643651604,3550,9,802894,3550,0.31881004132628205,0.45089082085281296
shell_mean,gly_group,gly_involved,mae_shell_2,0.26391217044632154,0.34777577921752756,0.26391217044632154,0.26553830138971946,3550,9,802894,3550,0.2970103150819548,0.4013432466284781
shell_mean,gly_group,gly_involved,mae_shell_3,0.33856328794361384,0.34418260708798815,0.3385632879436139,0.3118360834059722,3550,9,802894,3550,0.3059689112547548,0.38266160632219764
shell_mean,gly_group,gly_involved,mae_shell_4,0.4233111647211456,0.4301890832997153,0.4233111647211455,0.43465659827879766,3550,9,802894,3550,0.39142308784751173,0.4670861643632308
shell_mean,gly_group,gly_involved,perturbed_auroc,0.5413385493220415,0.5972594359255055,0.5413385493220415,0.5602120522159088,3550,9,802894,3508,0.5561039882133948,0.6400221314088309
shell_mean,gly_group,gly_involved,perturbed_auprc,0.12536735623911083,0.07347202220814629,0.12536735623911083,0.14626929962370905,3550,9,802894,3508,0.03462900958023806,0.11687997394129614
shell_mean,gly_group,gly_involved,radius_mae,41.82541977264512,30.33828555293074,41.82541977264512,45.39686140016887,3550,9,802894,3550,22.190289121801758,38.625856259550524
shell_mean,gly_group,gly_involved,class_correct,0.011830985915492958,0.18893414767619188,0.011830985915492958,0.013712696690118098,3550,9,802894,3550,0.05774825444773332,0.3433326579215524
shell_mean,gly_group,gly_involved,class_macro_f1,0.003943661971830986,0.0629780492253973,0.003943661971830986,0.004570898896706033,3550,9,802894,3550,0.019249418149244434,0.11444421930718413
shell_mean,gly_group,gly_involved,non_local_f1,0.0,0.0,0.0,0.0,3550,9,802894,3550,0.0,0.0
shell_mean,gly_group,gly_involved,non_local_recall,0.0,0.0,0.0,0.0,3550,9,802894,3499,0.0,0.0
shell_mean,pro_group,no_pro,global_mae,0.4463061749390413,0.5712022202840911,0.4463061749390414,0.4468133853115546,44303,98,12186998,44303,0.4517940132517132,0.7555962487729267
shell_mean,pro_group,no_pro,shell_mae,0.4426627185107816,0.5983971887943652,0.4426627185107814,0.4301349635940001,44303,98,12186998,44303,0.48747313585948443,0.7726444474110965
shell_mean,pro_group,no_pro,mae_shell_0,0.6415506241400837,0.796504551754479,0.6415506241400837,0.5940487664447949,44303,98,12186998,44303,0.6621181209707401,0.9727194898566831
shell_mean,pro_group,no_pro,mae_shell_1,0.42716428408573165,0.6139402613718885,0.42716428408573165,0.4214861246256392,44303,98,12186998,44303,0.4758225576525381,0.8232302584039477
shell_mean,pro_group,no_pro,mae_shell_2,0.33777637324497206,0.5070611755388892,0.3377763732449721,0.33370818704261174,44303,98,12186998,44303,0.40541041607490275,0.6670212007152383
shell_mean,pro_group,no_pro,mae_shell_3,0.3276968668557164,0.4821349052033472,0.32769686685571636,0.31707134874040227,44303,98,12186998,44303,0.37736950380604506,0.6415335168139181
shell_mean,pro_group,no_pro,mae_shell_4,0.479125444227404,0.5923450501032218,0.479125444227404,0.48436039111655255,44303,98,12186998,44303,0.46565154042223217,0.7839182207707961
shell_mean,pro_group,no_pro,perturbed_auroc,0.5507449184613615,0.5517757677916955,0.5507449184613615,0.5509825507803949,44303,98,12186998,42999,0.5320103246007497,0.5723524801237717
shell_mean,pro_group,no_pro,perturbed_auprc,0.19837899437296724,0.1500693616982686,0.19837899437296727,0.19694913312323664,44303,98,12186998,42999,0.11316115654021969,0.190286819745521
shell_mean,pro_group,no_pro,radius_mae,41.98306738721908,35.577788519536924,41.98306738721908,44.370748853906704,44303,98,12186998,44303,30.954917591458003,40.39992291223609
shell_mean,pro_group,no_pro,class_correct,0.027740785048416587,0.16769292538545075,0.027740785048416587,0.021444218260974115,44303,98,12186998,44303,0.1147090268205155,0.22625345122230878
shell_mean,pro_group,no_pro,class_macro_f1,0.009246928349472194,0.05589764179515024,0.009246928349472196,0.007148072753658036,44303,98,12186998,44303,0.03823634227350516,0.07541781707410293
shell_mean,pro_group,no_pro,non_local_f1,0.0,0.0,0.0,0.0,44303,98,12186998,44303,0.0,0.0
shell_mean,pro_group,no_pro,non_local_recall,0.0,0.0,0.0,0.0,44303,98,12186998,43014,0.0,0.0
shell_mean,pro_group,pro_involved,global_mae,0.4017236884014097,0.40009644964767616,0.4017236884014097,0.41248717976419425,1678,5,482983,1678,0.32669185945280654,0.480491057137551
shell_mean,pro_group,pro_involved,shell_mae,0.36865607426558694,0.48070657225437063,0.36865607426558694,0.37133547039328657,1678,5,482983,1678,0.36017291687943387,0.6542301645609496
shell_mean,pro_group,pro_involved,mae_shell_0,0.482204092330165,0.8852783132460749,0.4822040923301651,0.4751887788374333,1678,5,482983,1678,0.4849556964751599,1.6119732806419649
shell_mean,pro_group,pro_involved,mae_shell_1,0.33771312863075154,0.5169459010108141,0.33771312863075154,0.3378873594690194,1678,5,482983,1678,0.34797505102254706,0.7672909720235536
shell_mean,pro_group,pro_involved,mae_shell_2,0.29802063181520855,0.3189021174628244,0.29802063181520855,0.30068039595472,1678,5,482983,1678,0.26448869212376913,0.4050811714443701
shell_mean,pro_group,pro_involved,mae_shell_3,0.30188442434582563,0.2804725592173672,0.3018844243458256,0.30697626506223813,1678,5,482983,1678,0.20578189882725537,0.37483636528252307
shell_mean,pro_group,pro_involved,mae_shell_4,0.4234580942059838,0.40193397033477263,0.42345809420598385,0.43594455264302207,1678,5,482983,1678,0.31238512790726874,0.49148281276227646
shell_mean,pro_group,pro_involved,perturbed_auroc,0.5757442898482734,0.6157490863854578,0.5757442898482733,0.5653261340075675,1678,5,482983,1669,0.5506135557889706,0.6808846169819451
shell_mean,pro_group,pro_involved,perturbed_auprc,0.21095565780324813,0.1903754830564655,0.21095565780324813,0.2078864356752199,1678,5,482983,1669,0.057644722936478134,0.3356815675516483
shell_mean,pro_group,pro_involved,radius_mae,38.02651004427522,37.95613575993285,38.02651004427522,39.36673912793061,1678,5,482983,1678,28.75811670948115,47.15415481038454
shell_mean,pro_group,pro_involved,class_correct,0.005363528009535161,0.04865180306356777,0.005363528009535161,0.006535655797942584,1678,5,482983,1678,0.0006359300476947536,0.13690476190476192
shell_mean,pro_group,pro_involved,class_macro_f1,0.0017878426698450535,0.016217267687855925,0.0017878426698450533,0.002178551932647528,1678,5,482983,1678,0.00021197668256491784,0.04563492063492063
shell_mean,pro_group,pro_involved,non_local_f1,0.0,0.0,0.0,0.0,1678,5,482983,1678,0.0,0.0
shell_mean,pro_group,pro_involved,non_local_recall,0.0,0.0,0.0,0.0,1678,5,482983,1669,0.0,0.0
shell_mean,secondary_structure_group,loop,global_mae,0.4524333603895649,0.5757891741051279,0.4524333603895649,0.453647694877939,29968,53,8409383,29968,0.421273461018713,0.861176688614914
shell_mean,secondary_structure_group,loop,shell_mae,0.42676984889032693,0.6555696532119646,0.42676984889032693,0.41288100119599774,29968,53,8409383,29968,0.4885818755371465,0.9407779036553746
shell_mean,secondary_structure_group,loop,mae_shell_0,0.6342431962444647,0.9506827735819234,0.6342431962444647,0.5798910457279159,29968,53,8409383,29968,0.7143315052389183,1.2581645176445901
shell_mean,secondary_structure_group,loop,mae_shell_1,0.3965142496887503,0.712899394150576,0.3965142496887503,0.38830732582553446,29968,53,8409383,29968,0.488879812809221,1.0648813386480847
shell_mean,secondary_structure_group,loop,mae_shell_2,0.2973120358286153,0.5376578672150153,0.2973120358286152,0.2934631816857402,29968,53,8409383,29968,0.3830238412932671,0.8131157335340466
shell_mean,secondary_structure_group,loop,mae_shell_3,0.31167641348587866,0.49640996626196904,0.31167641348587866,0.30125059866899445,29968,53,8409383,29968,0.35596012691050083,0.7465125977003181
shell_mean,secondary_structure_group,loop,mae_shell_4,0.4941033492039256,0.58019826485034,0.4941033492039256,0.5014928540718037,29968,53,8409383,29968,0.42027540175640865,0.8736084263653104
shell_mean,secondary_structure_group,loop,perturbed_auroc,0.5628329883448865,0.5474466549808331,0.5628329883448865,0.5656951164531777,29968,53,8409383,29048,0.5229059316123884,0.5703492975436922
shell_mean,secondary_structure_group,loop,perturbed_auprc,0.20176951743372165,0.11672214676397269,0.20176951743372162,0.20352857195116963,29968,53,8409383,29048,0.0812775932968729,0.15692725865043877
shell_mean,secondary_structure_group,loop,radius_mae,43.23655602059865,33.18639119820019,43.23655602059865,45.518737256934294,29968,53,8409383,29968,28.026400498523646,38.541301137786675
shell_mean,secondary_structure_group,loop,class_correct,0.02959823812066204,0.18077028897087824,0.02959823812066204,0.02005705125067487,29968,53,8409383,29968,0.10470904345679383,0.267077028972268
shell_mean,secondary_structure_group,loop,class_macro_f1,0.009866079373554012,0.06025676299029274,0.009866079373554012,0.0066856837502249555,29968,53,8409383,29968,0.03490301448559794,0.08902567632408934
shell_mean,secondary_structure_group,loop,non_local_f1,0.0,0.0,0.0,0.0,29968,53,8409383,29968,0.0,0.0
shell_mean,secondary_structure_group,loop,non_local_recall,0.0,0.0,0.0,0.0,29968,53,8409383,29038,0.0,0.0
shell_mean,secondary_structure_group,sheet,global_mae,0.43003138109051325,0.783823748638945,0.4300313810905132,0.41716551527242984,8528,30,2363320,8528,0.40418563162315246,1.4014360403965007
shell_mean,secondary_structure_group,sheet,shell_mae,0.39842931678462495,0.7458244359538017,0.39842931678462506,0.379318836751684,8528,30,2363320,8528,0.4254396881712145,1.2963566844794916
shell_mean,secondary_structure_group,sheet,mae_shell_0,0.503658426209138,0.8969577907560817,0.503658426209138,0.4752071636055477,8528,30,2363320,8528,0.5965619309626776,1.4117303787858069
shell_mean,secondary_structure_group,sheet,mae_shell_1,0.36265709693560666,0.7194447690777311,0.36265709693560655,0.338419931519032,8528,30,2363320,8528,0.39067529034941817,1.3268596421843069
shell_mean,secondary_structure_group,sheet,mae_shell_2,0.33306140606022916,0.6484819967621639,0.3330614060602292,0.3180564713236322,8528,30,2363320,8528,0.35454667231783155,1.1409420364671226
shell_mean,secondary_structure_group,sheet,mae_shell_3,0.3274161313065805,0.6424992769165525,0.3274161313065804,0.3125951736744682,8528,30,2363320,8528,0.33343502888041454,1.159637422698189
shell_mean,secondary_structure_group,sheet,mae_shell_4,0.46535352341157066,0.8217383462564789,0.4653535234115707,0.45231544363573956,8528,30,2363320,8528,0.42799865081835237,1.4544552028834545
shell_mean,secondary_structure_group,sheet,perturbed_auroc,0.5471202207013253,0.5845137169240732,0.5471202207013252,0.5374934467411895,8528,30,2363320,8372,0.5443065408751668,0.6252161143903326
shell_mean,secondary_structure_group,sheet,perturbed_auprc,0.17168797391283241,0.10179239214596902,0.17168797391283241,0.17235434718614473,8528,30,2363320,8372,0.0509624339987441,0.1797756118165132
shell_mean,secondary_structure_group,sheet,radius_mae,40.10665816974461,30.295741364335743,40.10665816974461,41.441678344044846,8528,30,2363320,8528,24.32494533834905,37.44232993332761
shell_mean,secondary_structure_group,sheet,class_correct,0.013954033771106942,0.16355492337729255,0.013954033771106942,0.01210775584779732,8528,30,2363320,8528,0.07222268644912928,0.2676812801954027
shell_mean,secondary_structure_group,sheet,class_macro_f1,0.00465134459036898,0.054518307792430845,0.004651344590368981,0.004035918615932439,8528,30,2363320,8528,0.024074228816376428,0.08922709339846757
shell_mean,secondary_structure_group,sheet,non_local_f1,0.0,0.0,0.0,0.0,8528,30,2363320,8528,0.0,0.0
shell_mean,secondary_structure_group,sheet,non_local_recall,0.0,0.0,0.0,0.0,8528,30,2363320,8409,0.0,0.0
shell_mean,secondary_structure_group,helix,global_mae,0.4303272987996562,0.6358268018229917,0.4303272987996562,0.44492645149290916,7446,48,1886678,7446,0.46862999749984113,0.8617169621641444
shell_mean,secondary_structure_group,helix,shell_mae,0.5397569258443334,0.641012321365332,0.5397569258443334,0.5549165982267595,7446,48,1886678,7446,0.4794958128840612,0.880257027174292
shell_mean,secondary_structure_group,helix,mae_shell_0,0.7925786875990176,0.7646372088853804,0.7925786875990176,0.7751921587827141,7446,48,1886678,7446,0.5787460801116859,1.0300356245142823
shell_mean,secondary_structure_group,helix,mae_shell_1,0.6014796064835288,0.6659401181565247,0.6014796064835287,0.6493968452052084,7446,48,1886678,7446,0.4744328757336317,0.9462489678575673
shell_mean,secondary_structure_group,helix,mae_shell_2,0.4961330137359113,0.5751194331172634,0.4961330137359113,0.5235062778812916,7446,48,1886678,7446,0.42075238397607223,0.7988045752465965
shell_mean,secondary_structure_group,helix,mae_shell_3,0.3861004081990711,0.5392859593304936,0.3861004081990711,0.3901795312846798,7446,48,1886678,7446,0.3815048539695874,0.769680162282563
shell_mean,secondary_structure_group,helix,mae_shell_4,0.42249291320413795,0.6600788873369984,0.42249291320413795,0.4363081779799035,7446,48,1886678,7446,0.4805122748993934,0.8960178772094985
shell_mean,secondary_structure_group,helix,perturbed_auroc,0.5126446453856772,0.5394433762972042,0.5126446453856772,0.5059330239010185,7446,48,1886678,7209,0.5026974545993946,0.5782683575735199
shell_mean,secondary_structure_group,helix,perturbed_auprc,0.21854121028177234,0.2304585150165721,0.2185412102817724,0.20147978101283265,7446,48,1886678,7209,0.15997462105939422,0.3116206499948063
shell_mean,secondary_structure_group,helix,radius_mae,38.20983762735325,39.117572466603754,38.20983762735325,41.66604770482617,7446,48,1886678,7446,30.966759595480074,48.288236739678744
shell_mean,secondary_structure_group,helix,class_correct,0.0311576685468708,0.17961499435252906,0.0311576685468708,0.03554951632560983,7446,48,1886678,7446,0.0960885160702729,0.2756274618979403
shell_mean,secondary_structure_group,helix,class_macro_f1,0.010385889515623598,0.05987166478417635,0.0103858895156236,0.011849838775203276,7446,48,1886678,7446,0.03202950535675763,0.09187582063264675
shell_mean,secondary_structure_group,helix,non_local_f1,0.0,0.0,0.0,0.0,7446,48,1886678,7446,0.0,0.0
shell_mean,secondary_structure_group,helix,non_local_recall,0.0,0.0,0.0,0.0,7446,48,1886678,7197,0.0,0.0
shell_mean,secondary_structure_group,unknown,global_mae,0.42941508987933236,0.483178447884287,0.4294150898793326,0.42374184384582675,39,4,10600,39,,
shell_mean,secondary_structure_group,unknown,shell_mae,0.6055691251103774,0.8497285086557599,0.6055691251103773,0.5995300353405266,39,4,10600,39,,
shell_mean,secondary_structure_group,unknown,mae_shell_0,0.7183511943643929,0.9069089204735228,0.7183511943643929,0.7244113039012225,39,4,10600,39,,
shell_mean,secondary_structure_group,unknown,mae_shell_1,0.9550256532536175,1.4535047335305387,0.9550256532536175,0.9538595844367398,39,4,10600,39,,
shell_mean,secondary_structure_group,unknown,mae_shell_2,0.5175411073524004,0.8424236123899609,0.5175411073524004,0.5071011682696016,39,4,10600,39,,
shell_mean,secondary_structure_group,unknown,mae_shell_3,0.43818435342275425,0.652118592986847,0.4381843534227542,0.4160506734659071,39,4,10600,39,,
shell_mean,secondary_structure_group,unknown,mae_shell_4,0.3987433171587217,0.39368668389793077,0.3987433171587217,0.39622744662916193,39,4,10600,39,,
shell_mean,secondary_structure_group,unknown,perturbed_auroc,0.43793812660893255,0.36097503013031307,0.4379381266089325,0.45385517286514065,39,4,10600,39,,
shell_mean,secondary_structure_group,unknown,perturbed_auprc,0.21402889698882654,0.19262131563194834,0.21402889698882654,0.2245638252369279,39,4,10600,39,,
shell_mean,secondary_structure_group,unknown,radius_mae,39.26091384887695,37.06308334350586,39.26091384887695,40.74576271012024,39,4,10600,39,,
shell_mean,secondary_structure_group,unknown,class_correct,0.0,0.0,0.0,0.0,39,4,10600,39,,
shell_mean,secondary_structure_group,unknown,class_macro_f1,0.0,0.0,0.0,0.0,39,4,10600,39,,
shell_mean,secondary_structure_group,unknown,non_local_f1,0.0,0.0,0.0,0.0,39,4,10600,39,,
shell_mean,secondary_structure_group,unknown,non_local_recall,0.0,0.0,0.0,0.0,39,4,10600,39,,
shell_mean,length_group,short,global_mae,0.4386921466034849,0.5954342775361428,0.43869214660348477,0.43739049508347777,25503,54,6034949,25503,0.41034195826719316,0.9183370111986767
shell_mean,length_group,short,shell_mae,0.4668416178735859,0.632696214690548,0.4668416178735859,0.4470674543005056,25503,54,6034949,25503,0.4576815394394809,0.9325633269315543
shell_mean,length_group,short,mae_shell_0,0.7308311795986463,0.8514840072062708,0.7308311795986463,0.6587711275876343,25503,54,6034949,25503,0.63535478191996,1.1654667954511768
shell_mean,length_group,short,mae_shell_1,0.4275612556908165,0.6443911933968572,0.4275612556908163,0.4130778839901653,25503,54,6034949,25503,0.4312826724298537,1.0022040137234267
shell_mean,length_group,short,mae_shell_2,0.360324036743093,0.5269232844500275,0.36032403674309305,0.35585643176771703,25503,54,6034949,25503,0.37185541047252757,0.7967878295089653
shell_mean,length_group,short,mae_shell_3,0.3586759983174139,0.5229205110942461,0.358675998317414,0.3457579831384355,25503,54,6034949,25503,0.3537927075782114,0.8049387522856883
shell_mean,length_group,short,mae_shell_4,0.4568156190179598,0.617762077305339,0.45681561901795964,0.4618738450185751,25503,54,6034949,25503,0.4192086320428183,0.9566089919253573
shell_mean,length_group,short,perturbed_auroc,0.5497922976633203,0.5665672066482739,0.5497922976633203,0.5484357504613334,25503,54,6034949,24351,0.5365477260734535,0.59794958378395
shell_mean,length_group,short,perturbed_auprc,0.2099560765211277,0.16278416590060463,0.2099560765211276,0.21542517819191878,25503,54,6034949,24351,0.11636024577966783,0.2149872546803197
shell_mean,length_group,short,radius_mae,35.82832712298472,29.503882692279504,35.82832712298472,38.16233240610526,25503,54,6034949,25503,24.484573663646827,35.67168844507209
shell_mean,length_group,short,class_correct,0.042269536917225424,0.15920225298602803,0.042269536917225424,0.03217455919809943,25503,54,6034949,25503,0.09681608154531478,0.2313876263589086
shell_mean,length_group,short,class_macro_f1,0.014089845639075138,0.053067417662009335,0.014089845639075138,0.010724853066033142,25503,54,6034949,25503,0.03227202718177159,0.07712920878630286
shell_mean,length_group,short,non_local_f1,0.0,0.0,0.0,0.0,25503,54,6034949,25503,0.0,0.0
shell_mean,length_group,short,non_local_recall,0.0,0.0,0.0,0.0,25503,54,6034949,24383,0.0,0.0
shell_mean,length_group,long,global_mae,0.45213541374319954,0.5329268310843205,0.45213541374319943,0.45287861806091706,20478,48,6635032,20478,0.4476327421420375,0.6439192136810781
shell_mean,length_group,long,shell_mae,0.4064864503452851,0.5571053883576066,0.4064864503452852,0.4104225264351667,20478,48,6635032,20478,0.481160945170061,0.6496337797940909
shell_mean,length_group,long,mae_shell_0,0.5173048244410522,0.7589513333914004,0.5173048244410522,0.5264599758718436,20478,48,6635032,20478,0.6455747369871517,0.8929580215932524
shell_mean,length_group,long,mae_shell_1,0.4193401310581931,0.5790595288037224,0.419340131058193,0.4231349590321585,20478,48,6635032,20478,0.4687246139993346,0.7138572563711773
shell_mean,length_group,long,mae_shell_2,0.30643819586867943,0.4731671320075477,0.30643819586867943,0.31108130123044564,20478,48,6635032,20478,0.395652105590853,0.5687360456819726
shell_mean,length_group,long,mae_shell_3,0.287000799456592,0.4233037079315654,0.287000799456592,0.2901201576982255,20478,48,6635032,20478,0.35878257826503374,0.5043479582003096
shell_mean,length_group,long,mae_shell_4,0.5023483009019091,0.5510452396537974,0.5023483009019091,0.5013162383431599,20478,48,6635032,20478,0.45871033994933774,0.6727607999042932
shell_mean,length_group,long,perturbed_auroc,0.5539403321493007,0.540719911085597,0.5539403321493008,0.5542905060548003,20478,48,6635032,20317,0.5183029925864394,0.5614652023385506
shell_mean,length_group,long,perturbed_auprc,0.18553639575482897,0.13700047249627298,0.18553639575482894,0.1812350898549415,20478,48,6635032,20317,0.08406016393604555,0.20039068496619888
shell_mean,length_group,long,radius_mae,49.323883762710295,42.304648907788355,49.323883762710295,49.66438900022949,20478,48,6635032,20478,35.53767740323793,49.477457347812035
shell_mean,length_group,long,class_correct,0.007813263013966208,0.17074443662899008,0.007813263013966208,0.010545698866754199,20478,48,6635032,20478,0.09231625080010124,0.2624199150390096
shell_mean,length_group,long,class_macro_f1,0.0026044210046554024,0.05691481220966336,0.0026044210046554024,0.003515232955584733,20478,48,6635032,20478,0.030772083600033747,0.08747330501300317
shell_mean,length_group,long,non_local_f1,0.0,0.0,0.0,0.0,20478,48,6635032,20478,0.0,0.0
shell_mean,length_group,long,non_local_recall,0.0,0.0,0.0,0.0,20478,48,6635032,20300,0.0,0.0
shell_mean,resolution_group,low_resolution,global_mae,0.45759911070611786,0.6084214958074841,0.45759911070611786,0.44738980495834857,13930,72,3907830,13930,0.44643074789332077,0.8648764245339977
shell_mean,resolution_group,low_resolution,shell_mae,0.47253132735113756,0.6692772984704697,0.47253132735113756,0.45290609571555435,13930,72,3907830,13930,0.5048798681394037,0.9165229061685899
shell_mean,resolution_group,low_resolution,mae_shell_0,0.6822256072924445,0.9196671613833866,0.6822256072924445,0.6343469900729133,13930,72,3907830,13930,0.7025043210823475,1.2001589217317905
shell_mean,resolution_group,low_resolution,mae_shell_1,0.46214349736097077,0.72845357417959,0.46214349736097077,0.4467811780361996,13930,72,3907830,13930,0.4989093266512889,1.0521009788947087
shell_mean,resolution_group,low_resolution,mae_shell_2,0.37603508539933383,0.5572484968155264,0.37603508539933383,0.3657763859124131,13930,72,3907830,13930,0.412680485526263,0.783760497882467
shell_mean,resolution_group,low_resolution,mae_shell_3,0.35974385090512384,0.5125816028492175,0.35974385090512384,0.34268315490552514,13930,72,3907830,13930,0.37252439057582387,0.7330409730605887
shell_mean,resolution_group,low_resolution,mae_shell_4,0.482508595797815,0.6284356571246277,0.482508595797815,0.4749427696507206,13930,72,3907830,13930,0.45591396890543157,0.8927803746983028
shell_mean,resolution_group,low_resolution,perturbed_auroc,0.550780224077975,0.5472124174973825,0.5507802240779749,0.5497793928354927,13930,72,3907830,13380,0.5229394457217601,0.5734682364468647
shell_mean,resolution_group,low_resolution,perturbed_auprc,0.18901725706443098,0.1894013644175481,0.18901725706443098,0.1820756306838979,13930,72,3907830,13380,0.14308102891354355,0.24108019512632137
shell_mean,resolution_group,low_resolution,radius_mae,41.186150607682784,39.53140201085479,41.186150607682784,44.491467409885814,13930,72,3907830,13930,33.85502698402935,45.81531951273534
shell_mean,resolution_group,low_resolution,class_correct,0.03409906676238335,0.1275608135650801,0.03409906676238335,0.024621132593544676,13930,72,3907830,13930,0.07009826117155459,0.19042766318380244
shell_mean,resolution_group,low_resolution,class_macro_f1,0.011366355587461114,0.04252027118836003,0.011366355587461114,0.008207044197848224,13930,72,3907830,13930,0.02336608705718487,0.06347588772793415
shell_mean,resolution_group,low_resolution,non_local_f1,0.0,0.0,0.0,0.0,13930,72,3907830,13930,0.0,0.0
shell_mean,resolution_group,low_resolution,non_local_recall,0.0,0.0,0.0,0.0,13930,72,3907830,13431,0.0,0.0
shell_mean,resolution_group,high_resolution,global_mae,0.43906396696907085,0.44209345760504176,0.4390639669690709,0.4446638694170906,32051,52,8762151,32051,0.4256046998220462,0.4600263173655653
shell_mean,resolution_group,high_resolution,shell_mae,0.42580668062773275,0.47731617949560184,0.4258066806277328,0.41673544808585233,32051,52,8762151,32051,0.4479328992520149,0.5118606609813032
shell_mean,resolution_group,high_resolution,mae_shell_0,0.6155300320933635,0.6753885350147029,0.6155300320933634,0.5695113837452104,32051,52,8762151,32051,0.6078203094774083,0.7467766941174081
shell_mean,resolution_group,high_resolution,mae_shell_1,0.40727849332171373,0.48570752838519027,0.40727849332171373,0.40559389559154324,32051,52,8762151,32051,0.427373541250993,0.5625777542023608
shell_mean,resolution_group,high_resolution,mae_shell_2,0.3190670039763252,0.4033731381320947,0.31906700397632515,0.3175884907398934,32051,52,8762151,32051,0.37331346027645107,0.4374779055371089
shell_mean,resolution_group,high_resolution,mae_shell_3,0.3124172260850745,0.37281410314032903,0.31241722608507455,0.3050931095057908,32051,52,8762151,32051,0.35200572351814907,0.3987809816811247
shell_mean,resolution_group,high_resolution,mae_shell_4,0.47474064766218704,0.44929759280569254,0.47474064766218704,0.48589036084682374,32051,52,8762151,32051,0.43065201518995905,0.4685184598986522
shell_mean,resolution_group,high_resolution,perturbed_auroc,0.5520633652043452,0.5614163260335456,0.5520633652043452,0.5523116466113127,32051,52,8762151,31288,0.5377544993026054,0.5859842752792983
shell_mean,resolution_group,high_resolution,perturbed_auprc,0.20305332627188546,0.07643406544221461,0.20305332627188546,0.20413699995156248,32051,52,8762151,31288,0.05169620320687965,0.10425087186605538
shell_mean,resolution_group,high_resolution,radius_mae,42.122281374847574,27.859632331761606,42.122281374847574,44.04177527113916,32051,52,8762151,32051,23.588475331019442,32.1915936429017
shell_mean,resolution_group,high_resolution,class_correct,0.02380580949112352,0.20809101823910853,0.02380580949112352,0.019179694176820954,32051,52,8762151,32051,0.13275831438628036,0.2926905149988237
shell_mean,resolution_group,high_resolution,class_macro_f1,0.007935269830374505,0.06936367274636951,0.007935269830374507,0.006393231392273652,32051,52,8762151,32051,0.04425277146209345,0.09756350499960788
shell_mean,resolution_group,high_resolution,non_local_f1,0.0,0.0,0.0,0.0,32051,52,8762151,32051,0.0,0.0
shell_mean,resolution_group,high_resolution,non_local_recall,0.0,0.0,0.0,0.0,32051,52,8762151,31252,0.0,0.0
shell_mean,domain_group,single_domain,global_mae,0.43037738859013625,0.45107060321312964,0.4303773885901363,0.43636724499785323,42860,51,11444084,42860,0.40275792934742133,0.5250445276974672
shell_mean,domain_group,single_domain,shell_mae,0.4249706652376601,0.5059565271821547,0.4249706652376601,0.41571574493478236,42860,51,11444084,42860,0.44963986033949904,0.5734276434681367
shell_mean,domain_group,single_domain,mae_shell_0,0.6241773546440418,0.7296285431672678,0.6241773546440418,0.576135759614663,42860,51,11444084,42860,0.6107461240780249,0.8764435906918941
shell_mean,domain_group,single_domain,mae_shell_1,0.4055185057136676,0.5296562012367977,0.4055185057136675,0.4037223763458408,42860,51,11444084,42860,0.4504769862313313,0.6229307255585582
shell_mean,domain_group,single_domain,mae_shell_2,0.31931627106962385,0.41291856865104504,0.31931627106962385,0.317992446073714,42860,51,11444084,42860,0.36171695204520066,0.4753029507707366
shell_mean,domain_group,single_domain,mae_shell_3,0.31266323244147687,0.3877414916444868,0.31266323244147676,0.30589918082067286,42860,51,11444084,42860,0.3285110656957943,0.46740091376814535
shell_mean,domain_group,single_domain,mae_shell_4,0.4631779623194902,0.4698378312111761,0.4631779623194902,0.47482896181902096,42860,51,11444084,42860,0.4106876763608392,0.563782803501911
shell_mean,domain_group,single_domain,perturbed_auroc,0.5519723181593739,0.5565546428421846,0.5519723181593739,0.5516455815469149,42860,51,11444084,41782,0.5218916802766587,0.5923084540975021
shell_mean,domain_group,single_domain,perturbed_auprc,0.205186241319169,0.13790413815131733,0.205186241319169,0.20635441995029682,42860,51,11444084,41782,0.09320352603544253,0.18782568520513998
shell_mean,domain_group,single_domain,radius_mae,41.51681392424806,25.695837216590675,41.51681392424806,43.5589643281295,42860,51,11444084,42860,21.99524365775433,29.416876416881443
shell_mean,domain_group,single_domain,class_correct,0.025151656556229585,0.20158027648252022,0.025151656556229585,0.017429611710768834,42860,51,11444084,42860,0.12325752072057841,0.2877419457948634
shell_mean,domain_group,single_domain,class_macro_f1,0.008383885518743195,0.06719342549417341,0.008383885518743195,0.005809870570256277,42860,51,11444084,42860,0.0410858402401928,0.09591398193162112
shell_mean,domain_group,single_domain,non_local_f1,0.0,0.0,0.0,0.0,42860,51,11444084,42860,0.0,0.0
shell_mean,domain_group,single_domain,non_local_recall,0.0,0.0,0.0,0.0,42860,51,11444084,41740,0.0,0.0
shell_mean,domain_group,multi_domain,global_mae,0.6418489393172382,0.7113867680705611,0.6418489393172381,0.5316682001739438,3113,48,1220569,3113,0.4802934386290286,1.0691344567034011
shell_mean,domain_group,multi_domain,shell_mae,0.6466652495648764,0.7232059576100262,0.6466652495648764,0.5424346028096099,3113,48,1220569,3113,0.5092294754474017,1.0630222588495555
shell_mean,domain_group,multi_domain,mae_shell_0,0.7950574560457885,0.9142150420552785,0.7950574560457884,0.7149208497319909,3113,48,1220569,3113,0.6798925524437227,1.2472662307827544
shell_mean,domain_group,multi_domain,mae_shell_1,0.6774386566257664,0.7440088183451872,0.6774386566257664,0.5555423717721286,3113,48,1220569,3113,0.4762582094253203,1.1592371533604655
shell_mean,domain_group,multi_domain,mae_shell_2,0.5708133573332304,0.6292262596904775,0.5708133573332305,0.4683720091792099,3113,48,1220569,3113,0.429927806333215,0.9408821674408003
shell_mean,domain_group,multi_domain,mae_shell_3,0.5210523392011154,0.5952542536907329,0.5210523392011154,0.41820434688576286,3113,48,1220569,3113,0.4031905817526539,0.90002016424419
shell_mean,domain_group,multi_domain,mae_shell_4,0.6689644386184809,0.7333254142684543,0.6689644386184811,0.5551334364789572,3113,48,1220569,3113,0.49173874825971225,1.101012212968276
shell_mean,domain_group,multi_domain,perturbed_auroc,0.5473768919478195,0.5457953044710522,0.5473768919478195,0.5504608037561481,3113,48,1220569,2879,0.5275813243141251,0.56379128552111
shell_mean,domain_group,multi_domain,perturbed_auprc,0.10692342299705779,0.16298714744753356,0.10692342299705779,0.10946813509829426,3113,48,1220569,2879,0.10685021427299692,0.22589442963923778
shell_mean,domain_group,multi_domain,radius_mae,46.247906903228,45.68783523124947,46.247906903228,49.967284634970284,3113,48,1220569,3113,38.2077918470174,53.7167602013099
shell_mean,domain_group,multi_domain,class_correct,0.05107613234821715,0.12869027016359313,0.05107613234821715,0.052841664360217415,3113,48,1220569,3113,0.0670005035272276,0.20343686754097004
shell_mean,domain_group,multi_domain,class_macro_f1,0.01702537744940572,0.042896756721197714,0.01702537744940572,0.017613888120072474,3113,48,1220569,3113,0.022333501175742534,0.06781228918032335
shell_mean,domain_group,multi_domain,non_local_f1,0.0,0.0,0.0,0.0,3113,48,1220569,3113,0.0,0.0
shell_mean,domain_group,multi_domain,non_local_recall,0.0,0.0,0.0,0.0,3113,48,1220569,2936,0.0,0.0
shell_mean,domain_group,unknown,global_mae,0.3430242992636808,0.3804863607067954,0.34302429926368083,0.30549972548531285,8,3,5328,8,,
shell_mean,domain_group,unknown,shell_mae,0.32245960240504634,0.33529502695961844,0.32245960240504634,0.3114568368695879,8,3,5328,8,,
shell_mean,domain_group,unknown,mae_shell_0,0.562560936746498,0.5516949792702993,0.562560936746498,0.5719729818070906,8,3,5328,8,,
shell_mean,domain_group,unknown,mae_shell_1,0.24402684109610695,0.24803566972493496,0.244026841096107,0.24191357176277228,8,3,5328,8,,
shell_mean,domain_group,unknown,mae_shell_2,0.2184905794365458,0.2318873894298712,0.2184905794365458,0.21112927287947164,8,3,5328,8,,
shell_mean,domain_group,unknown,mae_shell_3,0.21678524829123763,0.2290831690255126,0.21678524829123763,0.2085394138609862,8,3,5328,8,,
shell_mean,domain_group,unknown,mae_shell_4,0.3704344064548433,0.41577392734747426,0.3704344064548433,0.32372894403761876,8,3,5328,8,,
shell_mean,domain_group,unknown,perturbed_auroc,0.5703570605894186,0.5782442626398968,0.5703570605894186,0.5591907073351343,8,3,5328,7,,
shell_mean,domain_group,unknown,perturbed_auprc,0.1799003301131814,0.18956464476854698,0.1799003301131814,0.13315623951539948,8,3,5328,7,,
shell_mean,domain_group,unknown,radius_mae,50.49241590499878,49.890134493509926,50.49241590499878,50.86267094569163,8,3,5328,8,,
shell_mean,domain_group,unknown,class_correct,0.125,0.16666666666666666,0.125,0.11017267267267267,8,3,5328,8,,
shell_mean,domain_group,unknown,class_macro_f1,0.041666666666666664,0.05555555555555555,0.041666666666666664,0.03672422422422422,8,3,5328,8,,
shell_mean,domain_group,unknown,non_local_f1,0.0,0.0,0.0,0.0,8,3,5328,8,,
shell_mean,domain_group,unknown,non_local_recall,0.0,0.0,0.0,0.0,8,3,5328,7,,
