alignment_variant_reference,cluster_id_30,n_samples_reference,n_residues_reference,global_mae_cluster_mean_reference,perturbed_auroc_cluster_mean_reference,perturbed_auprc_cluster_mean_reference,mae_shell_0_cluster_mean_reference,mae_shell_1_cluster_mean_reference,mae_shell_2_cluster_mean_reference,mae_shell_3_cluster_mean_reference,mae_shell_4_cluster_mean_reference,shell_mae_cluster_mean_reference,alignment_variant_candidate,n_samples_candidate,n_residues_candidate,global_mae_cluster_mean_candidate,perturbed_auroc_cluster_mean_candidate,perturbed_auprc_cluster_mean_candidate,mae_shell_0_cluster_mean_candidate,mae_shell_1_cluster_mean_candidate,mae_shell_2_cluster_mean_candidate,mae_shell_3_cluster_mean_candidate,mae_shell_4_cluster_mean_candidate,shell_mae_cluster_mean_candidate,diff_shell_mae,diff_perturbed_auprc,improved_shell_mae,reference,candidate
kabsch_exclude_4A,5mdw_6,1,32,0.356319043203257,0.38857142857142857,0.19281302484569274,0.43246639768282563,0.543571162223816,0.10017946362495424,0.09968994557857513,0.36247558401603447,0.3076765106252411,kabsch_exclude_8A,1,32,0.4935689624398947,0.27564102564102566,0.14729240268033372,0.5898435910542806,0.5663026928901672,0.39122683306535094,0.5307555347681046,0.47147215745951,0.5099201618474826,0.20224365122224147,-0.045520622165359015,False,kabsch_exclude_4A,kabsch_exclude_8A
kabsch_exclude_4A,8r3c_A,150,7050,0.19610357298225112,0.9626554018943853,0.30905566185188155,0.3696860828002294,0.20993923659746846,0.17257070113532244,0.1142037510673205,0.19543934211115507,0.2123678227422992,kabsch_exclude_8A,150,7050,0.21511274203684524,0.9637265176579692,0.3236727850334196,0.6425761305623584,0.38575498800724745,0.18012215523483852,0.10672932300468285,0.18677509740101716,0.30039153884202885,0.08802371609972964,0.014617123181538072,False,kabsch_exclude_4A,kabsch_exclude_8A
kabsch_exclude_4A,3ax3_A,6,396,0.6581177536134768,0.7266826923076922,0.616112043747967,1.4165311257044475,0.872420072555542,0.6972884525629607,0.7191039667445787,0.4607459935240256,0.8332179222183109,kabsch_exclude_8A,6,396,0.6616292903199792,0.7160427084741182,0.6488080386902056,1.536672681570053,0.9664590151773559,0.699271428652785,0.6951178533538264,0.4480457102688841,0.8691133378045809,0.03589541558626996,0.032695994942238626,False,kabsch_exclude_4A,kabsch_exclude_8A
kabsch_exclude_4A,2o94_B,16,1088,0.23662826509954518,0.7467350746268657,0.03335682453886162,0.17452321698268258,0.22692597603114942,0.21696533208402494,0.17897679194808006,0.25208983053378564,0.2098962295159445,kabsch_exclude_8A,16,1088,0.26847719391876396,0.7132216014897579,0.023883568503548856,0.17860069684684277,0.2226807273303469,0.1910276331473142,0.1967717196792364,0.2996486349748497,0.217745882395718,0.007849652879773489,-0.009473256035312766,False,kabsch_exclude_4A,kabsch_exclude_8A
kabsch_exclude_4A,9r2f_C,54,3888,7.404795412173487,,,6.525042991579315,8.475892483052753,6.3961734312552,6.3261257356831,7.59460656454473,7.063568241223019,kabsch_exclude_8A,54,3888,7.429715696415661,,,7.275227471634194,8.801514265934626,6.86760326690144,6.636440075046959,7.4830697711800385,7.412770970139452,0.349202728916433,,False,kabsch_exclude_4A,kabsch_exclude_8A
kabsch_exclude_4A,1y39_A,1,74,0.20197361561696273,0.6438356164383562,0.037037037037037035,0.509052445491155,0.23843546584248543,0.2389946781537112,0.18493192992173135,0.15520178177393973,0.2653232602366046,kabsch_exclude_8A,1,74,0.18563224911387707,0.7945205479452054,0.0625,0.5114122927188874,0.2027434396247069,0.19700131116106231,0.1573509348090738,0.15998286474496126,0.24569816861173832,-0.019625091624866253,0.025462962962962965,True,kabsch_exclude_4A,kabsch_exclude_8A
kabsch_exclude_4A,2d5g_D,4,332,0.28474075804991894,0.862881665963135,0.34974717493853,0.21358502159516016,0.1686337304612001,0.1264186417683959,0.20414936571167067,0.421000507246289,0.22675745335654315,kabsch_exclude_8A,4,332,0.2850201556750809,0.8511326860841424,0.3513748071555578,0.20920422673225403,0.13970409830411276,0.1369136202459534,0.20786415019000953,0.42065011953107184,0.22286724300068034,-0.0038902103558628165,0.0016276322170277746,True,kabsch_exclude_4A,kabsch_exclude_8A
kabsch_exclude_4A,1z8u_A,2,180,0.28122529006149205,0.9535283993115318,0.6752735532238638,2.194876899321874,0.9964221939444542,0.29301854595541954,0.1677880206455787,0.19633725490016135,0.7696885829534976,kabsch_exclude_8A,2,180,0.28021819666028025,0.9543650793650794,0.7622323042692254,1.957037885983785,0.9552955478429795,0.3378413412719965,0.20749803694585958,0.19705204546883487,0.730944971502691,-0.038743611450806625,0.08695875104536155,True,kabsch_exclude_4A,kabsch_exclude_8A
kabsch_exclude_4A,7nlg_C,7,631,0.19663760016883375,0.6003929974991068,0.028292684521535456,0.24504481894629343,0.3481247361217226,0.18815114604015098,0.21308424048028984,0.17095705231876152,0.23307239878144367,kabsch_exclude_8A,7,631,0.19621106055631596,0.6525544837441943,0.02719264909196418,0.23338646086908527,0.3317253738641739,0.16163675137387032,0.1964248898015781,0.19095000899503015,0.22282469698074756,-0.010247701800696118,-0.001100035429571277,True,kabsch_exclude_4A,kabsch_exclude_8A
kabsch_exclude_4A,4x88_A,66,6012,0.16201018900545444,0.9598457098457098,0.03621745996233282,0.29705814068967645,0.157505002126775,0.19337644916466715,0.1343246502068299,0.15700611795327973,0.18785407202824564,kabsch_exclude_8A,66,6012,0.18310793271669046,0.9607337107337106,0.04617220536221843,0.39354108554320505,0.2460875302214514,0.23154519698118337,0.1401412964528282,0.16935327977795875,0.23613367779532535,0.04827960576707971,0.009954745399885612,False,kabsch_exclude_4A,kabsch_exclude_8A
kabsch_exclude_4A,6r6n_B,2,200,0.11724692234769464,0.9318181818181818,0.5344827586206896,0.12798310816287997,0.08721727691590789,0.12183114805737057,0.08234092534985393,0.14360206946730614,0.1125949055906637,kabsch_exclude_8A,2,200,0.11840380075853318,0.9217171717171717,0.5303030303030303,0.2589942067861557,0.11952145770192146,0.10525436638980298,0.07847013120772317,0.1441661564194981,0.1412812637010203,0.028686358110356594,-0.004179728317659337,False,kabsch_exclude_4A,kabsch_exclude_8A
kabsch_exclude_4A,1ct1_E,3795,390885,0.2790182806153711,0.8442714783940697,0.21837144125491129,1.3701123460971039,0.5985894334028349,0.20453121018535,0.28263786059049056,0.2230960232223358,0.535793374699623,kabsch_exclude_8A,3795,390885,0.28640348738529914,0.8751705785312808,0.2702375563878271,1.3996378755858712,0.6946073507050667,0.2120915767362376,0.27847041608198353,0.2265989336564392,0.5622812305531196,0.026487855853496667,0.05186611513291581,False,kabsch_exclude_4A,kabsch_exclude_8A
kabsch_exclude_4A,6e2j_A,1,107,0.4474784236784293,0.7429824561403509,0.4711750890609289,0.6037865181763965,0.9060503939787546,0.63352530002594,0.7141914218664169,0.3888554744673579,0.6492818217029732,kabsch_exclude_8A,1,107,1.075253756803887,0.7530701754385964,0.4236698065006889,1.4114710986614227,1.3257339199384053,1.19649395942688,1.1209723576903343,1.0381682689270277,1.218567920928814,0.5692860992258408,-0.04750528256024,False,kabsch_exclude_4A,kabsch_exclude_8A
kabsch_exclude_4A,3cyi_A,9,963,2.2164719322675053,0.6124338624338624,0.9123400816720437,1.5172932788177773,1.5118534408864521,1.4134304110257903,2.1841132751899712,2.674269489834661,1.8601919791509303,kabsch_exclude_8A,9,963,2.392846243279993,0.6352720696692329,0.9331534926680098,1.8781688533447407,1.7938427887265644,1.7034180476073106,2.36980169380872,2.7769618138637284,2.104438639470213,0.24424666031928255,0.02081341099596612,False,kabsch_exclude_4A,kabsch_exclude_8A
kabsch_exclude_4A,1vyd_B,4,464,0.13420156951078438,0.8852813852813853,0.25925925925925924,0.17268635580937067,0.21827802341431385,0.12521368130627605,0.12914780975940326,0.1319332843585337,0.1554518309295795,kabsch_exclude_8A,4,464,0.15747300981030124,0.922077922077922,0.2635135135135135,0.17689971129099533,0.22192467842251065,0.13202498077104488,0.15590476601695022,0.16057178124663282,0.16946518354962678,0.01401335262004727,0.004254254254254242,False,kabsch_exclude_4A,kabsch_exclude_8A
kabsch_exclude_4A,4xy5_A,6,726,0.1168639098406967,0.9561452513966481,0.7589880952380952,0.14959357927242914,0.06310949164132279,0.09849150611958264,0.10367384172111217,0.14788580541462862,0.11255084483381508,kabsch_exclude_8A,6,726,0.10634996500456341,0.9607159460715946,0.7687255344775671,0.08806310221552846,0.05322271452418396,0.08909757843787741,0.09213457214978657,0.14092048895076031,0.09268769125562734,-0.019863153578187742,0.009737439239471901,True,kabsch_exclude_4A,kabsch_exclude_8A
kabsch_exclude_4A,1u5o_A,9,1113,0.30775496815410774,0.8723788465081996,0.4644518841362836,0.4287429043540248,0.21113104200449542,0.22678077138741226,0.22856514728036376,0.3488210038188845,0.28880817376903617,kabsch_exclude_8A,9,1113,0.30796978054007534,0.8819584049124602,0.5107138024460913,0.496071716149648,0.2244539526493653,0.23017489402007094,0.22920395847080657,0.3444277208604451,0.3048664484300672,0.016058274661031047,0.04626191830980775,False,kabsch_exclude_4A,kabsch_exclude_8A
kabsch_exclude_4A,1vzi_B,40,5000,0.21487109331032261,0.5180443389188101,0.0073450118771359605,0.2538843643075476,0.15268170562289332,0.201841097069938,0.2105998742599542,0.22793436426593452,0.20938828110525357,kabsch_exclude_8A,40,5000,0.14078049168568105,0.5561206985748594,0.008125911096896095,0.11327681920180718,0.08157510693063555,0.10850627651713171,0.11217180022229802,0.17369226357304027,0.11784445328898255,-0.09154382781627102,0.0007808992197601344,True,kabsch_exclude_4A,kabsch_exclude_8A
kabsch_exclude_4A,5xuh_A,6,750,0.5757072896758715,0.7039249330915998,0.4178148778216905,0.10009005293250087,0.23869545730175795,0.26638646417281087,0.477001143268485,0.7532748284579163,0.3670895892266942,kabsch_exclude_8A,6,750,0.6067964485337337,0.6598080217944216,0.37323041643180904,0.13976736615101498,0.273921899497509,0.2995720180895245,0.5117215472071067,0.7817393372298826,0.40134443363500755,0.034254844408313334,-0.04458446138988148,False,kabsch_exclude_4A,kabsch_exclude_8A
kabsch_exclude_4A,7bxo_B,22,2901,0.32197766184392046,0.8316035391728966,0.47151226733052554,2.6805065854480774,1.186787616185568,0.44512438325336867,0.22644160177464348,0.21258167163792216,0.950288371659916,kabsch_exclude_8A,22,2901,0.35141885918088356,0.8318469075268444,0.43890892116693564,2.8698237019054815,1.3372081002151524,0.5148871436020254,0.26540220926126723,0.22650989832867163,1.0427662106625195,0.09247783900260353,-0.0326033461635899,False,kabsch_exclude_4A,kabsch_exclude_8A
kabsch_exclude_4A,2eyp_A,58,7878,0.19800916078232567,0.78321803788103,0.07887230618208729,0.17128449729804335,0.16655448478970514,0.15886499090014763,0.18180903710831064,0.22319546562197595,0.18034169514363657,kabsch_exclude_8A,58,7878,0.19600105167556423,0.8002931305715784,0.09974237332908675,0.14513473512454964,0.15722602273108086,0.1484555736198178,0.17623098665390383,0.2274981982530948,0.1709091032764894,-0.009432591867147178,0.02087006714699946,True,kabsch_exclude_4A,kabsch_exclude_8A
kabsch_exclude_4A,6a1v_A,48,6741,0.22298090848796806,0.8209155960825448,0.16545037873641832,0.3032321076995383,0.18449205217105383,0.15864451344795225,0.15201908406999332,0.2528667719537556,0.21025090586845865,kabsch_exclude_8A,48,6741,0.21324763457428847,0.8257290177217385,0.25336823887794296,0.2280414485398473,0.1536161737398977,0.15257897474012286,0.14786034227801367,0.24527337270100108,0.1854740623997765,-0.02477684346868214,0.08791786014152464,True,kabsch_exclude_4A,kabsch_exclude_8A
kabsch_exclude_4A,4f4m_D,23,3376,0.20363648621678812,0.7599778455646597,0.16584461957986305,0.14285286515951157,0.12975781219225233,0.19930557380526912,0.1683762901231048,0.2516968280517683,0.17839787386638123,kabsch_exclude_8A,23,3376,0.2032645828318473,0.8750604120521811,0.25961982469986183,0.11223242323899614,0.1373306401013457,0.2026840949496206,0.1626483779744398,0.25260955579635924,0.1735010184121523,-0.004896855454228938,0.09377520511999879,True,kabsch_exclude_4A,kabsch_exclude_8A
kabsch_exclude_4A,8up8_C,10,1630,0.20483349617684912,0.7970550115207373,0.13011597213671974,0.7800829956928889,0.4589332185640204,0.2095795533130482,0.20872508769234022,0.1734435476243496,0.3661528805773295,kabsch_exclude_8A,10,1630,0.17612546353309524,0.8386158973268099,0.14888499322746995,0.46262868444124855,0.2648673494142003,0.1338643134587397,0.16206563753386338,0.16910455020442605,0.2385061070104956,-0.12764677356683388,0.01876902109075021,True,kabsch_exclude_4A,kabsch_exclude_8A
kabsch_exclude_4A,3lze_A,6,978,0.47735522531738583,,,0.7863498975833257,0.4768222062538067,0.8132674644035952,0.4872249761707525,0.43550630399608375,0.5998341696815127,kabsch_exclude_8A,6,978,0.31758318289901094,,,0.6330546558731132,0.2466649668912093,0.6138868988624641,0.31385249424892575,0.28481143651935514,0.41845409047901344,-0.18138007920249927,,True,kabsch_exclude_4A,kabsch_exclude_8A
kabsch_exclude_4A,3cfh_B,40,6608,0.12526750302929646,0.7672803583395056,0.032494135068573834,0.12828368948151667,0.07993614406117963,0.08619400039342064,0.11445031854547343,0.13755715569807048,0.10928426163593216,kabsch_exclude_8A,40,6608,0.12013852360696965,0.8274313779798288,0.035652358309185,0.13347594356164336,0.0800478966647966,0.07940717331557844,0.10979429811428049,0.1318701179269211,0.10691908591664401,-0.002365175719288154,0.0031582232406111646,True,kabsch_exclude_4A,kabsch_exclude_8A
kabsch_exclude_4A,4hgq_E,96,15744,0.34549077162319747,0.862827740818416,0.03992796244263002,0.6667508667516004,0.3621035358014827,0.399834477339339,0.2708126383551567,0.34743142184082954,0.4093865880176817,kabsch_exclude_8A,96,15744,0.2091606299962415,0.9049921306315168,0.20989276106598115,0.27535522969750065,0.20423959048154453,0.21287250027304427,0.16218157604789282,0.21972706318305993,0.21487519193660845,-0.19451139608107323,0.16996479862335112,True,kabsch_exclude_4A,kabsch_exclude_8A
kabsch_exclude_4A,9va6_A,2,330,0.49975169390214214,0.6444784628378378,0.3100832566592756,2.0612613558769226,0.44413591027259824,0.3145819673233706,0.3786311337146266,0.5462277274016502,0.7489676189178336,kabsch_exclude_8A,2,330,0.3754797444086183,0.650047508445946,0.29510906037340157,1.8743306398391724,0.37256112694740295,0.2274970050253298,0.26745073921207724,0.4090017769837154,0.6301682576015396,-0.11879936131629398,-0.014974196285874042,True,kabsch_exclude_4A,kabsch_exclude_8A
kabsch_exclude_4A,7vns_A,8,1352,0.26776001765186064,0.8591962367152564,0.3096753712063254,0.2975167293722431,0.3279589637493094,0.28273449915328197,0.34655790915047485,0.2341681133158382,0.2977872429482295,kabsch_exclude_8A,8,1352,0.2628066009916255,0.8342817757670012,0.274678172880933,0.24103313327456513,0.3211642727255821,0.26760438356016364,0.3307676249117191,0.2360617031896803,0.27932622353234204,-0.01846101941588746,-0.03499719832539239,True,kabsch_exclude_4A,kabsch_exclude_8A
kabsch_exclude_4A,1me5_B,3,519,0.25498889855006873,0.712799043062201,0.19197391141354803,0.2564246654510498,0.16563386097550392,0.1717061929661652,0.21119705013122902,0.2864041446651123,0.21827318283781202,kabsch_exclude_8A,3,519,0.268592345490621,0.7522727272727272,0.21734745516731924,0.3053863181008233,0.19434600982528466,0.19356052243504032,0.22725093355738973,0.2959464035124542,0.24329803748619844,0.025024854648386413,0.02537354375377121,False,kabsch_exclude_4A,kabsch_exclude_8A
kabsch_exclude_4A,2ygp_A,1,174,0.22469516720986743,1.0,1.0,0.04782283306121826,0.2291015069931746,0.2492306031859838,0.24215652240860852,0.22187182545752787,0.19803665822130262,kabsch_exclude_8A,1,174,0.21152508889335667,1.0,1.0,0.03503668308258059,0.19556719064712524,0.21195146957269081,0.2248871983780015,0.21293588944264058,0.17607568622460773,-0.02196097199669489,0.0,True,kabsch_exclude_4A,kabsch_exclude_8A
kabsch_exclude_4A,1mjy_A,57,9975,0.39529421706798307,0.5440766838218536,0.20118459303340966,0.37610177113538423,0.45647851011732166,0.48118727442018594,0.5072325551273944,0.33505856781488663,0.43121173572303456,kabsch_exclude_8A,57,9975,0.3991573498573593,0.5850090036574048,0.21484852035007668,0.3851663504634597,0.4884015498379418,0.4974830536627027,0.514004675487303,0.3337371044857161,0.4437585467874247,0.012546811064390151,0.013663927316667018,False,kabsch_exclude_4A,kabsch_exclude_8A
kabsch_exclude_4A,8eqo_B,6104,1147390,0.42670684987953433,0.7266350564819508,0.3888949659751741,0.7237065424459764,0.41884232172467817,0.3645001991927404,0.3713020444764266,0.4518557576817364,0.4660413731043116,kabsch_exclude_8A,6104,1147390,0.4547350513970939,0.6571613047856747,0.3040733856398014,0.7968127647219346,0.48486866358746167,0.4046060041297965,0.4057171953499896,0.4709525501814775,0.5125914355941321,0.04655006248982052,-0.08482158033537268,False,kabsch_exclude_4A,kabsch_exclude_8A
kabsch_exclude_4A,4p4h_A,16,3008,0.3882353709158587,0.6402943713544662,0.27828408355376955,0.2463720335314671,0.18382365442812443,0.23243170226020599,0.3875851479330749,0.422461189407914,0.2945347455121573,kabsch_exclude_8A,16,3008,0.44205677616187034,0.6548798074101893,0.27826973559316537,0.3300314440081517,0.22127070226189163,0.27310849345330873,0.4627382739475279,0.4757645848026131,0.35258269969469863,0.05804795418254133,-1.4347960604177423e-05,False,kabsch_exclude_4A,kabsch_exclude_8A
kabsch_exclude_4A,8wkd_A,2,384,0.5246045151337361,0.7354582457983194,0.46022244414586655,0.6834869980812074,0.23371937374273935,0.8637075076500574,1.122341455748448,0.46954315962890786,0.674559698970272,kabsch_exclude_8A,2,384,0.5846485191917358,0.7528065913865547,0.4850870312844079,1.2273276448249817,0.20772019028663635,0.9798160145680109,1.2037350076895494,0.5217098133150666,0.828061734136849,0.153502035166577,0.02486458713854134,False,kabsch_exclude_4A,kabsch_exclude_8A
kabsch_exclude_4A,7sj1_C,16,3136,0.563888836309922,0.39142678347934917,0.4727935621172403,0.30177205925186473,0.4775394021222989,0.6598457984315852,0.9638507466118497,0.4882119968012496,0.5782440006437696,kabsch_exclude_8A,16,3136,0.6413566507731697,0.38955807351368343,0.47135396904251664,0.4302726071327925,0.5655383483196298,0.7556897240380446,1.0424920302959015,0.561640893845083,0.6711267207262903,0.09288272008252074,-0.001439593074723633,False,kabsch_exclude_4A,kabsch_exclude_8A
kabsch_exclude_4A,8t06_A,16,3184,0.2510154188853974,0.7455228692568328,0.20252620659381507,0.2562231058254838,0.5914506032582252,0.402287424231569,0.19358953083347943,0.22146396590264658,0.3330029260102808,kabsch_exclude_8A,16,3184,0.2437815337556522,0.7212375068252498,0.1512852249068254,0.19436822179704905,0.5159460838523603,0.3595840598422068,0.17433130175427156,0.2265412485316158,0.2941541831555007,-0.03884874285478013,-0.05124098168698968,True,kabsch_exclude_4A,kabsch_exclude_8A
kabsch_exclude_4A,3g7j_B,16,3540,0.15758622197018632,0.8183620689655172,0.06642842088651796,0.37686187226790935,0.28190476149068894,0.23210900487999123,0.19968682026418266,0.12411556963897992,0.2429356057083504,kabsch_exclude_8A,16,3540,0.15176041395532355,0.7797418908227849,0.04949410912881086,0.3713510291806112,0.2752473044737771,0.21379006250451008,0.17555648354252254,0.12445761830327122,0.23208049960093846,-0.010855106107411944,-0.0169343117577071,True,kabsch_exclude_4A,kabsch_exclude_8A
kabsch_exclude_4A,2a6x_B,1,219,0.16879348939106073,0.8802325581395348,0.08671565506508205,0.06165205935637159,0.16942591716845834,0.29445767030119896,0.12659523495369487,0.1639328975123253,0.1632127558584098,kabsch_exclude_8A,1,219,0.14023399380669338,0.8930232558139535,0.09681642001409443,0.0379081666469574,0.12993418176968896,0.28100940261198126,0.08868519369926718,0.1365040469874474,0.13480819834306845,-0.02840455751534135,0.01010076494901238,True,kabsch_exclude_4A,kabsch_exclude_8A
kabsch_exclude_4A,3x2y_C,18,4086,0.2269430506728978,0.7423177010595312,0.10522371606549398,0.28113344256524686,0.3136850395550331,0.4682081417284078,0.3948178457275117,0.11467494627076871,0.3145038831693937,kabsch_exclude_8A,18,4086,0.24479637129507628,0.7678078078078078,0.10184114951016797,0.30579658149293176,0.3527820050405959,0.50120075534667,0.42172326395119736,0.12431641568747635,0.34116380430377424,0.026659921134380538,-0.003382566555326011,False,kabsch_exclude_4A,kabsch_exclude_8A
kabsch_exclude_4A,4cj8_I,7,1651,0.3494255944402795,0.7487066040552645,0.39064427269508134,0.9985390993810835,0.30140144963349613,0.3648103175278242,0.30436293534102277,0.35239336454866826,0.46430143328641893,kabsch_exclude_8A,7,1651,0.38770086327731285,0.7613057801737048,0.40344498290312336,1.0698556814874922,0.35220839123108555,0.41969204849095515,0.3455148871512489,0.38492562929977786,0.514439327532112,0.05013789424569304,0.012800710208042021,False,kabsch_exclude_4A,kabsch_exclude_8A
kabsch_exclude_4A,6uau_A,6,1446,0.10592971819698975,0.9004469122426868,0.286402885891423,0.08554668310615754,0.055784102233629375,0.0791088130178028,0.08717961535415845,0.11925860137204161,0.08537556301675794,kabsch_exclude_8A,6,1446,0.11024823271634668,0.9333965330444204,0.3697147218645206,0.06737014982435441,0.06393792184572371,0.08666454336458915,0.08494842706827188,0.12507817348422007,0.08559984311743184,0.00022428010067389315,0.0833118359730976,False,kabsch_exclude_4A,kabsch_exclude_8A
kabsch_exclude_4A,7o58_B,24,5808,0.8395658923595561,0.5608256191256948,0.4797870328132793,0.8773233900881476,0.8723463976586406,0.6385888437901837,0.7794334138615651,0.8713175901367898,0.8078019271070653,kabsch_exclude_8A,24,5808,0.8254189560391566,0.5496813989175622,0.4798091873711111,0.9738228612889847,0.9437685531394725,0.6861540867587713,0.8051512478671682,0.8357050916225306,0.8489203681353855,0.041118441028320185,2.2154557831832733e-05,False,kabsch_exclude_4A,kabsch_exclude_8A
kabsch_exclude_4A,7sp0_B,1,244,0.2426768996920742,1.0,1.0,0.8589864994088808,0.6878682132810354,0.5774634977181753,0.372945174574852,0.22619205077594898,0.5446910871517785,kabsch_exclude_8A,1,244,0.310153337913092,1.0,1.0,1.0798226445913315,0.965439435094595,0.7639110883076986,0.5556186735630035,0.28791368386529864,0.7305411050843855,0.18585001793260703,0.0,False,kabsch_exclude_4A,kabsch_exclude_8A
kabsch_exclude_4A,3e44_A,7,1779,0.6774727415132215,0.7622727140063625,0.6145554225198993,0.9522227417855036,1.9943679698875971,0.7852851954064791,0.9234044100775058,0.6284079489567186,1.0567376532227608,kabsch_exclude_8A,7,1779,0.7021183943823022,0.7487566324981566,0.5940162360564201,1.0200825844492232,2.103739737399987,0.8416402217330812,0.9594282163643694,0.6487257315381477,1.1147232982969617,0.0579856450742009,-0.020539186463479187,False,kabsch_exclude_4A,kabsch_exclude_8A
kabsch_exclude_4A,4cv1_E,2064,550177,0.38074286885502606,0.7223134747744738,0.27075296120170067,0.8929389259748994,0.6999062551778116,0.5425552316259274,0.3946091513341238,0.3424218247109977,0.574486277764752,kabsch_exclude_8A,2064,550177,0.38846594718527583,0.7882486032239118,0.3268526630169834,0.8763631440683783,0.7183965336127491,0.5775759535364231,0.39990599854834213,0.347651156226711,0.5839785571985208,0.009492279433768736,0.05609970181528273,False,kabsch_exclude_4A,kabsch_exclude_8A
kabsch_exclude_4A,1ild_A,2,514,0.1616044908703997,0.9705882352941176,0.5521390374331551,0.2206078494588534,0.2616403197700327,0.1467740787741016,0.09519197027488001,0.1661764498005815,0.17807813361568986,kabsch_exclude_8A,2,514,0.15290871145500864,0.9708333333333333,0.2637768817204301,0.14626463005940119,0.2377117130566727,0.11543605849146843,0.07698704514267116,0.16268466399311263,0.14781682214866523,-0.030261311467024626,-0.28836215571272494,True,kabsch_exclude_4A,kabsch_exclude_8A
kabsch_exclude_4A,2bek_D,90,23760,0.1851648995355485,0.8838590379228888,0.26206071327547553,0.14062706105135106,0.1397024840912503,0.1980436347331035,0.16466258069371983,0.1918427623182718,0.1669757045775393,kabsch_exclude_8A,90,23760,0.16912761394429154,0.8966238922697084,0.36170603723447264,0.14209606589542495,0.12363952204783192,0.14900147668882519,0.14725351296488395,0.18157646157386614,0.14871340783416645,-0.018262296743372847,0.09964532395899711,True,kabsch_exclude_4A,kabsch_exclude_8A
kabsch_exclude_4A,2awi_L,5,1460,0.22475497261302113,0.7011026824118245,0.2480075198474493,0.15105350265900294,0.11928982084447691,0.12195650603001316,0.16591532561731967,0.2529229858683215,0.16222762820382683,kabsch_exclude_8A,5,1460,0.2203843079252194,0.7177405049569348,0.25276716211266226,0.13712427467107774,0.11387056965719569,0.10970513025919597,0.16263304927239292,0.24942263808032428,0.15455113238803733,-0.007676495815789497,0.004759642265212971,True,kabsch_exclude_4A,kabsch_exclude_8A
kabsch_exclude_4A,7dwo_B,8,2336,1.6604850897278434,0.6061840446007832,0.7169785576425177,1.6157628558576107,1.5748449660116626,1.360386432693252,1.2628956250564167,1.7591139258314954,1.5146007610900873,kabsch_exclude_8A,8,2336,1.663525936876309,0.6103873935315332,0.7241729129657913,1.7023872534434001,1.7059337381393678,1.4651039388241633,1.3296187312878442,1.734921095042312,1.5875929513474174,0.07299219025733006,0.007194355323273616,False,kabsch_exclude_4A,kabsch_exclude_8A
kabsch_exclude_4A,5tnf_C,944,277918,0.11328118568683428,0.902968473652575,0.13012190935171136,0.1384648349115171,0.10933301980811277,0.09561963694591487,0.12000877656037698,0.11426152794896353,0.11553755923497704,kabsch_exclude_8A,944,277918,0.11257581855699102,0.9082282145457192,0.1451746332775036,0.14493182605591903,0.1149776471318673,0.09336328279303631,0.1201416312415854,0.1131223419842855,0.1173073458413387,0.0017697866063616646,0.015052723925792239,False,kabsch_exclude_4A,kabsch_exclude_8A
kabsch_exclude_4A,7m8h_C,16,4704,0.15737871666866327,0.9021679131054132,0.10749832041115379,0.14620849979110065,0.16012579014662792,0.13979512625276888,0.16676018829356232,0.15712985673101063,0.15400389224301408,kabsch_exclude_8A,16,4704,0.11820751002529988,0.9145203087411646,0.0712737086594635,0.13388738043916723,0.1256458868134629,0.1085179603747006,0.11423581485211363,0.12017367602511309,0.1204921437009115,-0.03351174854210258,-0.03622461175169028,True,kabsch_exclude_4A,kabsch_exclude_8A
kabsch_exclude_4A,7n6n_A,29562,9020536,0.4766598560420657,0.7020102077643344,0.3348717334540751,0.30947991337790826,0.2927419744315904,0.280277825968429,0.3116944971673687,0.5347240797947922,0.3457836581480177,kabsch_exclude_8A,29562,9020536,0.5285920989428036,0.7265654928411424,0.350559987039211,0.364523776623676,0.35913386857279644,0.3393712552181743,0.3745427103354056,0.5834842334738009,0.4042111688447706,0.05842751069675289,0.01568825358513587,False,kabsch_exclude_4A,kabsch_exclude_8A
kabsch_exclude_4A,2hlp_A,571,188099,0.32253851849775234,0.8024588789192689,0.258074750465053,0.27764966423773085,0.24241958184802748,0.24513570701749496,0.3401634395434833,0.32831547117956805,0.2867367727652609,kabsch_exclude_8A,571,188099,0.3271394512669799,0.8316807158067171,0.3084360404330169,0.2903515429186054,0.2527136105866407,0.24840648714661584,0.340508195817684,0.3332991933758454,0.29305580596907826,0.006319033203817381,0.05036128996796391,False,kabsch_exclude_4A,kabsch_exclude_8A
kabsch_exclude_4A,3a9w_A,3,932,0.1652809069751734,0.9295752895752896,0.10439813584920628,0.12421845893065135,0.21082463505722226,0.16456404089927673,0.1908719449756889,0.159141835621645,0.16992418309689686,kabsch_exclude_8A,3,932,0.11126888457030186,0.8798455598455599,0.13492732747890845,0.05442984567748174,0.11939205069627083,0.10993880450725556,0.13879315549969126,0.10735208234099011,0.10598118774433792,-0.06394299535255894,0.030529191629702176,True,kabsch_exclude_4A,kabsch_exclude_8A
kabsch_exclude_4A,4gvr_C,18,5670,0.3285497202117463,0.7738413494241829,0.11514012892522385,0.1520583180503713,0.12385624320142799,0.12900986709201367,0.21149375333308099,0.4192155871952669,0.20712675377443218,kabsch_exclude_8A,18,5670,0.3152925186959708,0.7820271014691488,0.12771810170897663,0.16507202662803508,0.1380683820280764,0.11434886235022737,0.19475496758849503,0.4055524330517555,0.2035593343293179,-0.003567419445114295,0.012577972783752778,True,kabsch_exclude_4A,kabsch_exclude_8A
kabsch_exclude_4A,9swq_B,4,1284,0.8430744150879784,0.5938883065455391,0.5954270582639967,0.9838748350739479,0.2905472024128987,0.38290472105145457,0.6436669789254665,0.8848466043812132,0.6371680683689962,kabsch_exclude_8A,4,1284,0.9263213782504526,0.6196044649356952,0.6268339144017487,0.353794830540816,0.4892500191926956,0.5321926642209291,0.7477461958304048,0.9692035603666178,0.6184374540302927,-0.01873061433870349,0.03140685613775207,True,kabsch_exclude_4A,kabsch_exclude_8A
kabsch_exclude_4A,2ouv_B,22,7134,0.200868760993629,0.7080894079746138,0.11379050697395607,0.296317186545242,0.1659306454943654,0.1316745591638931,0.15745710396324114,0.2236352482596934,0.195002948685287,kabsch_exclude_8A,22,7134,0.19960629885477352,0.7394538459450657,0.12251917048374439,0.19713032228702848,0.165821958747175,0.13349897060671756,0.1396841001210272,0.22795047549142666,0.172817165450675,-0.02218578323461201,0.00872866350978832,True,kabsch_exclude_4A,kabsch_exclude_8A
kabsch_exclude_4A,1z73_A,1,332,0.06471711854416742,,,0.0575520743926366,0.058999535110261715,0.07392295716064316,0.07319006681442261,0.06185372117510502,0.06510367093061382,kabsch_exclude_8A,1,332,0.06817596296342202,,,0.05490850905577343,0.06593891978263855,0.07316176167556218,0.07335674367845059,0.06658614917479931,0.06679041667344482,0.0016867457428309945,,False,kabsch_exclude_4A,kabsch_exclude_8A
kabsch_exclude_4A,4dfx_E,3,1041,0.3007566819574029,0.9006675998707871,0.2163733584040096,1.541824956734975,2.0282967815796535,0.826742896437645,0.2102697922123803,0.25801833384245043,0.9730305521614209,kabsch_exclude_8A,3,1041,0.3922943674165695,0.8577390823659481,0.16127299223184186,1.5947663187980652,2.1301823765039445,0.8488487944006919,0.2305636044177744,0.354195099110864,1.0317112386462681,0.058680686484847255,-0.055100366172167736,False,kabsch_exclude_4A,kabsch_exclude_8A
kabsch_exclude_4A,3b8t_A,53,19407,0.12298791932909732,0.8786408659121292,0.19075776927099278,0.17560023320838808,0.12599120785071513,0.111398327688088,0.11054669285714139,0.12396608305392862,0.12950050893165224,kabsch_exclude_8A,53,19407,0.12472104635535754,0.8405349738217044,0.20016740739951716,0.20252704434096813,0.12598192139122097,0.1112929212904751,0.11232851930358687,0.1255864460246834,0.13554337047018689,0.006042861538534644,0.009409638128524384,False,kabsch_exclude_4A,kabsch_exclude_8A
kabsch_exclude_4A,7bbx_A,1,352,0.3514103852371177,,,0.4273271958033244,0.2530676701830493,0.2513556445346159,0.22996496935101116,0.3738581663300525,0.3071147292404106,kabsch_exclude_8A,1,352,0.3118908793522595,,,0.2438259422779084,0.17339643297923935,0.1816867403686047,0.17120074436945074,0.3411212592163352,0.2222462238423077,-0.08486850539810292,,True,kabsch_exclude_4A,kabsch_exclude_8A
kabsch_exclude_4A,1gyr_C,30,10920,0.35799398602876853,0.6712178711371235,0.20092945077210045,0.2902249973681238,0.20156135561841507,0.2274281191734635,0.34880416383660195,0.3673229900054844,0.2870683252004177,kabsch_exclude_8A,30,10920,0.3798838566357591,0.6730906510415195,0.21152730828615024,0.22992005381319258,0.21027396643465315,0.2523639202371341,0.37239225960716055,0.3900363140759028,0.29099730283360864,0.003928977633190944,0.010597857514049791,False,kabsch_exclude_4A,kabsch_exclude_8A
kabsch_exclude_4A,8eip_B,6,2191,0.12601290355147032,0.9775824553366925,0.29909275529104745,0.18653257460229927,0.18678595286069644,0.11023995868058618,0.09706713593964066,0.13062154422596453,0.14224943326183742,kabsch_exclude_8A,6,2191,0.10315646454504858,0.9553939532753092,0.16053547115255104,0.07263706624507904,0.08130077916818361,0.05745133356062952,0.06872230182800974,0.11692393445786127,0.07940708305195264,-0.06284235020988478,-0.1385572841384964,True,kabsch_exclude_4A,kabsch_exclude_8A
kabsch_exclude_4A,6i7u_A,1,372,0.24730336140360562,0.7362987012987013,0.15073866847769862,0.07081623872121175,0.14327391304753043,0.1483190195368869,0.21434210674329238,0.270060510052876,0.1693623576203595,kabsch_exclude_8A,1,372,0.313986731893433,0.7581818181818182,0.15403056354381892,0.16383899251619977,0.21966302665797147,0.15165864037615912,0.24459670531478794,0.3498036118935455,0.22591219535173276,0.05654983773137326,0.003291895066120293,False,kabsch_exclude_4A,kabsch_exclude_8A
kabsch_exclude_4A,8x84_C,32,12192,0.2831354541835446,0.9243382417485956,0.45231109247499257,1.3321401743839185,1.41547145601362,1.3360725393285975,0.5996298518524888,0.21470625645122746,0.9796040556059706,kabsch_exclude_8A,32,12192,0.27408358567834923,0.9430875128803275,0.4863131066549255,1.2165453744431336,1.3585306939979394,1.2796188346110284,0.6212847388678175,0.20699203060084406,0.9365943345041525,-0.04300972110181811,0.03400201417993293,True,kabsch_exclude_4A,kabsch_exclude_8A
kabsch_exclude_4A,3m0o_B,119,45807,0.13726505536647163,0.7084267864857879,0.11452199965577464,0.21367950598691024,0.15764255580742267,0.1258274019793097,0.11734657227181869,0.14050572244451254,0.15100035169799478,kabsch_exclude_8A,119,45807,0.12710434900287132,0.7315735388548241,0.14974479507352503,0.14994567812678694,0.11925373574280564,0.09926646513801672,0.10327679216361227,0.1341231007521259,0.12117315438466951,-0.029827197313325268,0.03522279541775039,True,kabsch_exclude_4A,kabsch_exclude_8A
kabsch_exclude_4A,1jll_E,22,8491,0.23249868025007095,0.7939917888359416,0.2004806839263291,0.07976912805701003,0.10627353915632679,0.17663906134546062,0.20126887617951578,0.24936569787698687,0.16266326052306002,kabsch_exclude_8A,22,8491,0.2290411088761535,0.7899043657681852,0.18921106289636308,0.08308715384234401,0.10071848920986132,0.14406276399104792,0.1835698555148131,0.2514819982294263,0.15258405215749854,-0.010079208365561476,-0.01126962102996601,True,kabsch_exclude_4A,kabsch_exclude_8A
kabsch_exclude_4A,2pp3_B,15,5925,0.11909651551034128,0.9611535932462243,0.07812413414998354,0.15707484467162025,0.30085795038577284,0.22602698767497656,0.15106390468939485,0.0956378152267997,0.18613230052971283,kabsch_exclude_8A,15,5925,0.10806331033366516,0.9812515908705243,0.13865780044637882,0.08964258316490385,0.2534730226027243,0.18244911008664677,0.1372056667944033,0.09034099298835212,0.15062227512740606,-0.03551002540230677,0.06053366629639528,True,kabsch_exclude_4A,kabsch_exclude_8A
kabsch_exclude_4A,8ka0_C,2,810,0.7153751229936326,0.7406629659000793,0.6835360669763935,0.11154861251513166,0.238910211622715,0.2155921459197998,0.3057516153029939,0.8429768313535878,0.3429558833428456,kabsch_exclude_8A,2,810,0.7194311786029074,0.7521453379303351,0.6948579269087112,0.1538731430967649,0.277074521780014,0.2580587782993399,0.33636928706410085,0.838114562102511,0.37269805846854615,0.029742175125700543,0.011321859932317713,False,kabsch_exclude_4A,kabsch_exclude_8A
kabsch_exclude_4A,6bau_B,12,4896,0.20925601243210373,0.5936290729628176,0.013341883118170092,0.14860399719327688,0.20107552453520752,0.21550280787050724,0.16016591406660155,0.21825226456914942,0.1887201016469485,kabsch_exclude_8A,12,4896,0.20841410672223634,0.6282130372198231,0.01885464807735486,0.16135110240429643,0.2000094620910074,0.21074404567907298,0.15914898819755763,0.21777410753657123,0.18980554118170115,0.0010854395347526524,0.005512764959184768,False,kabsch_exclude_4A,kabsch_exclude_8A
kabsch_exclude_4A,6l7d_A,99,42931,0.36982369090400435,0.7739250002301358,0.3419333703535533,1.493275105827786,0.5895025017957164,0.4840505084844822,0.44284823030815723,0.3362354859453983,0.669182366472308,kabsch_exclude_8A,99,42931,0.3723548911364382,0.798325203972124,0.370452507431526,1.4575933749577412,0.6086556249581491,0.4972341494094573,0.45306862921126256,0.33682710374917607,0.6706757764571573,0.0014934099848492588,0.02851913707797271,False,kabsch_exclude_4A,kabsch_exclude_8A
kabsch_exclude_4A,9j83_A,1,427,2.1072298061512673,0.6639487179487179,0.9286429399678391,0.3233963946501414,0.7540610513903878,1.076306802034378,1.284431960937139,2.3250444839652786,1.152648138595465,kabsch_exclude_8A,1,427,2.1959292440908573,0.6717435897435898,0.9329960079934261,0.37530792752901715,0.7973088378256018,1.1412408351898193,1.3299881195699848,2.4217233188726284,1.2131138077974104,0.060465669201945405,0.0043530680255869925,False,kabsch_exclude_4A,kabsch_exclude_8A
kabsch_exclude_4A,9cp9_B,3,1298,0.11964127316192734,0.8596414728682171,0.040440255696284594,0.19936700330840218,0.07442866998414198,0.08018718773097384,0.10165971085429192,0.1269505061153711,0.11651861559863622,kabsch_exclude_8A,3,1298,0.10048797150904482,0.9137112403100776,0.04705897802314604,0.170554980635643,0.05845328370730082,0.061001397632792886,0.0801173430805405,0.10814801356621094,0.09565500372449764,-0.02086361187413857,0.006618722326861448,True,kabsch_exclude_4A,kabsch_exclude_8A
kabsch_exclude_4A,4wef_A,20,8620,0.17616481255500074,0.8264245478421458,0.2190658122519847,0.1287388361990452,0.08573465401581092,0.10211767630488441,0.12778337271551468,0.19553928419434125,0.1279827646859193,kabsch_exclude_8A,20,8620,0.173213239163895,0.8324272585275739,0.23923285918904832,0.14143653412659962,0.09122857314267362,0.1054896385660463,0.12767816331787882,0.1910406529488729,0.13137471242041426,0.003391947734494971,0.020167046937063615,False,kabsch_exclude_4A,kabsch_exclude_8A
kabsch_exclude_4A,8jce_G,144,65232,0.15133401159407708,0.9295162509448223,0.25007015978257296,0.2554620827237765,0.0858367366635781,0.10765784694985658,0.0786835439152099,0.15878739557813984,0.1372855211661122,kabsch_exclude_8A,144,65232,0.14783777552606858,0.9319836853942781,0.22964148934216017,0.3931029608680142,0.07747431124135117,0.12104510416242259,0.08715851986522062,0.15285884299213656,0.16632794782582905,0.029042426659716847,-0.0204286704404128,False,kabsch_exclude_4A,kabsch_exclude_8A
kabsch_exclude_4A,6ej6_A,1,455,0.1132404982531955,,,0.17208238939444223,0.10916669101764759,0.08692062315681288,0.08689221789339378,0.12002564635030319,0.11501751356251995,kabsch_exclude_8A,1,455,0.10077037580495515,,,0.12418890247742337,0.0977904307966431,0.07634440244686219,0.08085763057874094,0.10648618677365702,0.09713351061466532,-0.017884002947854624,,True,kabsch_exclude_4A,kabsch_exclude_8A
kabsch_exclude_4A,3pnv_A,3,1451,0.6067276646920334,0.6636218033568063,0.3603180295092957,0.3272143171893226,0.2675556617754477,0.36311649322948036,0.5265731639033105,0.637490864577688,0.42439010013504974,kabsch_exclude_8A,3,1451,0.6018362208574415,0.6672102504368084,0.3649727182545468,0.3401054077678257,0.2610217465294732,0.36360066033461513,0.5214866080767467,0.6322264408583507,0.42368817271340226,-0.0007019274216474858,0.004654688745251101,True,kabsch_exclude_4A,kabsch_exclude_8A
kabsch_exclude_4A,9bc6_C,32,15488,0.5069920930266765,0.4698050560141509,0.322709330380883,0.2654166044667363,0.31750764950577703,0.6655348246269746,0.4635785910931806,0.5073395726301283,0.44387544846455934,kabsch_exclude_8A,32,15488,0.5226387224291944,0.3971407316278539,0.29719655235460696,0.27408010823031265,0.31021550497306244,0.6654424232249034,0.49039252066323835,0.5233601301291285,0.45269813744412907,0.008822688979569726,-0.02551277802627605,False,kabsch_exclude_4A,kabsch_exclude_8A
kabsch_exclude_4A,6m4l_A,2,992,0.1172775849868964,0.8726069246435846,0.040922914291337674,0.13111606612801552,0.0714057357981801,0.1050505123178785,0.14306396427987653,0.11475532483214716,0.11307832067121955,kabsch_exclude_8A,2,992,0.11752525411335932,0.8643584521384928,0.03774252112665819,0.1352390535175801,0.07714104019105435,0.10662129723156492,0.14480708625562716,0.11450183117387783,0.11566206167394086,0.00258374100272131,-0.003180393164679482,False,kabsch_exclude_4A,kabsch_exclude_8A
kabsch_exclude_4A,9hkm_C,3,1512,0.5181571157259877,0.6994063145092894,0.3134603295710085,2.481262435515722,1.2024493100850477,0.669482879521488,0.5841330661973421,0.46651985693043074,1.080769509650006,kabsch_exclude_8A,3,1512,0.5179043174351728,0.7774598954520351,0.3842438909611659,2.4152754843235016,1.1626727742993312,0.651709727002579,0.5757021943226139,0.47034000031982176,1.0551400360535694,-0.025629473596436636,0.0707835613901574,True,kabsch_exclude_4A,kabsch_exclude_8A
kabsch_exclude_4A,6o4b_G,1035,526729,0.3176412247936895,0.7389244536698778,0.19263775474651817,0.38565951793150144,0.2102038411929438,0.19753894448314596,0.19556793477911996,0.3434913384843432,0.26649231537421086,kabsch_exclude_8A,1035,526729,0.32393356309375154,0.7427780239031777,0.21440876558547461,0.4205807089187721,0.2063597497644054,0.2074977311599292,0.20411898156897093,0.3492261578390084,0.2775566658502172,0.011064350476006346,0.02177101083895644,False,kabsch_exclude_4A,kabsch_exclude_8A
kabsch_exclude_4A,3dl5_C,76,38544,0.23976655310563172,0.7405173623961511,0.14381927564712743,0.5026824954701098,0.20849015307338797,0.13198569079243405,0.15219561897105546,0.24872368346863813,0.24881552835512508,kabsch_exclude_8A,76,38544,0.2399172409348292,0.8174352075682497,0.18989608105134298,0.7310410468724736,0.22944231515421587,0.1325081426822933,0.12553524880223557,0.2488401728234472,0.2934733852669332,0.0446578569118081,0.04607680540421555,False,kabsch_exclude_4A,kabsch_exclude_8A
kabsch_exclude_4A,2xhn_B,2,1016,0.13782415861689198,,,0.13368284578124684,0.11400732677429916,0.1226909532956779,0.09376174195383033,0.1451078189642659,0.12185013735386403,kabsch_exclude_8A,2,1016,0.14751608173480243,,,0.08234375963608427,0.09362555075702923,0.11450789891183376,0.10342033882625401,0.15734257352659883,0.11024802433156003,-0.011602113022304003,,True,kabsch_exclude_4A,kabsch_exclude_8A
kabsch_exclude_4A,3jtq_B,4,2088,0.11031548963534964,0.977482555018787,0.3126819667160391,0.15494859342773756,0.06652970192953944,0.07945147314323829,0.11313128372233722,0.11145109903143133,0.10510243025085678,kabsch_exclude_8A,4,2088,0.10623367036196807,0.9757648953301128,0.31669296659910956,0.13233691516021887,0.06316232983954252,0.07581427467700382,0.11119502437331023,0.10732127455755175,0.09796596372152544,-0.007136466529331337,0.004010999883070465,True,kabsch_exclude_4A,kabsch_exclude_8A
kabsch_exclude_4A,6k0q_A,8,4472,0.12028913191420339,0.6766121809225258,0.003859621317344262,0.0691564812635382,0.06736143004370503,0.06743033012630893,0.08461996008744081,0.13005239771074728,0.08372411984634806,kabsch_exclude_8A,8,4472,0.11185966551123513,0.70906105388864,0.008690535154106768,0.06035910329471033,0.05923915612926283,0.05991490238583556,0.07749451776396603,0.12139675753396545,0.07568088742154803,-0.008043232424800026,0.004830913836762506,True,kabsch_exclude_4A,kabsch_exclude_8A
kabsch_exclude_4A,6bl6_B,47,26973,1.500061777736549,0.5805552015984587,0.4752191399012442,1.357412032069678,0.9995818072482228,1.203131461645892,1.3140554455908806,1.5375430965031325,1.282344768611561,kabsch_exclude_8A,47,26973,1.49422804773361,0.5776305456816294,0.4639649029698116,1.3562039168062785,1.0072511467061793,1.2057185014238387,1.3266109380179392,1.5296283964551112,1.2850825798818692,0.0027378112703082547,-0.011254236931432626,False,kabsch_exclude_4A,kabsch_exclude_8A
kabsch_exclude_4A,5vec_B,6,3384,0.14641019439596648,0.8549554467304694,0.23932228415592147,0.16194844121734303,0.13755849481870733,0.25161023690928647,0.20756906151097823,0.13451718465391882,0.17864068382204676,kabsch_exclude_8A,6,3384,0.17285964949316307,0.8539402840884547,0.20534830225344375,0.18628076588114104,0.1954664124796788,0.29650643108021696,0.22777666692483298,0.1598913184634607,0.21318431896586607,0.03454363514381931,-0.03397398190247772,False,kabsch_exclude_4A,kabsch_exclude_8A
kabsch_exclude_4A,3o98_B,1,603,0.15392975102967982,0.9568106312292359,0.037037037037037035,0.06113457679748533,0.14187182079661975,0.13153860281253682,0.16759827435016633,0.15466884884837212,0.13136242472103604,kabsch_exclude_8A,1,603,0.14532805851368763,0.9534883720930233,0.034482758620689655,0.1161930014689763,0.1547130441123789,0.16996660623057136,0.17736634343862534,0.14075499615978962,0.1517987982820683,0.020436373561032256,-0.0025542784163473803,False,kabsch_exclude_4A,kabsch_exclude_8A
kabsch_exclude_4A,4bl2_B,38,24318,0.595640558830322,0.679107021897402,0.31610683495003394,0.4491666966158411,0.4859627359938857,0.43776521569816396,0.443303975852786,0.6164542760604964,0.48653058004423466,kabsch_exclude_8A,38,24318,0.6137260011043355,0.6617080639558811,0.2862963392589844,0.5320809259362843,0.5036406233171491,0.44572889081961153,0.45789186010251237,0.6348949830820416,0.5148474566515198,0.028316876607285102,-0.029810495691049543,False,kabsch_exclude_4A,kabsch_exclude_8A
kabsch_exclude_4A,5hgv_C,4,2738,0.23944838281443317,0.6463959019392609,0.002934880520059602,0.29128912432740134,0.2607674374732943,0.215229439831871,0.23092155086324195,0.24038779900023868,0.24771907029920945,kabsch_exclude_8A,4,2738,0.30793504298197266,0.5004390779363337,0.0020994324076467653,0.3885530211652319,0.39623580735531594,0.3283558493380302,0.30560827271132046,0.3052076484715986,0.3447921198082994,0.09707304950908993,-0.0008354481124128368,False,kabsch_exclude_4A,kabsch_exclude_8A
kabsch_exclude_4A,9sd5_A,1,686,0.11546153710943269,0.7934701492537313,0.26342484617216,0.09358792503674823,0.38075391793002694,0.10941162814075749,0.070534838403159,0.11402631197745601,0.15366292429762954,kabsch_exclude_8A,1,686,0.11038720206990187,0.8271455223880597,0.33428537185508644,0.11487529675165813,0.39508362983663875,0.09876443864777684,0.06100274899855574,0.10900419240196546,0.155746061327319,0.002083137029689458,0.07086052568292645,False,kabsch_exclude_4A,kabsch_exclude_8A
kabsch_exclude_4A,6zy0_A,1,701,0.1130084548512216,0.9957142857142858,0.25,0.09397695958614354,0.16123316809535027,0.09470339984663072,0.09551877555038248,0.11487488762883101,0.1120614381414676,kabsch_exclude_8A,1,701,0.1173996306482846,0.9957142857142857,0.25,0.10643908878167474,0.13863835856318474,0.09644126062912325,0.09896071614431483,0.11990010157884556,0.11207590513942862,1.446699796102402e-05,0.0,False,kabsch_exclude_4A,kabsch_exclude_8A
kabsch_exclude_4A,4ok4_B,8,5728,0.22999252419344504,0.7044691464415037,0.16213508860723633,0.24093140584106246,0.2235983485636646,0.20508227466295162,0.17830136918381556,0.2358792285047321,0.21675852535124526,kabsch_exclude_8A,8,5728,0.229767200339315,0.6837431535510387,0.1563748646275946,0.23496647365391254,0.21910473622687876,0.20232846503520113,0.17847847275360917,0.23582786753378582,0.21414120304067746,-0.002617322310567799,-0.005760223979641738,True,kabsch_exclude_4A,kabsch_exclude_8A
kabsch_exclude_4A,8f79_A,12,8602,1.857060240580549,0.5714095563770216,0.7500378544761753,2.8089092804325952,2.3729632776230574,2.0225929482416674,1.7780488242084782,1.8508507508108156,2.1666730162633225,kabsch_exclude_8A,12,8602,1.8207783410642873,0.5771332150187739,0.7544624446860015,2.7572060235672526,2.3841315396130085,2.040826212727662,1.7941413348540665,1.8123902957477047,2.157739081301939,-0.008933934961383727,0.004424590209826218,True,kabsch_exclude_4A,kabsch_exclude_8A
kabsch_exclude_4A,3zwb_B,7,5067,0.194800362450065,0.8255846345940515,0.14097527327700415,0.13779918991384052,0.14995647945574353,0.13351236181580914,0.1618398254244064,0.20191084937489556,0.15700374119693902,kabsch_exclude_8A,7,5067,0.22628227857612213,0.8392404103013088,0.1622778204240366,0.15147589998585836,0.16910034535186633,0.16585547607227236,0.18108497453724204,0.23472343379581667,0.18044802594861115,0.023444284751672123,0.021302547147032447,False,kabsch_exclude_4A,kabsch_exclude_8A
kabsch_exclude_4A,3wfz_C,4,2978,0.1076659548543256,0.6511140235910878,0.017375103547304278,0.09185969332853954,0.053917123174125496,0.12468541570706293,0.07326347035048274,0.11039342503822276,0.0908238255196867,kabsch_exclude_8A,4,2978,0.10722481050572995,0.5898160283481384,0.014270445386287698,0.08364571382602055,0.049359545111656175,0.11220080907353097,0.0708865411195118,0.1108800815483566,0.08539453813581523,-0.005429287383871467,-0.00310465816101658,True,kabsch_exclude_4A,kabsch_exclude_8A
kabsch_exclude_4A,9m80_B,4,3344,0.394807853166161,0.8358212454788727,0.4271747578821612,0.09323754285772644,0.21711376096521104,0.2568775415420532,0.2988394302911721,0.4087468635076993,0.2549630278327724,kabsch_exclude_8A,4,3344,0.3918265397816397,0.8509332695976025,0.41858076833145175,0.08877281223734222,0.21443354604499681,0.2569220922020979,0.294249107306068,0.4058010461423123,0.25203572078656344,-0.002927307046208971,-0.008593989550709447,True,kabsch_exclude_4A,kabsch_exclude_8A
kabsch_exclude_4A,1h7x_D,22,22372,0.18679286084521177,0.8507774099752425,0.12735276538265425,1.8481590350468953,2.0334738681231403,0.6715243913945687,0.128587330799244,0.15080038298356854,0.9665090016694833,kabsch_exclude_8A,22,22372,0.18100782169020208,0.8479403106011787,0.13533872054959256,1.8512740847513531,2.0389641248967405,0.665033291771162,0.12299424550172859,0.14486076307406656,0.9646253019990102,-0.0018836996704730824,0.007985955166938313,True,kabsch_exclude_4A,kabsch_exclude_8A
kabsch_exclude_4A,5mdw_6,1,32,0.356319043203257,0.38857142857142857,0.19281302484569274,0.43246639768282563,0.543571162223816,0.10017946362495424,0.09968994557857513,0.36247558401603447,0.3076765106252411,kabsch_all,1,32,0.3015925348736346,0.5028571428571428,0.2616403410212388,0.2861689329147339,0.4151895582675934,0.14183487494786584,0.11219547688961029,0.3192953130132274,0.25493683120660615,-0.052739679418634944,0.06882731617554605,True,kabsch_exclude_4A,kabsch_all
kabsch_exclude_4A,8r3c_A,150,7050,0.19610357298225112,0.9626554018943853,0.30905566185188155,0.3696860828002294,0.20993923659746846,0.17257070113532244,0.1142037510673205,0.19543934211115507,0.2123678227422992,kabsch_all,150,7050,0.21322612560255097,0.956675398881515,0.3014593872673866,0.5183855357021093,0.19629823842396338,0.1766766863912344,0.12020166670158505,0.20592134543442323,0.24349669453066308,0.031128871788363877,-0.007596274584494966,False,kabsch_exclude_4A,kabsch_all
kabsch_exclude_4A,3ax3_A,6,396,0.6581177536134768,0.7266826923076922,0.616112043747967,1.4165311257044475,0.872420072555542,0.6972884525629607,0.7191039667445787,0.4607459935240256,0.8332179222183109,kabsch_all,6,396,0.6589421627459803,0.741791843981625,0.6137715511969937,1.2494699971543417,0.8246703950895203,0.7380667869001627,0.719851195280041,0.46966158904326266,0.8003439926934657,-0.03287392952484525,-0.00234049255097335,True,kabsch_exclude_4A,kabsch_all
kabsch_exclude_4A,2o94_B,16,1088,0.23662826509954518,0.7467350746268657,0.03335682453886162,0.17452321698268258,0.22692597603114942,0.21696533208402494,0.17897679194808006,0.25208983053378564,0.2098962295159445,kabsch_all,16,1088,0.4048847186735229,0.6696886660447761,0.02330568303942917,0.1937763129050533,0.3329821320561071,0.3577030124142766,0.29159124463796615,0.4488615141235252,0.3249828432273857,0.11508661371144119,-0.010051141499432453,False,kabsch_exclude_4A,kabsch_all
kabsch_exclude_4A,9r2f_C,54,3888,7.404795412173487,,,6.525042991579315,8.475892483052753,6.3961734312552,6.3261257356831,7.59460656454473,7.063568241223019,kabsch_all,54,3888,7.453902911195539,,,6.3601370711385465,8.246239590928669,6.183985502852334,6.17047690014754,7.723630816113088,6.9368939762360355,-0.12667426498698386,,True,kabsch_exclude_4A,kabsch_all
kabsch_exclude_4A,1y39_A,1,74,0.20197361561696273,0.6438356164383562,0.037037037037037035,0.509052445491155,0.23843546584248543,0.2389946781537112,0.18493192992173135,0.15520178177393973,0.2653232602366046,kabsch_all,1,74,0.1402813673925561,,,0.46952251096566516,0.15137767170866331,0.13313273515771418,0.13044259394519034,0.11605155072174966,0.20010541249979652,-0.06521784773680805,,True,kabsch_exclude_4A,kabsch_all
kabsch_exclude_4A,2d5g_D,4,332,0.28474075804991894,0.862881665963135,0.34974717493853,0.21358502159516016,0.1686337304612001,0.1264186417683959,0.20414936571167067,0.421000507246289,0.22675745335654315,kabsch_all,4,332,0.28684708410986215,0.8731671554252199,0.35013444429877316,0.2696710179249446,0.12527336242298284,0.13919106094787517,0.2093595673258488,0.4203892575266461,0.23277685322965952,0.006019399873116366,0.0003872693602431365,False,kabsch_exclude_4A,kabsch_all
kabsch_exclude_4A,1z8u_A,2,180,0.28122529006149205,0.9535283993115318,0.6752735532238638,2.194876899321874,0.9964221939444542,0.29301854595541954,0.1677880206455787,0.19633725490016135,0.7696885829534976,kabsch_all,2,180,0.2618723162346416,0.9724612736660929,0.7977023942241332,2.0976892610390983,0.9311636462807656,0.301180811598897,0.16674192436039448,0.17692010212635648,0.7347391490811024,-0.03494943387239524,0.1224288410002694,True,kabsch_exclude_4A,kabsch_all
kabsch_exclude_4A,7nlg_C,7,631,0.19663760016883375,0.6003929974991068,0.028292684521535456,0.24504481894629343,0.3481247361217226,0.18815114604015098,0.21308424048028984,0.17095705231876152,0.23307239878144367,kabsch_all,7,631,0.16082537285068477,0.830117899249732,0.0774854221221021,0.26347382703707334,0.2802729559796197,0.1370398623770789,0.15629099711001693,0.15129299210354152,0.19767412692146608,-0.0353982718599776,0.04919273760056665,True,kabsch_exclude_4A,kabsch_all
kabsch_exclude_4A,4x88_A,66,6012,0.16201018900545444,0.9598457098457098,0.03621745996233282,0.29705814068967645,0.157505002126775,0.19337644916466715,0.1343246502068299,0.15700611795327973,0.18785407202824564,kabsch_all,66,6012,0.17260163543508553,0.9590548340548342,0.022400334863129874,0.39126554575532374,0.17560583336109464,0.17640527893206684,0.12286758795863142,0.17290977758203557,0.20781080471783042,0.019956732689584783,-0.013817125099202944,False,kabsch_exclude_4A,kabsch_all
kabsch_exclude_4A,6r6n_B,2,200,0.11724692234769464,0.9318181818181818,0.5344827586206896,0.12798310816287997,0.08721727691590789,0.12183114805737057,0.08234092534985393,0.14360206946730614,0.1125949055906637,kabsch_all,2,200,0.1097685318160802,0.9595959595959597,0.5555555555555556,0.23675482471783957,0.11765562370419502,0.09305457025766375,0.07597603055182844,0.1327817337697043,0.1312445566002462,0.018649651009582505,0.021072796934865967,False,kabsch_exclude_4A,kabsch_all
kabsch_exclude_4A,1ct1_E,3795,390885,0.2790182806153711,0.8442714783940697,0.21837144125491129,1.3701123460971039,0.5985894334028349,0.20453121018535,0.28263786059049056,0.2230960232223358,0.535793374699623,kabsch_all,3795,390885,0.2753613183377597,0.8285424722103996,0.2304315391171409,1.1798829152888086,0.5281832599917701,0.20368530352795958,0.29733723022290337,0.22711104034397006,0.48723994987508235,-0.048553424824540614,0.012060097862229613,True,kabsch_exclude_4A,kabsch_all
kabsch_exclude_4A,6e2j_A,1,107,0.4474784236784293,0.7429824561403509,0.4711750890609289,0.6037865181763965,0.9060503939787546,0.63352530002594,0.7141914218664169,0.3888554744673579,0.6492818217029732,kabsch_all,1,107,0.5246965080221123,0.7481060606060606,0.4965221713326622,0.6098819275697073,1.083563635746638,1.0019777417182922,0.9343197122216225,0.4389250697044844,0.8137336173921488,0.16445179568917556,0.025347082271733268,False,kabsch_exclude_4A,kabsch_all
kabsch_exclude_4A,3cyi_A,9,963,2.2164719322675053,0.6124338624338624,0.9123400816720437,1.5172932788177773,1.5118534408864521,1.4134304110257903,2.1841132751899712,2.674269489834661,1.8601919791509303,kabsch_all,9,963,2.2330774232466646,0.5909368253074251,0.8933712242431275,1.5870246263565841,1.5045123034053378,1.4152943484622276,2.193263970622409,2.7009597282276467,1.880210995414841,0.02001901626391067,-0.018968857428916186,False,kabsch_exclude_4A,kabsch_all
kabsch_exclude_4A,1vyd_B,4,464,0.13420156951078438,0.8852813852813853,0.25925925925925924,0.17268635580937067,0.21827802341431385,0.12521368130627605,0.12914780975940326,0.1319332843585337,0.1554518309295795,kabsch_all,4,464,0.10917283926994123,0.8614718614718615,0.25769230769230766,0.14436980336904526,0.14479302987456324,0.08147086461799012,0.0987378109091272,0.11841242516901894,0.11755678678794894,-0.03789504414163057,-0.0015669515669515799,True,kabsch_exclude_4A,kabsch_all
kabsch_exclude_4A,4xy5_A,6,726,0.1168639098406967,0.9561452513966481,0.7589880952380952,0.14959357927242914,0.06310949164132279,0.09849150611958264,0.10367384172111217,0.14788580541462862,0.11255084483381508,kabsch_all,6,726,0.10641216661796467,0.9576815642458101,0.7388500388500387,0.05406153657370143,0.061031198217755274,0.09194845294721586,0.09158692577122045,0.14063886924856162,0.08785339655169093,-0.024697448282124154,-0.020138056388056436,True,kabsch_exclude_4A,kabsch_all
kabsch_exclude_4A,1u5o_A,9,1113,0.30775496815410774,0.8723788465081996,0.4644518841362836,0.4287429043540248,0.21113104200449542,0.22678077138741226,0.22856514728036376,0.3488210038188845,0.28880817376903617,kabsch_all,9,1113,0.3155479897784282,0.8943583464307906,0.5199564107975837,0.9675102592618378,0.43365126211142196,0.23055258987690597,0.2168285703049839,0.32079867869881645,0.4338682720507932,0.14506009828175703,0.055504526661300124,False,kabsch_exclude_4A,kabsch_all
kabsch_exclude_4A,1vzi_B,40,5000,0.21487109331032261,0.5180443389188101,0.0073450118771359605,0.2538843643075476,0.15268170562289332,0.201841097069938,0.2105998742599542,0.22793436426593452,0.20938828110525357,kabsch_all,40,5000,0.1903627493025735,0.6227924478982307,0.009530030785036586,0.139108181046322,0.10184420283337164,0.14772426469463837,0.1629600457263866,0.2311921753438166,0.15656577392890705,-0.05282250717634651,0.0021850189079006257,True,kabsch_exclude_4A,kabsch_all
kabsch_exclude_4A,5xuh_A,6,750,0.5757072896758715,0.7039249330915998,0.4178148778216905,0.10009005293250087,0.23869545730175795,0.26638646417281087,0.477001143268485,0.7532748284579163,0.3670895892266942,kabsch_all,6,750,0.5949991716692845,0.7067527178375538,0.39628616656328436,0.11921016126871109,0.2484663368927108,0.2928665586861602,0.49598905190393544,0.771955720197077,0.3856975657897189,0.01860797656302471,-0.021528711258406164,False,kabsch_exclude_4A,kabsch_all
kabsch_exclude_4A,7bxo_B,22,2901,0.32197766184392046,0.8316035391728966,0.47151226733052554,2.6805065854480774,1.186787616185568,0.44512438325336867,0.22644160177464348,0.21258167163792216,0.950288371659916,kabsch_all,22,2901,0.34673425870036123,0.7918370125267861,0.3875635384214211,2.7734125023989966,1.165020078006718,0.441703686567863,0.23790351517168404,0.24192171713473348,0.9719922998559991,0.021703928196083133,-0.08394872890910443,False,kabsch_exclude_4A,kabsch_all
kabsch_exclude_4A,2eyp_A,58,7878,0.19800916078232567,0.78321803788103,0.07887230618208729,0.17128449729804335,0.16655448478970514,0.15886499090014763,0.18180903710831064,0.22319546562197595,0.18034169514363657,kabsch_all,58,7878,0.17693669176072935,0.7759530676455164,0.08160653031015355,0.11992986525954871,0.13016314302112206,0.131604632285406,0.1595886735761753,0.20801220222390487,0.1498597032732314,-0.03048199187040518,0.0027342241280662594,True,kabsch_exclude_4A,kabsch_all
kabsch_exclude_4A,6a1v_A,48,6741,0.22298090848796806,0.8209155960825448,0.16545037873641832,0.3032321076995383,0.18449205217105383,0.15864451344795225,0.15201908406999332,0.2528667719537556,0.21025090586845865,kabsch_all,48,6741,0.2171309276996795,0.8849142825519286,0.24983975666377267,0.22994447512448662,0.15604523269604276,0.1534969511133119,0.1509289653091407,0.2500720503139989,0.18809753491139616,-0.02215337095706249,0.08438937792735435,True,kabsch_exclude_4A,kabsch_all
kabsch_exclude_4A,4f4m_D,23,3376,0.20363648621678812,0.7599778455646597,0.16584461957986305,0.14285286515951157,0.12975781219225233,0.19930557380526912,0.1683762901231048,0.2516968280517683,0.17839787386638123,kabsch_all,23,3376,0.2031395781373658,0.7947551137038357,0.222898201894422,0.12068943150233531,0.13407576203273683,0.2025617298240643,0.16545823071633306,0.2506980278698947,0.17469663638907285,-0.0037012374773083834,0.057053582314558954,True,kabsch_exclude_4A,kabsch_all
kabsch_exclude_4A,8up8_C,10,1630,0.20483349617684912,0.7970550115207373,0.13011597213671974,0.7800829956928889,0.4589332185640204,0.2095795533130482,0.20872508769234022,0.1734435476243496,0.3661528805773295,kabsch_all,10,1630,0.23917801254800308,0.8541958113890717,0.16607315348253157,0.7165268843372663,0.6311040896150034,0.27033895134168157,0.2576927367473642,0.19684792944341897,0.4145021182969469,0.04834923771961741,0.03595718134581183,False,kabsch_exclude_4A,kabsch_all
kabsch_exclude_4A,3lze_A,6,978,0.47735522531738583,,,0.7863498975833257,0.4768222062538067,0.8132674644035952,0.4872249761707525,0.43550630399608375,0.5998341696815127,kabsch_all,6,978,0.6414147443157109,,,1.3629493496070306,0.7135432084401448,1.3401699201869113,0.6167471204370037,0.557724830362248,0.9182268858066676,0.31839271612515485,,False,kabsch_exclude_4A,kabsch_all
kabsch_exclude_4A,3cfh_B,40,6608,0.12526750302929646,0.7672803583395056,0.032494135068573834,0.12828368948151667,0.07993614406117963,0.08619400039342064,0.11445031854547343,0.13755715569807048,0.10928426163593216,kabsch_all,40,6608,0.13892974639677522,0.8190785219671053,0.041423191962230585,0.13787368986134727,0.08452753156113128,0.08745772515018323,0.1331657927781053,0.15284692499999059,0.11917433287015153,0.009890071234219366,0.00892905689365675,False,kabsch_exclude_4A,kabsch_all
kabsch_exclude_4A,4hgq_E,96,15744,0.34549077162319747,0.862827740818416,0.03992796244263002,0.6667508667516004,0.3621035358014827,0.399834477339339,0.2708126383551567,0.34743142184082954,0.4093865880176817,kabsch_all,96,15744,0.3622280070085253,0.9067884627233066,0.18213384701480678,0.5131873136334535,0.36062189092238744,0.3799303601567988,0.2644816890450745,0.3818487267044384,0.38001399609243053,-0.029372591925251157,0.14220588457217676,True,kabsch_exclude_4A,kabsch_all
kabsch_exclude_4A,9va6_A,2,330,0.49975169390214214,0.6444784628378378,0.3100832566592756,2.0612613558769226,0.44413591027259824,0.3145819673233706,0.3786311337146266,0.5462277274016502,0.7489676189178336,kabsch_all,2,330,0.540630239564361,0.6695787584459459,0.3411110972995076,2.133382335305214,0.5341496795415879,0.3557783836579841,0.4119790766773553,0.5861903812455119,0.8042959712855305,0.055328352367696954,0.031027840640232007,False,kabsch_exclude_4A,kabsch_all
kabsch_exclude_4A,7vns_A,8,1352,0.26776001765186064,0.8591962367152564,0.3096753712063254,0.2975167293722431,0.3279589637493094,0.28273449915328197,0.34655790915047485,0.2341681133158382,0.2977872429482295,kabsch_all,8,1352,0.25941265637355376,0.860119635286602,0.2682498661937463,0.19226373778656125,0.3211860173071424,0.27275601383298637,0.3247011800562697,0.23318189660302485,0.2688177691171969,-0.0289694738310326,-0.04142550501257908,True,kabsch_exclude_4A,kabsch_all
kabsch_exclude_4A,1me5_B,3,519,0.25498889855006873,0.712799043062201,0.19197391141354803,0.2564246654510498,0.16563386097550392,0.1717061929661652,0.21119705013122902,0.2864041446651123,0.21827318283781202,kabsch_all,3,519,0.25192710162572896,0.7375058602906703,0.23046706263685157,0.24320990509457058,0.15237283061903256,0.16024151707774606,0.21959550122180618,0.2830295872008401,0.2116898682427991,-0.006583314595012935,0.038493151223303546,True,kabsch_exclude_4A,kabsch_all
kabsch_exclude_4A,2ygp_A,1,174,0.22469516720986743,1.0,1.0,0.04782283306121826,0.2291015069931746,0.2492306031859838,0.24215652240860852,0.22187182545752787,0.19803665822130262,kabsch_all,1,174,0.13110416074251308,0.9999999999999999,1.0,0.14884087443351743,0.19715157710015777,0.11132601247383998,0.11240231546182787,0.13532752110584964,0.14100966011503854,-0.057026998106264076,0.0,True,kabsch_exclude_4A,kabsch_all
kabsch_exclude_4A,1mjy_A,57,9975,0.39529421706798307,0.5440766838218536,0.20118459303340966,0.37610177113538423,0.45647851011732166,0.48118727442018594,0.5072325551273944,0.33505856781488663,0.43121173572303456,kabsch_all,57,9975,0.3967987721790571,0.5996398086486314,0.2469736852183558,0.37339289519086216,0.46348048107031,0.4777860927913327,0.5095820021714191,0.33683036191698895,0.4322143666281826,0.0010026309051480164,0.045789092184946145,False,kabsch_exclude_4A,kabsch_all
kabsch_exclude_4A,8eqo_B,6104,1147390,0.42670684987953433,0.7266350564819508,0.3888949659751741,0.7237065424459764,0.41884232172467817,0.3645001991927404,0.3713020444764266,0.4518557576817364,0.4660413731043116,kabsch_all,6104,1147390,0.4598844523975284,0.6891616721668089,0.34327745273191845,0.7525553211539684,0.45029316558474375,0.39545714835401974,0.40595257431015047,0.4852141342561776,0.497894468731812,0.03185309562750038,-0.045617513243255636,False,kabsch_exclude_4A,kabsch_all
kabsch_exclude_4A,4p4h_A,16,3008,0.3882353709158587,0.6402943713544662,0.27828408355376955,0.2463720335314671,0.18382365442812443,0.23243170226020599,0.3875851479330749,0.422461189407914,0.2945347455121573,kabsch_all,16,3008,0.36814104775065914,0.6869949798725458,0.30660384133523383,0.24513292064269385,0.17915461574577624,0.2460327982457716,0.37010897125935915,0.39674171122303153,0.2874342034233265,-0.007100542088830819,0.028319757781464283,True,kabsch_exclude_4A,kabsch_all
kabsch_exclude_4A,8wkd_A,2,384,0.5246045151337361,0.7354582457983194,0.46022244414586655,0.6834869980812074,0.23371937374273935,0.8637075076500574,1.122341455748448,0.46954315962890786,0.674559698970272,kabsch_all,2,384,0.5041332358960062,0.7358024691358025,0.44366547330767575,0.45916759967803966,0.2689000219106675,0.8314373989899954,1.115985929965973,0.4498339556157589,0.6250649812320869,-0.049494717738185146,-0.0165569708381908,True,kabsch_exclude_4A,kabsch_all
kabsch_exclude_4A,7sj1_C,16,3136,0.563888836309922,0.39142678347934917,0.4727935621172403,0.30177205925186473,0.4775394021222989,0.6598457984315852,0.9638507466118497,0.4882119968012496,0.5782440006437696,kabsch_all,16,3136,0.5664167863991567,0.4097570205658211,0.47898312210085614,0.3264617267996073,0.48474146891385317,0.67875323853352,0.9688895252318337,0.4875606307043479,0.5892813180366324,0.011037317392862844,0.006189559983615867,False,kabsch_exclude_4A,kabsch_all
kabsch_exclude_4A,8t06_A,16,3184,0.2510154188853974,0.7455228692568328,0.20252620659381507,0.2562231058254838,0.5914506032582252,0.402287424231569,0.19358953083347943,0.22146396590264658,0.3330029260102808,kabsch_all,16,3184,0.27580312767941223,0.8203625322046374,0.29268615980447227,0.2753502754494548,0.6504774853106468,0.43058847449719906,0.2227906777213017,0.24314046924577115,0.3644694764448747,0.0314665504345939,0.0901599532106572,False,kabsch_exclude_4A,kabsch_all
kabsch_exclude_4A,3g7j_B,16,3540,0.15758622197018632,0.8183620689655172,0.06642842088651796,0.37686187226790935,0.28190476149068894,0.23210900487999123,0.19968682026418266,0.12411556963897992,0.2429356057083504,kabsch_all,16,3540,0.16948417751565786,0.7709770716577644,0.054526203036709325,0.35839288458616164,0.27766406683351946,0.239471271318885,0.21803894750739478,0.13689348596687378,0.24609213124256693,0.0031565255342165255,-0.011902217849808633,False,kabsch_exclude_4A,kabsch_all
kabsch_exclude_4A,2a6x_B,1,219,0.16879348939106073,0.8802325581395348,0.08671565506508205,0.06165205935637159,0.16942591716845834,0.29445767030119896,0.12659523495369487,0.1639328975123253,0.1632127558584098,kabsch_all,1,219,0.15900121759368133,0.8686046511627907,0.0778945681691677,0.052572781840960196,0.15793674687544504,0.2876531578924345,0.10126346726384428,0.15877150307349164,0.15163953138923514,-0.011573224469174664,-0.008821086895914348,True,kabsch_exclude_4A,kabsch_all
kabsch_exclude_4A,3x2y_C,18,4086,0.2269430506728978,0.7423177010595312,0.10522371606549398,0.28113344256524686,0.3136850395550331,0.4682081417284078,0.3948178457275117,0.11467494627076871,0.3145038831693937,kabsch_all,18,4086,0.22673319772659012,0.811809861646463,0.10303200791993511,0.2726420569750998,0.3145084971872469,0.46947787306271493,0.3907756355306986,0.11528657522703116,0.3125381275965583,-0.0019657555728354037,-0.002191708145558871,True,kabsch_exclude_4A,kabsch_all
kabsch_exclude_4A,4cj8_I,7,1651,0.3494255944402795,0.7487066040552645,0.39064427269508134,0.9985390993810835,0.30140144963349613,0.3648103175278242,0.30436293534102277,0.35239336454866826,0.46430143328641893,kabsch_all,7,1651,0.3880581951783073,0.7505985076313085,0.3892364445972636,1.0837836017211278,0.34536244227950064,0.4288165675580199,0.35429079961427984,0.3805136097619286,0.5185534041869714,0.05425197090055245,-0.0014078280978177538,False,kabsch_exclude_4A,kabsch_all
kabsch_exclude_4A,6uau_A,6,1446,0.10592971819698975,0.9004469122426868,0.286402885891423,0.08554668310615754,0.055784102233629375,0.0791088130178028,0.08717961535415845,0.11925860137204161,0.08537556301675794,kabsch_all,6,1446,0.1046180969096442,0.912716684723727,0.2888413054236656,0.06982439756393433,0.05467398133542803,0.08159294766128848,0.08521326269940491,0.11778266275455156,0.08181745040292146,-0.003558112613836484,0.0024384195322426083,True,kabsch_exclude_4A,kabsch_all
kabsch_exclude_4A,7o58_B,24,5808,0.8395658923595561,0.5608256191256948,0.4797870328132793,0.8773233900881476,0.8723463976586406,0.6385888437901837,0.7794334138615651,0.8713175901367898,0.8078019271070653,kabsch_all,24,5808,0.8534815167150648,0.5635066612170283,0.47672782623429477,0.9044949083278576,0.8881421165089264,0.6400764373673756,0.7873682260518423,0.8874090175105679,0.821498141153314,0.013696214046248656,-0.003059206578984508,False,kabsch_exclude_4A,kabsch_all
kabsch_exclude_4A,7sp0_B,1,244,0.2426768996920742,1.0,1.0,0.8589864994088808,0.6878682132810354,0.5774634977181753,0.372945174574852,0.22619205077594898,0.5446910871517785,kabsch_all,1,244,0.2783468080165445,1.0,1.0,0.9159665455420813,0.7355626467615367,0.7059622704982758,0.4438423216342926,0.2601526259266316,0.6122972820725636,0.06760619492078512,0.0,False,kabsch_exclude_4A,kabsch_all
kabsch_exclude_4A,3e44_A,7,1779,0.6774727415132215,0.7622727140063625,0.6145554225198993,0.9522227417855036,1.9943679698875971,0.7852851954064791,0.9234044100775058,0.6284079489567186,1.0567376532227608,kabsch_all,7,1779,0.6290908915154582,0.7420098846787481,0.5776170304374427,0.9427248111792973,1.9024515662874495,0.7501032422237759,0.8951381030660795,0.5769646909930374,1.0134764827499279,-0.043261170472832955,-0.03693839208245653,True,kabsch_exclude_4A,kabsch_all
kabsch_exclude_4A,4cv1_E,2064,550177,0.38074286885502606,0.7223134747744738,0.27075296120170067,0.8929389259748994,0.6999062551778116,0.5425552316259274,0.3946091513341238,0.3424218247109977,0.574486277764752,kabsch_all,2064,550177,0.3887118296507401,0.7346504488464582,0.2583641956559613,1.0578517567687347,0.7258225684144669,0.5384789099716207,0.39995002728587187,0.3493272265782064,0.6142860978037802,0.039799820039028155,-0.012388765545739366,False,kabsch_exclude_4A,kabsch_all
kabsch_exclude_4A,1ild_A,2,514,0.1616044908703997,0.9705882352941176,0.5521390374331551,0.2206078494588534,0.2616403197700327,0.1467740787741016,0.09519197027488001,0.1661764498005815,0.17807813361568986,kabsch_all,2,514,0.15652941675776985,0.975,0.5601190476190476,0.1456616632640362,0.2248596637086435,0.12468084758695434,0.09068554652662116,0.16532062719750978,0.150241669656753,-0.027836463958936852,0.007980010185892561,True,kabsch_exclude_4A,kabsch_all
kabsch_exclude_4A,2bek_D,90,23760,0.1851648995355485,0.8838590379228888,0.26206071327547553,0.14062706105135106,0.1397024840912503,0.1980436347331035,0.16466258069371983,0.1918427623182718,0.1669757045775393,kabsch_all,90,23760,0.16926223533198642,0.8980225445954463,0.34908040266666057,0.133549435823052,0.12239371429499087,0.1595341857408353,0.15001629037295222,0.1794921474149798,0.14899715472936204,-0.01797854984817726,0.08701968939118504,True,kabsch_exclude_4A,kabsch_all
kabsch_exclude_4A,2awi_L,5,1460,0.22475497261302113,0.7011026824118245,0.2480075198474493,0.15105350265900294,0.11928982084447691,0.12195650603001316,0.16591532561731967,0.2529229858683215,0.16222762820382683,kabsch_all,5,1460,0.22699319572532423,0.7244121646924335,0.26090816793574195,0.11941098670164745,0.11584181365641681,0.10111257436995705,0.16087059549203045,0.2597672954995047,0.1514006531439113,-0.010826975059915533,0.012900648088292666,True,kabsch_exclude_4A,kabsch_all
kabsch_exclude_4A,7dwo_B,8,2336,1.6604850897278434,0.6061840446007832,0.7169785576425177,1.6157628558576107,1.5748449660116626,1.360386432693252,1.2628956250564167,1.7591139258314954,1.5146007610900873,kabsch_all,8,2336,1.7296004270343748,0.6117638380343084,0.7216223536776368,1.6878653603295486,1.67075810269002,1.4243513372428012,1.319852594963529,1.8296771465455264,1.586500908354285,0.07190014726419758,0.004643796035119108,False,kabsch_exclude_4A,kabsch_all
kabsch_exclude_4A,5tnf_C,944,277918,0.11328118568683428,0.902968473652575,0.13012190935171136,0.1384648349115171,0.10933301980811277,0.09561963694591487,0.12000877656037698,0.11426152794896353,0.11553755923497704,kabsch_all,944,277918,0.10952899127965358,0.8993840309217258,0.1683197773717297,0.14154824608372746,0.11093390780644218,0.09271411820191128,0.12261716868752558,0.10847324676303348,0.115257337508528,-0.000280221726449037,0.038197868020018344,True,kabsch_exclude_4A,kabsch_all
kabsch_exclude_4A,7m8h_C,16,4704,0.15737871666866327,0.9021679131054132,0.10749832041115379,0.14620849979110065,0.16012579014662792,0.13979512625276888,0.16676018829356232,0.15712985673101063,0.15400389224301408,kabsch_all,16,4704,0.10418674963618293,0.9649216524216524,0.11667999746165021,0.10776599318099518,0.0816675264008895,0.07535573089585847,0.08905211922044501,0.11314767970425545,0.09339780988048871,-0.060606082362525376,0.009181677050496426,True,kabsch_exclude_4A,kabsch_all
kabsch_exclude_4A,7n6n_A,29562,9020536,0.4766598560420657,0.7020102077643344,0.3348717334540751,0.30947991337790826,0.2927419744315904,0.280277825968429,0.3116944971673687,0.5347240797947922,0.3457836581480177,kabsch_all,29562,9020536,0.4821060186637595,0.7273761309423407,0.3577028027112116,0.3062855133571039,0.3045378842332733,0.2971241615016481,0.3280443456472128,0.5369866325019739,0.35459570744824237,0.008812049300224667,0.02283106925713646,False,kabsch_exclude_4A,kabsch_all
kabsch_exclude_4A,2hlp_A,571,188099,0.32253851849775234,0.8024588789192689,0.258074750465053,0.27764966423773085,0.24241958184802748,0.24513570701749496,0.3401634395434833,0.32831547117956805,0.2867367727652609,kabsch_all,571,188099,0.33740237893960157,0.8069442254912764,0.21041640596858635,0.303560176741334,0.2629322166421996,0.2671530894825615,0.3573246017460869,0.34213045225312017,0.30662010737306045,0.019883334607799563,-0.047658344496466665,False,kabsch_exclude_4A,kabsch_all
kabsch_exclude_4A,3a9w_A,3,932,0.1652809069751734,0.9295752895752896,0.10439813584920628,0.12421845893065135,0.21082463505722226,0.16456404089927673,0.1908719449756889,0.159141835621645,0.16992418309689686,kabsch_all,3,932,0.11395593552126713,0.8874903474903475,0.1616479909608538,0.04518806603219775,0.10562618999254136,0.10921624337633451,0.13245032990881062,0.11296360849147632,0.1010888875602721,-0.06883529553662476,0.05724985511164753,True,kabsch_exclude_4A,kabsch_all
kabsch_exclude_4A,4gvr_C,18,5670,0.3285497202117463,0.7738413494241829,0.11514012892522385,0.1520583180503713,0.12385624320142799,0.12900986709201367,0.21149375333308099,0.4192155871952669,0.20712675377443218,kabsch_all,18,5670,0.3223189275332347,0.7947046112937215,0.13535946696241535,0.15758188724241876,0.12768114319899015,0.10760970315545478,0.19408337121476998,0.4189174009576993,0.20117470115386657,-0.005952052620565612,0.020219338037191503,True,kabsch_exclude_4A,kabsch_all
kabsch_exclude_4A,9swq_B,4,1284,0.8430744150879784,0.5938883065455391,0.5954270582639967,0.9838748350739479,0.2905472024128987,0.38290472105145457,0.6436669789254665,0.8848466043812132,0.6371680683689962,kabsch_all,4,1284,0.6779134456428041,0.6105476673427992,0.6279176130096724,1.1244099686543148,0.2637522232074004,0.29217287227511407,0.5431079089641571,0.705998969067477,0.5858883884336926,-0.05127967993530358,0.03249055474567575,True,kabsch_exclude_4A,kabsch_all
kabsch_exclude_4A,2ouv_B,22,7134,0.200868760993629,0.7080894079746138,0.11379050697395607,0.296317186545242,0.1659306454943654,0.1316745591638931,0.15745710396324114,0.2236352482596934,0.195002948685287,kabsch_all,22,7134,0.1882494563412549,0.744586576250289,0.1337895353211114,0.10426204820925539,0.09840349528800559,0.10444046775714076,0.12174651200284287,0.22416467363235482,0.1306034393779199,-0.0643995093073671,0.019999028347155334,True,kabsch_exclude_4A,kabsch_all
kabsch_exclude_4A,1z73_A,1,332,0.06471711854416742,,,0.0575520743926366,0.058999535110261715,0.07392295716064316,0.07319006681442261,0.06185372117510502,0.06510367093061382,kabsch_all,1,332,0.06903525272732129,,,0.05888550480206811,0.060474649899535736,0.07429324207561357,0.07387268118560314,0.06768033195762559,0.06704128198408923,0.0019376110534754104,,False,kabsch_exclude_4A,kabsch_all
kabsch_exclude_4A,4dfx_E,3,1041,0.3007566819574029,0.9006675998707871,0.2163733584040096,1.541824956734975,2.0282967815796535,0.826742896437645,0.2102697922123803,0.25801833384245043,0.9730305521614209,kabsch_all,3,1041,0.3156603102945328,0.8602953706333427,0.13652980569283693,1.5170175234476726,2.0078078120946885,0.8364558239777883,0.22364194492499034,0.2740035352590051,0.9717853279408288,-0.0012452242205920339,-0.07984355271117266,True,kabsch_exclude_4A,kabsch_all
kabsch_exclude_4A,3b8t_A,53,19407,0.12298791932909732,0.8786408659121292,0.19075776927099278,0.17560023320838808,0.12599120785071513,0.111398327688088,0.11054669285714139,0.12396608305392862,0.12950050893165224,kabsch_all,53,19407,0.13157471052219788,0.8486174908614387,0.16632235569234194,0.1792559335939586,0.1251808707210837,0.11827937008086889,0.12111237789445145,0.13273017147689875,0.13531174475345226,0.005811235821800015,-0.02443541357865084,False,kabsch_exclude_4A,kabsch_all
kabsch_exclude_4A,7bbx_A,1,352,0.3514103852371177,,,0.4273271958033244,0.2530676701830493,0.2513556445346159,0.22996496935101116,0.3738581663300525,0.3071147292404106,kabsch_all,1,352,0.40074996175297367,,,0.3322194665670395,0.24918114725086424,0.24803649130112984,0.22303454413571777,0.43607232857908035,0.2977087955667664,-0.009405933673644229,,True,kabsch_exclude_4A,kabsch_all
kabsch_exclude_4A,1gyr_C,30,10920,0.35799398602876853,0.6712178711371235,0.20092945077210045,0.2902249973681238,0.20156135561841507,0.2274281191734635,0.34880416383660195,0.3673229900054844,0.2870683252004177,kabsch_all,30,10920,0.3562191882696951,0.7091561611950403,0.24189445600028156,0.19923604213529164,0.21069233930083336,0.25077352095015193,0.3607954210659236,0.36393369516351004,0.2770862037231421,-0.009982121477275618,0.04096500522818111,True,kabsch_exclude_4A,kabsch_all
kabsch_exclude_4A,8eip_B,6,2191,0.12601290355147032,0.9775824553366925,0.29909275529104745,0.18653257460229927,0.18678595286069644,0.11023995868058618,0.09706713593964066,0.13062154422596453,0.14224943326183742,kabsch_all,6,2191,0.1254996974497272,0.9751488776912506,0.2940897373846345,0.1481825112261706,0.14533973627516794,0.08756317565228768,0.09126554202820573,0.1359041040749148,0.12165101385134935,-0.020598419410488067,-0.005003017906412943,True,kabsch_exclude_4A,kabsch_all
kabsch_exclude_4A,6i7u_A,1,372,0.24730336140360562,0.7362987012987013,0.15073866847769862,0.07081623872121175,0.14327391304753043,0.1483190195368869,0.21434210674329238,0.270060510052876,0.1693623576203595,kabsch_all,1,372,0.22409981743542737,0.7400649350649351,0.13802956083402,0.013116265336672492,0.07148349488323386,0.18932447396218777,0.2129045151851394,0.238285931782289,0.1450229362299045,-0.024339421390455,-0.012709107643678635,True,kabsch_exclude_4A,kabsch_all
kabsch_exclude_4A,8x84_C,32,12192,0.2831354541835446,0.9243382417485956,0.45231109247499257,1.3321401743839185,1.41547145601362,1.3360725393285975,0.5996298518524888,0.21470625645122746,0.9796040556059706,kabsch_all,32,12192,0.2596869556920168,0.9306199955139491,0.4434676860129817,0.9866754574080309,1.121300398061673,1.003354099811986,0.5032278293579379,0.2094270762549955,0.7647969721789246,-0.21480708342704602,-0.008843406462010872,True,kabsch_exclude_4A,kabsch_all
kabsch_exclude_4A,3m0o_B,119,45807,0.13726505536647163,0.7084267864857879,0.11452199965577464,0.21367950598691024,0.15764255580742267,0.1258274019793097,0.11734657227181869,0.14050572244451254,0.15100035169799478,kabsch_all,119,45807,0.12152741003629193,0.7429982061136788,0.14639803851063793,0.1558793669081285,0.1034719184929546,0.08974356288645846,0.09420107572215644,0.1297621850616276,0.11461162181426512,-0.036388729883729654,0.03187603885486329,True,kabsch_exclude_4A,kabsch_all
kabsch_exclude_4A,1jll_E,22,8491,0.23249868025007095,0.7939917888359416,0.2004806839263291,0.07976912805701003,0.10627353915632679,0.17663906134546062,0.20126887617951578,0.24936569787698687,0.16266326052306002,kabsch_all,22,8491,0.23916182166487313,0.8057351579755343,0.21402997726266954,0.08137979221475475,0.10360323511026233,0.1588273776157155,0.19381823857726008,0.2614297582964254,0.1598116803628836,-0.00285158016017642,0.013549293336340446,True,kabsch_exclude_4A,kabsch_all
kabsch_exclude_4A,2pp3_B,15,5925,0.11909651551034128,0.9611535932462243,0.07812413414998354,0.15707484467162025,0.30085795038577284,0.22602698767497656,0.15106390468939485,0.0956378152267997,0.18613230052971283,kabsch_all,15,5925,0.15752062331837943,0.9508235406414389,0.06507160067964006,0.18141543178094757,0.3798025145675197,0.29062042663534804,0.20374107618839696,0.12762353904209808,0.23664059764286205,0.05050829711314922,-0.013052533470343478,False,kabsch_exclude_4A,kabsch_all
kabsch_exclude_4A,8ka0_C,2,810,0.7153751229936326,0.7406629659000793,0.6835360669763935,0.11154861251513166,0.238910211622715,0.2155921459197998,0.3057516153029939,0.8429768313535878,0.3429558833428456,kabsch_all,2,810,0.6556010406648303,0.7773037272006345,0.7108053026073744,0.14178602149089178,0.2584748908877373,0.23089246297704763,0.3121365082073719,0.7631076493159031,0.3412795065757903,-0.0016763767670552876,0.027269235630980937,True,kabsch_exclude_4A,kabsch_all
kabsch_exclude_4A,6bau_B,12,4896,0.20925601243210373,0.5936290729628176,0.013341883118170092,0.14860399719327688,0.20107552453520752,0.21550280787050724,0.16016591406660155,0.21825226456914942,0.1887201016469485,kabsch_all,12,4896,0.15286540003965937,0.5881299110787082,0.03502740765584606,0.09958993680775166,0.1375323512946211,0.14785257242021893,0.11189530257252045,0.1620330151945563,0.1317806356579337,-0.05693946598901481,0.02168552453767597,True,kabsch_exclude_4A,kabsch_all
kabsch_exclude_4A,6l7d_A,99,42931,0.36982369090400435,0.7739250002301358,0.3419333703535533,1.493275105827786,0.5895025017957164,0.4840505084844822,0.44284823030815723,0.3362354859453983,0.669182366472308,kabsch_all,99,42931,0.36906809444813216,0.7494480974738534,0.3303316859570934,1.487423683883566,0.5997988563945763,0.4914833388009177,0.4514560604766739,0.3333221374798441,0.6726968154071156,0.003514448934807568,-0.011601684396459921,False,kabsch_exclude_4A,kabsch_all
kabsch_exclude_4A,9j83_A,1,427,2.1072298061512673,0.6639487179487179,0.9286429399678391,0.3233963946501414,0.7540610513903878,1.076306802034378,1.284431960937139,2.3250444839652786,1.152648138595465,kabsch_all,1,427,2.1021273666229403,0.6744358974358974,0.933803623005928,0.39029818773269653,0.8126014091751792,1.159676592350006,1.3527107202523463,2.3032953391047966,1.203716449723005,0.05106831112754007,0.00516068303808892,False,kabsch_exclude_4A,kabsch_all
kabsch_exclude_4A,9cp9_B,3,1298,0.11964127316192734,0.8596414728682171,0.040440255696284594,0.19936700330840218,0.07442866998414198,0.08018718773097384,0.10165971085429192,0.1269505061153711,0.11651861559863622,kabsch_all,3,1298,0.10755410531136811,0.9441375968992248,0.08476859800873854,0.16523383226659563,0.0660368025302887,0.06836622613756095,0.0846790125221014,0.11565224745134196,0.09999362418157773,-0.016524991417058488,0.044328342312453944,True,kabsch_exclude_4A,kabsch_all
kabsch_exclude_4A,4wef_A,20,8620,0.17616481255500074,0.8264245478421458,0.2190658122519847,0.1287388361990452,0.08573465401581092,0.10211767630488441,0.12778337271551468,0.19553928419434125,0.1279827646859193,kabsch_all,20,8620,0.17445009588534033,0.8500274334416459,0.20982253095981626,0.1408601274092992,0.08774577570689279,0.10489437914365073,0.12825270252931234,0.192759944720617,0.13090258590195442,0.0029198212160351233,-0.009243281292168448,False,kabsch_exclude_4A,kabsch_all
kabsch_exclude_4A,8jce_G,144,65232,0.15133401159407708,0.9295162509448223,0.25007015978257296,0.2554620827237765,0.0858367366635781,0.10765784694985658,0.0786835439152099,0.15878739557813984,0.1372855211661122,kabsch_all,144,65232,0.21037595219938013,0.933238457420005,0.24075607997023488,0.2469417117536068,0.10566172817216059,0.08609595219777141,0.10733867599998438,0.2244010136847809,0.15408781636166083,0.016802295195548628,-0.009314079812338089,False,kabsch_exclude_4A,kabsch_all
kabsch_exclude_4A,6ej6_A,1,455,0.1132404982531955,,,0.17208238939444223,0.10916669101764759,0.08692062315681288,0.08689221789339378,0.12002564635030319,0.11501751356251995,kabsch_all,1,455,0.11742288789988219,,,0.15680084874232614,0.10437942569454511,0.08659155023915152,0.09172481646941558,0.12505826565198774,0.11291098135948521,-0.002106532203034736,,True,kabsch_exclude_4A,kabsch_all
kabsch_exclude_4A,3pnv_A,3,1451,0.6067276646920334,0.6636218033568063,0.3603180295092957,0.3272143171893226,0.2675556617754477,0.36311649322948036,0.5265731639033105,0.637490864577688,0.42439010013504974,kabsch_all,3,1451,0.5928694026712854,0.6689085084979085,0.3677932329056877,0.28897592094209457,0.286171005555877,0.3427035277161528,0.5034131595254445,0.6243616424831607,0.4091250512445459,-0.01526504889050384,0.007475203396392016,True,kabsch_exclude_4A,kabsch_all
kabsch_exclude_4A,9bc6_C,32,15488,0.5069920930266765,0.4698050560141509,0.322709330380883,0.2654166044667363,0.31750764950577703,0.6655348246269746,0.4635785910931806,0.5073395726301283,0.44387544846455934,kabsch_all,32,15488,0.5283111524200529,0.45440135348633287,0.3163573232796761,0.3269032505340874,0.40343562832900454,0.7113888714428446,0.4787010911912207,0.5265671785322938,0.48939920400589026,0.045523755541330924,-0.006352007101206925,False,kabsch_exclude_4A,kabsch_all
kabsch_exclude_4A,6m4l_A,2,992,0.1172775849868964,0.8726069246435846,0.040922914291337674,0.13111606612801552,0.0714057357981801,0.1050505123178785,0.14306396427987653,0.11475532483214716,0.11307832067121955,kabsch_all,2,992,0.11329417330665409,0.8558044806517311,0.03603572026641685,0.13486826419830325,0.07681565191596747,0.10658697360971321,0.14827952253152477,0.10859189006267708,0.11502846046363716,0.0019501397924176073,-0.004887194024920827,False,kabsch_exclude_4A,kabsch_all
kabsch_exclude_4A,9hkm_C,3,1512,0.5181571157259877,0.6994063145092894,0.3134603295710085,2.481262435515722,1.2024493100850477,0.669482879521488,0.5841330661973421,0.46651985693043074,1.080769509650006,kabsch_all,3,1512,0.5756512855551644,0.6646157046614714,0.2946272374974116,2.5929052813185587,1.2901080140601033,0.7378295275192817,0.6495258550139817,0.5208316314777499,1.158240061877935,0.07747055222792887,-0.018833092073596902,False,kabsch_exclude_4A,kabsch_all
kabsch_exclude_4A,6o4b_G,1035,526729,0.3176412247936895,0.7389244536698778,0.19263775474651817,0.38565951793150144,0.2102038411929438,0.19753894448314596,0.19556793477911996,0.3434913384843432,0.26649231537421086,kabsch_all,1035,526729,0.31775540968003674,0.781471455387305,0.2143035395315852,0.40267007843367814,0.20079513904986226,0.19979789413484633,0.1969451821049313,0.34335722425761417,0.26871310359618644,0.002220788221975578,0.021665784785067033,False,kabsch_exclude_4A,kabsch_all
kabsch_exclude_4A,3dl5_C,76,38544,0.23976655310563172,0.7405173623961511,0.14381927564712743,0.5026824954701098,0.20849015307338797,0.13198569079243405,0.15219561897105546,0.24872368346863813,0.24881552835512508,kabsch_all,76,38544,0.2525987373612784,0.7743661416424171,0.17201030817548257,0.3813667270240554,0.18626203436185332,0.11278556154885234,0.1308448465065527,0.2664057583339694,0.21553298555505665,-0.033282542800068426,0.028191032528355142,True,kabsch_exclude_4A,kabsch_all
kabsch_exclude_4A,2xhn_B,2,1016,0.13782415861689198,,,0.13368284578124684,0.11400732677429916,0.1226909532956779,0.09376174195383033,0.1451078189642659,0.12185013735386403,kabsch_all,2,1016,0.1191313648335159,,,0.05567508315046629,0.07225160886134421,0.08284595753997566,0.07712916940307388,0.1286432845759822,0.08330902070616844,-0.03854111664769559,,True,kabsch_exclude_4A,kabsch_all
kabsch_exclude_4A,3jtq_B,4,2088,0.11031548963534964,0.977482555018787,0.3126819667160391,0.15494859342773756,0.06652970192953944,0.07945147314323829,0.11313128372233722,0.11145109903143133,0.10510243025085678,kabsch_all,4,2088,0.11578505456811566,0.9820182501341922,0.3248120232090449,0.11790675669908525,0.07160391658544542,0.0763869031260793,0.1117955329677751,0.1178898407262002,0.09911659002091706,-0.005985840229939712,0.012130056493005803,True,kabsch_exclude_4A,kabsch_all
kabsch_exclude_4A,6k0q_A,8,4472,0.12028913191420339,0.6766121809225258,0.003859621317344262,0.0691564812635382,0.06736143004370503,0.06743033012630893,0.08461996008744081,0.13005239771074728,0.08372411984634806,kabsch_all,8,4472,0.11222299436705599,0.7640879235706821,0.00513464748195548,0.06755603943020107,0.061668798382772075,0.061429878572622935,0.07931460574328832,0.12140309821426121,0.07827448406862912,-0.005449635777718939,0.0012750261646112177,True,kabsch_exclude_4A,kabsch_all
kabsch_exclude_4A,6bl6_B,47,26973,1.500061777736549,0.5805552015984587,0.4752191399012442,1.357412032069678,0.9995818072482228,1.203131461645892,1.3140554455908806,1.5375430965031325,1.282344768611561,kabsch_all,47,26973,1.50900040072474,0.5672671571159926,0.44329579071637604,1.3560605938975692,1.0141085130699838,1.2009928110798371,1.3204410881042707,1.5471374236444546,1.287748085959223,0.005403317347661973,-0.031923349184868166,False,kabsch_exclude_4A,kabsch_all
kabsch_exclude_4A,5vec_B,6,3384,0.14641019439596648,0.8549554467304694,0.23932228415592147,0.16194844121734303,0.13755849481870733,0.25161023690928647,0.20756906151097823,0.13451718465391882,0.17864068382204676,kabsch_all,6,3384,0.13669899748208938,0.91836678592046,0.2460143763336916,0.10904840421345499,0.13243178535873693,0.244144146549113,0.20390216364518654,0.12425886344972928,0.16275707264324416,-0.015883611178802604,0.0066920921777701425,True,kabsch_exclude_4A,kabsch_all
kabsch_exclude_4A,3o98_B,1,603,0.15392975102967982,0.9568106312292359,0.037037037037037035,0.06113457679748533,0.14187182079661975,0.13153860281253682,0.16759827435016633,0.15466884884837212,0.13136242472103604,kabsch_all,1,603,0.14548761738003982,0.9551495016611296,0.03571428571428571,0.1495237449804942,0.17769105596975845,0.18750925053810252,0.17117954298853874,0.13986100983239858,0.1651529208618585,0.03379049614082247,-0.0013227513227513227,False,kabsch_exclude_4A,kabsch_all
kabsch_exclude_4A,4bl2_B,38,24318,0.595640558830322,0.679107021897402,0.31610683495003394,0.4491666966158411,0.4859627359938857,0.43776521569816396,0.443303975852786,0.6164542760604964,0.48653058004423466,kabsch_all,38,24318,0.6087565166179737,0.6720640593709494,0.29742228698136697,0.5790105198388514,0.5079357478473532,0.44674615385331984,0.4519556534716536,0.6292911465153556,0.5229878443053068,0.0364572642610721,-0.018684547968666976,False,kabsch_exclude_4A,kabsch_all
kabsch_exclude_4A,5hgv_C,4,2738,0.23944838281443317,0.6463959019392609,0.002934880520059602,0.29128912432740134,0.2607674374732943,0.215229439831871,0.23092155086324195,0.24038779900023868,0.24771907029920945,kabsch_all,4,2738,0.16082301228446647,0.5807171606293451,0.002473487933993298,0.122757975012064,0.11432611059752248,0.09971131570637226,0.12596521296993243,0.16645167231166333,0.1258424573195109,-0.12187661297969854,-0.00046139258606630413,True,kabsch_exclude_4A,kabsch_all
kabsch_exclude_4A,9sd5_A,1,686,0.11546153710943269,0.7934701492537313,0.26342484617216,0.09358792503674823,0.38075391793002694,0.10941162814075749,0.070534838403159,0.11402631197745601,0.15366292429762954,kabsch_all,1,686,0.11319030748012289,0.8134328358208955,0.3082776818127523,0.12999917070070907,0.39292571879923344,0.09283260644103092,0.057029252515194265,0.11272514561812083,0.15710237881485772,0.0034394545172281854,0.04485283564059228,False,kabsch_exclude_4A,kabsch_all
kabsch_exclude_4A,6zy0_A,1,701,0.1130084548512216,0.9957142857142858,0.25,0.09397695958614354,0.16123316809535027,0.09470339984663072,0.09551877555038248,0.11487488762883101,0.1120614381414676,kabsch_all,1,701,0.08535750774658696,0.9957142857142858,0.25,0.05041995644569396,0.10647841654717924,0.060345269859798475,0.05778955136026657,0.08903935216925109,0.07281450927643787,-0.03924692886502973,0.0,True,kabsch_exclude_4A,kabsch_all
kabsch_exclude_4A,4ok4_B,8,5728,0.22999252419344504,0.7044691464415037,0.16213508860723633,0.24093140584106246,0.2235983485636646,0.20508227466295162,0.17830136918381556,0.2358792285047321,0.21675852535124526,kabsch_all,8,5728,0.2304974470044325,0.7348362549932321,0.18049078614444702,0.2404437717050314,0.23152830268013969,0.21284913969759503,0.17925743721383863,0.2358954316567667,0.2199948165906743,0.0032362912394290344,0.018355697537210697,False,kabsch_exclude_4A,kabsch_all
kabsch_exclude_4A,8f79_A,12,8602,1.857060240580549,0.5714095563770216,0.7500378544761753,2.8089092804325952,2.3729632776230574,2.0225929482416674,1.7780488242084782,1.8508507508108156,2.1666730162633225,kabsch_all,12,8602,1.8755899081594543,0.5794941956818713,0.7553419441965576,2.6256936887900033,2.2874626390015087,2.0192474445158783,1.7520725148419538,1.8723494246978807,2.111365142369445,-0.0553078738938777,0.005304089720382321,True,kabsch_exclude_4A,kabsch_all
kabsch_exclude_4A,3zwb_B,7,5067,0.194800362450065,0.8255846345940515,0.14097527327700415,0.13779918991384052,0.14995647945574353,0.13351236181580914,0.1618398254244064,0.20191084937489556,0.15700374119693902,kabsch_all,7,5067,0.19685013857138023,0.8568297655453618,0.17325732543897432,0.12321974620932624,0.15245375457618918,0.13773620273687143,0.1567629127258047,0.20455655119962934,0.1549458334895642,-0.002057907707374823,0.032282052161970165,True,kabsch_exclude_4A,kabsch_all
kabsch_exclude_4A,3wfz_C,4,2978,0.1076659548543256,0.6511140235910878,0.017375103547304278,0.09185969332853954,0.053917123174125496,0.12468541570706293,0.07326347035048274,0.11039342503822276,0.0908238255196867,kabsch_all,4,2978,0.10714018651859084,0.6442065919130139,0.0168277863047072,0.07021849726637207,0.05765125776330631,0.10735571661886449,0.06873804866549892,0.11119184915471905,0.08303107389375217,-0.007792751625934527,-0.0005473172425970764,True,kabsch_exclude_4A,kabsch_all
kabsch_exclude_4A,9m80_B,4,3344,0.394807853166161,0.8358212454788727,0.4271747578821612,0.09323754285772644,0.21711376096521104,0.2568775415420532,0.2988394302911721,0.4087468635076993,0.2549630278327724,kabsch_all,4,3344,0.4002980573769017,0.8718677342401557,0.46221273376886196,0.08025375629464786,0.23522532784513064,0.27624312476363294,0.30977396433753474,0.41339139546079934,0.26297751374034906,0.00801448590757664,0.03503797588670077,False,kabsch_exclude_4A,kabsch_all
kabsch_exclude_4A,1h7x_D,22,22372,0.18679286084521177,0.8507774099752425,0.12735276538265425,1.8481590350468953,2.0334738681231403,0.6715243913945687,0.128587330799244,0.15080038298356854,0.9665090016694833,kabsch_all,22,22372,0.17562784964347203,0.870915944381802,0.14469093543725053,1.8643535559037419,2.0428686946984533,0.6846887194347453,0.12783865967449218,0.13816339253732482,0.9715826044497515,0.005073602780268249,0.017338170054596286,False,kabsch_exclude_4A,kabsch_all
kabsch_exclude_4A,5mdw_6,1,32,0.356319043203257,0.38857142857142857,0.19281302484569274,0.43246639768282563,0.543571162223816,0.10017946362495424,0.09968994557857513,0.36247558401603447,0.3076765106252411,tmalign,1,32,1113.3118858337402,,,1076.9097900390625,1077.8329071044923,1090.9496663411458,1101.5549392700195,1133.1646086040296,1096.0823822717498,1095.7747057611246,,False,kabsch_exclude_4A,tmalign
kabsch_exclude_4A,8r3c_A,150,7050,0.19610357298225112,0.9626554018943853,0.30905566185188155,0.3696860828002294,0.20993923659746846,0.17257070113532244,0.1142037510673205,0.19543934211115507,0.2123678227422992,tmalign,150,7050,1180.0932883771545,0.5,0.9968794326241135,1167.927657608986,1156.0097216610113,1154.5824706020753,1092.8947724157374,1200.349872577757,1154.3528989731135,1154.140531150371,0.6878237707722319,False,kabsch_exclude_4A,tmalign
kabsch_exclude_4A,3ax3_A,6,396,0.6581177536134768,0.7266826923076922,0.616112043747967,1.4165311257044475,0.872420072555542,0.6972884525629607,0.7191039667445787,0.4607459935240256,0.8332179222183109,tmalign,6,396,2301.733718583078,,,2028.6507178412544,2127.190447277493,2020.850167534568,2295.1748211919044,2536.0899763840894,2201.5912260458617,2200.7580081236433,,False,kabsch_exclude_4A,tmalign
kabsch_exclude_4A,2o94_B,16,1088,0.23662826509954518,0.7467350746268657,0.03335682453886162,0.17452321698268258,0.22692597603114942,0.21696533208402494,0.17897679194808006,0.25208983053378564,0.2098962295159445,tmalign,16,1088,4630.298087286598,,,4622.463908672333,4620.642058849335,4622.021852016449,4641.112502441406,4631.656504898785,4627.579365375661,4627.369469146145,,False,kabsch_exclude_4A,tmalign
kabsch_exclude_4A,9r2f_C,54,3888,7.404795412173487,,,6.525042991579315,8.475892483052753,6.3961734312552,6.3261257356831,7.59460656454473,7.063568241223019,tmalign,54,3888,33561.115325645165,,,33575.47011914665,33034.97269461495,33494.82834201389,34401.33467538016,33507.42056964468,33602.80528016007,33595.74171191885,,False,kabsch_exclude_4A,tmalign
kabsch_exclude_4A,1y39_A,1,74,0.20197361561696273,0.6438356164383562,0.037037037037037035,0.509052445491155,0.23843546584248543,0.2389946781537112,0.18493192992173135,0.15520178177393973,0.2653232602366046,tmalign,1,74,579.9661515210125,,,584.080010732015,585.1149005889893,578.4244272568646,576.7470865249634,581.0436602830887,581.0820170771842,580.8166938169476,,False,kabsch_exclude_4A,tmalign
kabsch_exclude_4A,2d5g_D,4,332,0.28474075804991894,0.862881665963135,0.34974717493853,0.21358502159516016,0.1686337304612001,0.1264186417683959,0.20414936571167067,0.421000507246289,0.22675745335654315,tmalign,4,332,1264.536902378302,0.5,0.9969879518072289,1419.9839011728764,1386.7623231013615,1328.7589497168858,1285.0537819856634,1194.9869868622886,1323.109188567815,1322.8824311144583,0.6472407768686989,False,kabsch_exclude_4A,tmalign
kabsch_exclude_4A,1z8u_A,2,180,0.28122529006149205,0.9535283993115318,0.6752735532238638,2.194876899321874,0.9964221939444542,0.29301854595541954,0.1677880206455787,0.19633725490016135,0.7696885829534976,tmalign,2,180,130.46473917431302,,,152.39341433842978,151.7906174659729,153.7256418466568,171.8380824724833,120.34935493745665,150.01942221219988,149.24973362924638,,False,kabsch_exclude_4A,tmalign
kabsch_exclude_4A,7nlg_C,7,631,0.19663760016883375,0.6003929974991068,0.028292684521535456,0.24504481894629343,0.3481247361217226,0.18815114604015098,0.21308424048028984,0.17095705231876152,0.23307239878144367,tmalign,7,631,593.5013571737685,,,600.8515922909692,596.0924035208566,610.6979816503692,587.7618880829253,589.1965411804398,596.9200813451121,596.6870089463306,,False,kabsch_exclude_4A,tmalign
kabsch_exclude_4A,4x88_A,66,6012,0.16201018900545444,0.9598457098457098,0.03621745996233282,0.29705814068967645,0.157505002126775,0.19337644916466715,0.1343246502068299,0.15700611795327973,0.18785407202824564,tmalign,66,6012,1069.8499118368118,0.5,0.9956753160345975,1143.0349032999288,1118.2935948944905,1093.3158846469623,1064.514409002712,1059.255471213492,1095.6828526115173,1095.494998539489,0.9594578560722646,False,kabsch_exclude_4A,tmalign
kabsch_exclude_4A,6r6n_B,2,200,0.11724692234769464,0.9318181818181818,0.5344827586206896,0.12798310816287997,0.08721727691590789,0.12183114805737057,0.08234092534985393,0.14360206946730614,0.1125949055906637,tmalign,2,200,626.7222707748413,,,1019.6838811238607,1021.164134979248,827.4600597072292,701.3349876403809,418.30089847340304,797.5887923848243,797.4761974792336,,False,kabsch_exclude_4A,tmalign
kabsch_exclude_4A,1ct1_E,3795,390885,0.2790182806153711,0.8442714783940697,0.21837144125491129,1.3701123460971039,0.5985894334028349,0.20453121018535,0.28263786059049056,0.2230960232223358,0.535793374699623,tmalign,3795,390885,711.54403577676,0.5447567889987933,0.9984670319533264,794.3410944172778,734.4156273603403,724.5969023713104,718.8663842944371,704.4653191028401,735.3370655092411,734.8012721345415,0.7800955906984152,False,kabsch_exclude_4A,tmalign
kabsch_exclude_4A,6e2j_A,1,107,0.4474784236784293,0.7429824561403509,0.4711750890609289,0.6037865181763965,0.9060503939787546,0.63352530002594,0.7141914218664169,0.3888554744673579,0.6492818217029732,tmalign,1,107,1263.6861341556655,,,1075.785664876302,1077.3179016113281,1086.8599487304687,1098.266098022461,1299.9526720743502,1127.636457062982,1126.987175241279,,False,kabsch_exclude_4A,tmalign
kabsch_exclude_4A,3cyi_A,9,963,2.2164719322675053,0.6124338624338624,0.9123400816720437,1.5172932788177773,1.5118534408864521,1.4134304110257903,2.1841132751899712,2.674269489834661,1.8601919791509303,tmalign,9,963,6888.598244378872,,,6955.521465442799,6834.242595975361,6913.621609927686,7185.559676295363,6704.060926036964,6918.601254735634,6916.741062756483,,False,kabsch_exclude_4A,tmalign
kabsch_exclude_4A,1vyd_B,4,464,0.13420156951078438,0.8852813852813853,0.25925925925925924,0.17268635580937067,0.21827802341431385,0.12521368130627605,0.12914780975940326,0.1319332843585337,0.1554518309295795,tmalign,4,464,618.269245737457,0.4088937093275488,0.9935231616280653,433.2066942850749,434.72058391571045,498.5736759768592,533.0327493985494,716.6462530735574,523.2359913299504,523.0805394990208,0.734263902368806,False,kabsch_exclude_4A,tmalign
kabsch_exclude_4A,4xy5_A,6,726,0.1168639098406967,0.9561452513966481,0.7589880952380952,0.14959357927242914,0.06310949164132279,0.09849150611958264,0.10367384172111217,0.14788580541462862,0.11255084483381508,tmalign,6,726,387.631981313557,,,362.92312706841363,361.51068187895277,365.88655963151353,366.07134566988265,427.8358337412509,376.8455095980027,376.7329587531689,,False,kabsch_exclude_4A,tmalign
kabsch_exclude_4A,1u5o_A,9,1113,0.30775496815410774,0.8723788465081996,0.4644518841362836,0.4287429043540248,0.21113104200449542,0.22678077138741226,0.22856514728036376,0.3488210038188845,0.28880817376903617,tmalign,9,1113,659.0591123333437,0.23196347031963466,0.9725055691722757,528.0735754436917,471.4557713943979,470.34427432803545,588.1099131407823,737.6137738238914,559.1194616261597,558.8306534523907,0.5080536850359921,False,kabsch_exclude_4A,tmalign
kabsch_exclude_4A,1vzi_B,40,5000,0.21487109331032261,0.5180443389188101,0.0073450118771359605,0.2538843643075476,0.15268170562289332,0.201841097069938,0.2105998742599542,0.22793436426593452,0.20938828110525357,tmalign,40,5000,653.9648361202591,0.29766064257028113,0.9937293343036948,637.4269554413855,578.8347994166973,567.7648069518063,628.4389357215565,703.5352089180958,623.2001412899083,622.990753008803,0.9863843224265588,False,kabsch_exclude_4A,tmalign
kabsch_exclude_4A,5xuh_A,6,750,0.5757072896758715,0.7039249330915998,0.4178148778216905,0.10009005293250087,0.23869545730175795,0.26638646417281087,0.477001143268485,0.7532748284579163,0.3670895892266942,tmalign,6,750,12697.526541341145,,,12434.11966281467,12576.669022171585,12570.669445372465,12559.265479046366,12802.712845063545,12588.687290893726,12588.3202013045,,False,kabsch_exclude_4A,tmalign
kabsch_exclude_4A,7bxo_B,22,2901,0.32197766184392046,0.8316035391728966,0.47151226733052554,2.6805065854480774,1.186787616185568,0.44512438325336867,0.22644160177464348,0.21258167163792216,0.950288371659916,tmalign,22,2901,219.30410173778048,0.5486761475315066,0.9945923378043916,199.03468004139987,211.4898572307494,201.22666523956883,185.08827385457255,226.73551160882155,204.71499759502242,203.7647092233625,0.5230800704738661,False,kabsch_exclude_4A,tmalign
kabsch_exclude_4A,2eyp_A,58,7878,0.19800916078232567,0.78321803788103,0.07887230618208729,0.17128449729804335,0.16655448478970514,0.15886499090014763,0.18180903710831064,0.22319546562197595,0.18034169514363657,tmalign,58,7878,356.6332610604599,0.5127353709318041,0.9939457984754877,345.30673011144,337.96749992220515,362.0316183528754,366.1939953650469,353.7520608663178,353.0503809235771,352.8700392284335,0.9150734922934004,False,kabsch_exclude_4A,tmalign
kabsch_exclude_4A,6a1v_A,48,6741,0.22298090848796806,0.8209155960825448,0.16545037873641832,0.3032321076995383,0.18449205217105383,0.15864451344795225,0.15201908406999332,0.2528667719537556,0.21025090586845865,tmalign,48,6741,5478.984572730862,0.7954545454545454,0.9996496305873053,5472.239123633339,6130.941385014326,6801.176342459019,6465.921536074297,4942.543936762895,5962.564464788775,5962.354213882906,0.834199251850887,False,kabsch_exclude_4A,tmalign
kabsch_exclude_4A,4f4m_D,23,3376,0.20363648621678812,0.7599778455646597,0.16584461957986305,0.14285286515951157,0.12975781219225233,0.19930557380526912,0.1683762901231048,0.2516968280517683,0.17839787386638123,tmalign,23,3376,328.346584114352,0.5075969453535655,0.9956984963479416,298.07776253465295,305.0032257414483,329.5965323190113,333.89731053414226,330.7976744828281,319.4745011224166,319.2961032485502,0.8298538767680785,False,kabsch_exclude_4A,tmalign
kabsch_exclude_4A,8up8_C,10,1630,0.20483349617684912,0.7970550115207373,0.13011597213671974,0.7800829956928889,0.4589332185640204,0.2095795533130482,0.20872508769234022,0.1734435476243496,0.3661528805773295,tmalign,10,1630,595.9623487689927,0.4546233463568442,0.9939326227139852,616.1774308005969,547.4309880653533,529.7793931786791,518.8000147036711,614.1679951579571,565.2711643812515,564.9050115006742,0.8638166505772654,False,kabsch_exclude_4A,tmalign
kabsch_exclude_4A,3lze_A,6,978,0.47735522531738583,,,0.7863498975833257,0.4768222062538067,0.8132674644035952,0.4872249761707525,0.43550630399608375,0.5998341696815127,tmalign,6,978,251.78710501522954,0.518224511437661,0.9651276603140084,251.12239163451724,253.3764949242274,250.43462429067918,253.00155207203395,251.64415858091772,251.9158443004751,251.3160101307936,,False,kabsch_exclude_4A,tmalign
kabsch_exclude_4A,3cfh_B,40,6608,0.12526750302929646,0.7672803583395056,0.032494135068573834,0.12828368948151667,0.07993614406117963,0.08619400039342064,0.11445031854547343,0.13755715569807048,0.10928426163593216,tmalign,40,6608,197.30184531398274,0.523973746403617,0.9823335522033307,195.47328526539107,192.95452401484332,190.82789938631439,188.35831549834322,200.8076173054004,193.6843282940585,193.57504403242257,0.949839417134757,False,kabsch_exclude_4A,tmalign
kabsch_exclude_4A,4hgq_E,96,15744,0.34549077162319747,0.862827740818416,0.03992796244263002,0.6667508667516004,0.3621035358014827,0.399834477339339,0.2708126383551567,0.34743142184082954,0.4093865880176817,tmalign,96,15744,928.271081624803,0.5,0.9966336382113821,913.3352522578919,926.6532868155589,900.7500401691534,892.2693383148229,942.9572293879955,915.1930293890844,914.7836428010667,0.9567056757687521,False,kabsch_exclude_4A,tmalign
kabsch_exclude_4A,9va6_A,2,330,0.49975169390214214,0.6444784628378378,0.3100832566592756,2.0612613558769226,0.44413591027259824,0.3145819673233706,0.3786311337146266,0.5462277274016502,0.7489676189178336,tmalign,2,330,1267.2101330585551,0.5,0.9939393939393939,1300.8170013427734,1334.5563512802123,1293.6238759704258,1299.3325083831262,1248.8798519353259,1295.4419177823727,1294.692950163455,0.6838561372801183,False,kabsch_exclude_4A,tmalign
kabsch_exclude_4A,7vns_A,8,1352,0.26776001765186064,0.8591962367152564,0.3096753712063254,0.2975167293722431,0.3279589637493094,0.28273449915328197,0.34655790915047485,0.2341681133158382,0.2977872429482295,tmalign,8,1352,8089.197152222402,,,8305.756724039713,8545.827872721355,8531.156747000558,8160.085029820034,7954.387928224959,8299.442860361323,8299.145073118376,,False,kabsch_exclude_4A,tmalign
kabsch_exclude_4A,1me5_B,3,519,0.25498889855006873,0.712799043062201,0.19197391141354803,0.2564246654510498,0.16563386097550392,0.1717061929661652,0.21119705013122902,0.2864041446651123,0.21827318283781202,tmalign,3,519,223.5759333186067,,,116.95934719509549,107.43675231933594,114.8197047792632,128.15835618398276,276.6566567546077,148.806163446457,148.5878902636192,,False,kabsch_exclude_4A,tmalign
kabsch_exclude_4A,2ygp_A,1,174,0.22469516720986743,1.0,1.0,0.04782283306121826,0.2291015069931746,0.2492306031859838,0.24215652240860852,0.22187182545752787,0.19803665822130262,tmalign,1,174,18.521753767098502,0.2647058823529412,0.9619867774734411,25.32496452331543,25.339955627918243,25.880469982440655,24.915705234773696,15.744857458079734,23.441190565305554,23.243153907084253,-0.03801322252655892,False,kabsch_exclude_4A,tmalign
kabsch_exclude_4A,1mjy_A,57,9975,0.39529421706798307,0.5440766838218536,0.20118459303340966,0.37610177113538423,0.45647851011732166,0.48118727442018594,0.5072325551273944,0.33505856781488663,0.43121173572303456,tmalign,57,9975,7376.492863607425,0.6573749122631104,0.9998880859046779,7442.433209410885,6818.675754817207,5165.417880087308,5740.26737686405,8402.280590163304,6713.8149622685505,6713.383750532827,0.7987034928712683,False,kabsch_exclude_4A,tmalign
kabsch_exclude_4A,8eqo_B,6104,1147390,0.42670684987953433,0.7266350564819508,0.3888949659751741,0.7237065424459764,0.41884232172467817,0.3645001991927404,0.3713020444764266,0.4518557576817364,0.4660413731043116,tmalign,6104,1147390,423.4601762936462,0.47413266070129084,0.9966047238699935,368.76825315861606,384.6661537391,404.3045679671353,407.0423792882209,437.7253789980605,400.5013466302266,400.0353052571223,0.6077097578948194,False,kabsch_exclude_4A,tmalign
kabsch_exclude_4A,4p4h_A,16,3008,0.3882353709158587,0.6402943713544662,0.27828408355376955,0.2463720335314671,0.18382365442812443,0.23243170226020599,0.3875851479330749,0.422461189407914,0.2945347455121573,tmalign,16,3008,1148.6974516062542,0.5,0.9983377659574468,1302.1209010581176,1280.4694253135885,1247.1196253958033,1200.4661216780994,1119.6328450991998,1229.9617837089618,1229.6672489634495,0.7200536824036773,False,kabsch_exclude_4A,tmalign
kabsch_exclude_4A,8wkd_A,2,384,0.5246045151337361,0.7354582457983194,0.46022244414586655,0.6834869980812074,0.23371937374273935,0.8637075076500574,1.122341455748448,0.46954315962890786,0.674559698970272,tmalign,2,384,427.2246127327283,,,428.58287048339844,427.4262466430664,375.6702798207601,369.7627848111666,433.49251953760785,406.9869402591999,406.31238056022966,,False,kabsch_exclude_4A,tmalign
kabsch_exclude_4A,7sj1_C,16,3136,0.563888836309922,0.39142678347934917,0.4727935621172403,0.30177205925186473,0.4775394021222989,0.6598457984315852,0.9638507466118497,0.4882119968012496,0.5782440006437696,tmalign,16,3136,18598.040705233205,,,18597.511342366535,18597.396381378174,18595.98610051473,18595.490426870492,18598.801153863227,18597.03708099863,18596.458836997987,,False,kabsch_exclude_4A,tmalign
kabsch_exclude_4A,8t06_A,16,3184,0.2510154188853974,0.7455228692568328,0.20252620659381507,0.2562231058254838,0.5914506032582252,0.402287424231569,0.19358953083347943,0.22146396590264658,0.3330029260102808,tmalign,16,3184,14627.942271683085,,,14628.280234018961,14561.462989068801,14788.450916525759,14881.949312881186,14559.897664469185,14684.008223392779,14683.675220466768,,False,kabsch_exclude_4A,tmalign
kabsch_exclude_4A,3g7j_B,16,3540,0.15758622197018632,0.8183620689655172,0.06642842088651796,0.37686187226790935,0.28190476149068894,0.23210900487999123,0.19968682026418266,0.12411556963897992,0.2429356057083504,tmalign,16,3540,258.33307154567984,0.4272,0.9869346621305538,246.26669249124825,232.83060893416405,242.94368872245153,262.14456186604696,261.7700353661761,249.19111747601738,248.94818187030904,0.9205062412440359,False,kabsch_exclude_4A,tmalign
kabsch_exclude_4A,2a6x_B,1,219,0.16879348939106073,0.8802325581395348,0.08671565506508205,0.06165205935637159,0.16942591716845834,0.29445767030119896,0.12659523495369487,0.1639328975123253,0.1632127558584098,tmalign,1,219,15.419636940362452,0.6346560846560847,0.9769139710007699,21.67735105752945,22.976370366083252,17.315746607987776,18.535826673441463,13.472710296283845,18.795601000265158,18.632388244406748,0.8901983159356879,False,kabsch_exclude_4A,tmalign
kabsch_exclude_4A,3x2y_C,18,4086,0.2269430506728978,0.7423177010595312,0.10522371606549398,0.28113344256524686,0.3136850395550331,0.4682081417284078,0.3948178457275117,0.11467494627076871,0.3145038831693937,tmalign,18,4086,846.9907874426441,0.6302346731490059,0.9947449167522375,833.188642528322,832.9265049392978,838.3516967239686,852.5471244642963,849.0493892244638,841.2126715760696,840.8981676929002,0.8895212006867436,False,kabsch_exclude_4A,tmalign
kabsch_exclude_4A,4cj8_I,7,1651,0.3494255944402795,0.7487066040552645,0.39064427269508134,0.9985390993810835,0.30140144963349613,0.3648103175278242,0.30436293534102277,0.35239336454866826,0.46430143328641893,tmalign,7,1651,535.3455937831853,0.5899069579288025,0.9987471176916035,373.99777494158064,466.05814273016796,449.75246287783995,514.4869369782032,567.2867558228148,474.31641467012133,473.8521132368349,0.6081028449965222,False,kabsch_exclude_4A,tmalign
kabsch_exclude_4A,6uau_A,6,1446,0.10592971819698975,0.9004469122426868,0.286402885891423,0.08554668310615754,0.055784102233629375,0.0791088130178028,0.08717961535415845,0.11925860137204161,0.08537556301675794,tmalign,6,1446,337.2640140759005,,,338.9992387559679,315.9258892725384,288.4172074167352,299.1056672928485,357.27042107551847,319.9436847627217,319.85830919970493,,False,kabsch_exclude_4A,tmalign
kabsch_exclude_4A,7o58_B,24,5808,0.8395658923595561,0.5608256191256948,0.4797870328132793,0.8773233900881476,0.8723463976586406,0.6385888437901837,0.7794334138615651,0.8713175901367898,0.8078019271070653,tmalign,24,5808,3951.6653344847014,0.5,0.984331955922865,3896.1969792097807,3904.295508500471,3901.3092906300244,3908.105613135743,3969.0854721286696,3915.798572720938,3914.990770793831,0.5045449231095858,False,kabsch_exclude_4A,tmalign
kabsch_exclude_4A,7sp0_B,1,244,0.2426768996920742,1.0,1.0,0.8589864994088808,0.6878682132810354,0.5774634977181753,0.372945174574852,0.22619205077594898,0.5446910871517785,tmalign,1,244,668.552534036949,,,623.9703699747721,631.7625198364258,637.2959696451823,644.345874786377,669.9368015816871,641.4623071648888,640.917616077737,,False,kabsch_exclude_4A,tmalign
kabsch_exclude_4A,3e44_A,7,1779,0.6774727415132215,0.7622727140063625,0.6145554225198993,0.9522227417855036,1.9943679698875971,0.7852851954064791,0.9234044100775058,0.6284079489567186,1.0567376532227608,tmalign,7,1779,3459.3754411906657,0.4862204724409449,0.9994274219888643,3760.0858648390995,3717.4439217703684,3700.9553802103937,3559.138167967279,3428.9729692412266,3633.3192608056734,3632.2625231524507,0.384871999468965,False,kabsch_exclude_4A,tmalign
kabsch_exclude_4A,4cv1_E,2064,550177,0.38074286885502606,0.7223134747744738,0.27075296120170067,0.8929389259748994,0.6999062551778116,0.5425552316259274,0.3946091513341238,0.3424218247109977,0.574486277764752,tmalign,2064,550177,931.806747863401,0.5250793866625851,0.9976537219132767,895.2945112210642,929.5682328108352,935.3668146834008,955.5185257819429,927.7256936769218,928.694755634833,928.1202693570682,0.726900760711576,False,kabsch_exclude_4A,tmalign
kabsch_exclude_4A,1ild_A,2,514,0.1616044908703997,0.9705882352941176,0.5521390374331551,0.2206078494588534,0.2616403197700327,0.1467740787741016,0.09519197027488001,0.1661764498005815,0.17807813361568986,tmalign,2,514,1416.67096240804,0.5,0.9571984435797666,1412.3964740435283,1411.2257104786959,1412.6163485295633,1415.6901455336604,1417.5343804872657,1413.8926118145428,1413.7145336809272,0.4050594061466115,False,kabsch_exclude_4A,tmalign
kabsch_exclude_4A,2bek_D,90,23760,0.1851648995355485,0.8838590379228888,0.26206071327547553,0.14062706105135106,0.1397024840912503,0.1980436347331035,0.16466258069371983,0.1918427623182718,0.1669757045775393,tmalign,90,23760,1296.2260228004207,0.5767064869321777,0.9980409912125805,1315.693037655177,1294.0797970051553,1354.0822456862331,1355.3318817024387,1271.2543024094014,1318.0882528916813,1317.921277187104,0.735980277937105,False,kabsch_exclude_4A,tmalign
kabsch_exclude_4A,2awi_L,5,1460,0.22475497261302113,0.7011026824118245,0.2480075198474493,0.15105350265900294,0.11928982084447691,0.12195650603001316,0.16591532561731967,0.2529229858683215,0.16222762820382683,tmalign,5,1460,269.7827102882609,0.44152249134948096,0.9887764725468429,403.33236192067466,397.41048442342066,449.81207431231934,443.2230995259787,210.9123677049522,380.93807757746913,380.7758499492653,0.7407689526993936,False,kabsch_exclude_4A,tmalign
kabsch_exclude_4A,7dwo_B,8,2336,1.6604850897278434,0.6061840446007832,0.7169785576425177,1.6157628558576107,1.5748449660116626,1.360386432693252,1.2628956250564167,1.7591139258314954,1.5146007610900873,tmalign,8,2336,187.2085188393009,0.5,0.9995719178082192,126.66925843556722,149.30160341724272,173.18702431163697,176.66024570437995,192.59773640037255,163.6831736538399,162.1685728927498,0.28259336016570147,False,kabsch_exclude_4A,tmalign
kabsch_exclude_4A,5tnf_C,944,277918,0.11328118568683428,0.902968473652575,0.13012190935171136,0.1384648349115171,0.10933301980811277,0.09561963694591487,0.12000877656037698,0.11426152794896353,0.11553755923497704,tmalign,944,277918,591.2786024162004,0.5258748739635655,0.9969368352256831,546.5569716176451,576.0067334855761,569.6536139951425,565.8022044893088,602.1330904892404,572.0305228153826,571.9149852561476,0.8668149258739717,False,kabsch_exclude_4A,tmalign
kabsch_exclude_4A,7m8h_C,16,4704,0.15737871666866327,0.9021679131054132,0.10749832041115379,0.14620849979110065,0.16012579014662792,0.13979512625276888,0.16676018829356232,0.15712985673101063,0.15400389224301408,tmalign,16,4704,158.18174024282158,0.5072101169085202,0.9840810826819145,152.264085094134,153.5406813058588,152.2388045860765,154.97474763736776,160.15391271249,154.6344462671854,154.48044237494238,0.8765827622707607,False,kabsch_exclude_4A,tmalign
kabsch_exclude_4A,7n6n_A,29562,9020536,0.4766598560420657,0.7020102077643344,0.3348717334540751,0.30947991337790826,0.2927419744315904,0.280277825968429,0.3116944971673687,0.5347240797947922,0.3457836581480177,tmalign,29562,9020536,586.8848160599849,0.5077633530889404,0.9941270438761459,580.9901479999254,575.3120037601533,603.3839828445052,602.1915613652365,583.0569807987497,588.986935353714,588.641151695566,0.6592553104220709,False,kabsch_exclude_4A,tmalign
kabsch_exclude_4A,2hlp_A,571,188099,0.32253851849775234,0.8024588789192689,0.258074750465053,0.27764966423773085,0.24241958184802748,0.24513570701749496,0.3401634395434833,0.32831547117956805,0.2867367727652609,tmalign,571,188099,1503.0336122276653,0.5057986743872352,0.9984257927261142,1475.9470403361527,1350.7904218933893,1418.0152600354302,1435.6165017291373,1521.4292712618796,1440.359699051198,1440.072962278433,0.7403510422610612,False,kabsch_exclude_4A,tmalign
kabsch_exclude_4A,3a9w_A,3,932,0.1652809069751734,0.9295752895752896,0.10439813584920628,0.12421845893065135,0.21082463505722226,0.16456404089927673,0.1908719449756889,0.159141835621645,0.16992418309689686,tmalign,3,932,1188.1716661109738,0.5,0.9957081545064378,1327.4368085861206,1317.1503488676888,1306.2155132961273,1264.4725812925112,1153.9671047741983,1273.8484713633293,1273.6785471802323,0.8913100186572315,False,kabsch_exclude_4A,tmalign
kabsch_exclude_4A,4gvr_C,18,5670,0.3285497202117463,0.7738413494241829,0.11514012892522385,0.1520583180503713,0.12385624320142799,0.12900986709201367,0.21149375333308099,0.4192155871952669,0.20712675377443218,tmalign,18,5670,1109.2866100542287,0.5,0.9961199294532628,1196.4190046434048,1180.5411316414675,1182.7650424961441,1149.924295229901,1076.537657660231,1157.2374263342297,1157.0302995804552,0.8809798005280389,False,kabsch_exclude_4A,tmalign
kabsch_exclude_4A,9swq_B,4,1284,0.8430744150879784,0.5938883065455391,0.5954270582639967,0.9838748350739479,0.2905472024128987,0.38290472105145457,0.6436669789254665,0.8848466043812132,0.6371680683689962,tmalign,4,1284,14205.805394347954,,,14316.230834960938,14225.490976186898,14345.506268310546,14353.266276550294,14188.734492083426,14285.84576961842,14285.20860155005,,False,kabsch_exclude_4A,tmalign
kabsch_exclude_4A,2ouv_B,22,7134,0.200868760993629,0.7080894079746138,0.11379050697395607,0.296317186545242,0.1659306454943654,0.1316745591638931,0.15745710396324114,0.2236352482596934,0.195002948685287,tmalign,22,7134,1071.7362398968635,0.6271408767524587,0.9944688611296306,1068.039149555293,994.0494713054763,1068.556353527739,1099.7262190212273,1066.8568917516604,1059.4456170322792,1059.250614083594,0.8806783541556745,False,kabsch_exclude_4A,tmalign
kabsch_exclude_4A,1z73_A,1,332,0.06471711854416742,,,0.0575520743926366,0.058999535110261715,0.07392295716064316,0.07319006681442261,0.06185372117510502,0.06510367093061382,tmalign,1,332,16.27133098985237,0.38541666666666663,0.972904329731382,6.334910710652669,6.541354709201389,8.44315436226981,11.442071228027343,18.964217021427256,10.345141606315693,10.28003793538508,,False,kabsch_exclude_4A,tmalign
kabsch_exclude_4A,4dfx_E,3,1041,0.3007566819574029,0.9006675998707871,0.2163733584040096,1.541824956734975,2.0282967815796535,0.826742896437645,0.2102697922123803,0.25801833384245043,0.9730305521614209,tmalign,3,1041,218.99706267634198,0.48429347059653083,0.97327270649827,499.4190084669325,489.4371996561686,465.7218583424886,385.37952423095703,200.4302055480634,408.07755924892206,407.1045286967606,0.7568993480942604,False,kabsch_exclude_4A,tmalign
kabsch_exclude_4A,3b8t_A,53,19407,0.12298791932909732,0.8786408659121292,0.19075776927099278,0.17560023320838808,0.12599120785071513,0.111398327688088,0.11054669285714139,0.12396608305392862,0.12950050893165224,tmalign,53,19407,361.9486227207724,0.5616838941575452,0.9946195526655387,385.10609497502446,369.6158871428277,314.7855459899051,328.92390860202386,366.5192876495318,352.9901448718626,352.86064436293094,0.803861783394546,False,kabsch_exclude_4A,tmalign
kabsch_exclude_4A,7bbx_A,1,352,0.3514103852371177,,,0.4273271958033244,0.2530676701830493,0.2513556445346159,0.22996496935101116,0.3738581663300525,0.3071147292404106,tmalign,1,352,176.12821869702418,0.4585714285714286,0.9938503176390174,153.1239356994629,157.06342612372504,159.22114069321577,164.08896984773523,179.37164696378176,162.57382386558416,162.26670913634376,,False,kabsch_exclude_4A,tmalign
kabsch_exclude_4A,1gyr_C,30,10920,0.35799398602876853,0.6712178711371235,0.20092945077210045,0.2902249973681238,0.20156135561841507,0.2274281191734635,0.34880416383660195,0.3673229900054844,0.2870683252004177,tmalign,30,10920,1809.0371766994206,0.4696261682242991,0.9994171911383454,1687.441126675076,1693.3416185025815,1762.1636392275493,1755.8157748924914,1819.8893277098798,1743.7302974015158,1743.4432290763154,0.7984877403662449,False,kabsch_exclude_4A,tmalign
kabsch_exclude_4A,8eip_B,6,2191,0.12601290355147032,0.9775824553366925,0.29909275529104745,0.18653257460229927,0.18678595286069644,0.11023995868058618,0.09706713593964066,0.13062154422596453,0.14224943326183742,tmalign,6,2191,260.7129074087981,0.6616247785287748,0.995706093723046,208.51454382472568,205.26117849101624,201.68653362672666,219.11672413749355,279.24078846508354,222.76395370900914,222.6217042757473,0.6966133384319986,False,kabsch_exclude_4A,tmalign
kabsch_exclude_4A,6i7u_A,1,372,0.24730336140360562,0.7362987012987013,0.15073866847769862,0.07081623872121175,0.14327391304753043,0.1483190195368869,0.21434210674329238,0.270060510052876,0.1693623576203595,tmalign,1,372,1399.234660293827,0.5,0.956989247311828,1414.7971890370052,1412.296841298992,1409.7373351050276,1407.4242361998017,1395.8351215780865,1408.0181446437828,1407.8487822861623,0.8062505788341294,False,kabsch_exclude_4A,tmalign
kabsch_exclude_4A,8x84_C,32,12192,0.2831354541835446,0.9243382417485956,0.45231109247499257,1.3321401743839185,1.41547145601362,1.3360725393285975,0.5996298518524888,0.21470625645122746,0.9796040556059706,tmalign,32,12192,12284.14254195197,0.5,0.9958989501312336,12291.176887313524,12291.143782873949,12290.886975068599,12290.657465889393,12283.486001163827,12289.470222461858,12288.490618406251,0.5435878576562411,False,kabsch_exclude_4A,tmalign
kabsch_exclude_4A,3m0o_B,119,45807,0.13726505536647163,0.7084267864857879,0.11452199965577464,0.21367950598691024,0.15764255580742267,0.1258274019793097,0.11734657227181869,0.14050572244451254,0.15100035169799478,tmalign,119,45807,1057.7891697416942,0.5518203573147069,0.9912679643932009,930.9440735481282,971.9446951869245,976.136866616738,971.9186601051961,1085.1524648188815,987.2193520551737,987.0683517034756,0.8767459647374263,False,kabsch_exclude_4A,tmalign
kabsch_exclude_4A,1jll_E,22,8491,0.23249868025007095,0.7939917888359416,0.2004806839263291,0.07976912805701003,0.10627353915632679,0.17663906134546062,0.20126887617951578,0.24936569787698687,0.16266326052306002,tmalign,22,8491,1399.9007996713656,0.17541825095057037,0.9855867224992869,1466.6189632205403,1529.8323802117466,1491.984029437357,1487.7604760821473,1370.1664068578389,1469.272451161926,1469.109787901403,0.7851060385729578,False,kabsch_exclude_4A,tmalign
kabsch_exclude_4A,2pp3_B,15,5925,0.11909651551034128,0.9611535932462243,0.07812413414998354,0.15707484467162025,0.30085795038577284,0.22602698767497656,0.15106390468939485,0.0956378152267997,0.18613230052971283,tmalign,15,5925,644.7984425197711,0.5,0.9971308016877637,842.6284176720513,810.1536963144938,864.7522778316211,812.0928874017392,585.9954146847447,783.12453878093,782.9384064804003,0.9190066675377802,False,kabsch_exclude_4A,tmalign
kabsch_exclude_4A,8ka0_C,2,810,0.7153751229936326,0.7406629659000793,0.6835360669763935,0.11154861251513166,0.238910211622715,0.2155921459197998,0.3057516153029939,0.8429768313535878,0.3429558833428456,tmalign,2,810,2554.892502028854,,,2484.2609278361,2525.987080383301,2670.0549746546253,2696.598062555841,2524.8326155988475,2580.346732205743,2580.0037763224004,,False,kabsch_exclude_4A,tmalign
kabsch_exclude_4A,6bau_B,12,4896,0.20925601243210373,0.5936290729628176,0.013341883118170092,0.14860399719327688,0.20107552453520752,0.21550280787050724,0.16016591406660155,0.21825226456914942,0.1887201016469485,tmalign,12,4896,635.4740152370453,0.561531207133059,0.993388581590102,603.7407169140876,590.1807199535182,595.3347564673888,604.7051790964091,648.2291031368593,608.4380951136525,608.2493750120055,0.9800466984719319,False,kabsch_exclude_4A,tmalign
kabsch_exclude_4A,6l7d_A,99,42931,0.36982369090400435,0.7739250002301358,0.3419333703535533,1.493275105827786,0.5895025017957164,0.4840505084844822,0.44284823030815723,0.3362354859453983,0.669182366472308,tmalign,99,42931,5028.785944738278,0.5191507894574906,0.9979419243788916,5119.952090203963,1751.2775130207672,3333.2366908484996,4860.67140613143,5251.805246493526,4063.3885893396377,4062.7194069731654,0.6560085540253383,False,kabsch_exclude_4A,tmalign
kabsch_exclude_4A,9j83_A,1,427,2.1072298061512673,0.6639487179487179,0.9286429399678391,0.3233963946501414,0.7540610513903878,1.076306802034378,1.284431960937139,2.3250444839652786,1.152648138595465,tmalign,1,427,32293.81964125622,,,31626.90771484375,31905.321244673294,31297.73990234375,31447.431310705237,32471.86117927573,31749.852270368352,31748.699622229757,,False,kabsch_exclude_4A,tmalign
kabsch_exclude_4A,9cp9_B,3,1298,0.11964127316192734,0.8596414728682171,0.040440255696284594,0.19936700330840218,0.07442866998414198,0.08018718773097384,0.10165971085429192,0.1269505061153711,0.11651861559863622,tmalign,3,1298,880.8359586525427,0.5014157014157015,0.9976878251409609,841.6567872365316,991.6494724909464,918.6792170861188,850.5679301261902,878.5602873976471,896.2227388674868,896.1062202518881,0.9572475694446763,False,kabsch_exclude_4A,tmalign
kabsch_exclude_4A,4wef_A,20,8620,0.17616481255500074,0.8264245478421458,0.2190658122519847,0.1287388361990452,0.08573465401581092,0.10211767630488441,0.12778337271551468,0.19553928419434125,0.1279827646859193,tmalign,20,8620,2311.8530921338365,0.4912177475592747,0.9981915169185187,2372.3085209846495,2374.7956021055,2321.5035176021015,2376.348790736313,2295.8129775771667,2348.153881801146,2348.02589903646,0.779125704666534,False,kabsch_exclude_4A,tmalign
kabsch_exclude_4A,8jce_G,144,65232,0.15133401159407708,0.9295162509448223,0.25007015978257296,0.2554620827237765,0.0858367366635781,0.10765784694985658,0.0786835439152099,0.15878739557813984,0.1372855211661122,tmalign,144,65232,46454.65969489499,0.3725461836828611,0.9990117077345089,46454.027992533585,46456.36911962324,46455.73929856807,46453.03053526699,46454.69972680207,46454.77333455879,46454.636049037625,0.7489415479519359,False,kabsch_exclude_4A,tmalign
kabsch_exclude_4A,6ej6_A,1,455,0.1132404982531955,,,0.17208238939444223,0.10916669101764759,0.08692062315681288,0.08689221789339378,0.12002564635030319,0.11501751356251995,tmalign,1,455,1534.2950635302197,,,1799.510986328125,1694.5655924479167,1732.6469096522178,1623.0258493731098,1491.1266866284748,1668.175204885969,1668.0601873724065,,False,kabsch_exclude_4A,tmalign
kabsch_exclude_4A,3pnv_A,3,1451,0.6067276646920334,0.6636218033568063,0.3603180295092957,0.3272143171893226,0.2675556617754477,0.36311649322948036,0.5265731639033105,0.637490864577688,0.42439010013504974,tmalign,3,1451,243.21522956267052,0.4678423236514523,0.9963491120226408,310.5052490234375,304.8650432162815,302.50697727764356,331.3407759786654,229.54345919466076,295.75230093813775,295.3279108380027,0.6360310825133451,False,kabsch_exclude_4A,tmalign
kabsch_exclude_4A,9bc6_C,32,15488,0.5069920930266765,0.4698050560141509,0.322709330380883,0.2654166044667363,0.31750764950577703,0.6655348246269746,0.4635785910931806,0.5073395726301283,0.44387544846455934,tmalign,32,15488,19540.24750588551,,,19546.057772318523,19545.67232131958,19645.508017377157,19589.916446562736,19531.36470788809,19571.70385309322,19571.259977644753,,False,kabsch_exclude_4A,tmalign
kabsch_exclude_4A,6m4l_A,2,992,0.1172775849868964,0.8726069246435846,0.040922914291337674,0.13111606612801552,0.0714057357981801,0.1050505123178785,0.14306396427987653,0.11475532483214716,0.11307832067121955,tmalign,2,992,1048.619354084855,,,740.440813700358,755.2213356018067,843.9738126595815,938.9006927808126,1089.3609328285124,873.5795175142142,873.466439193543,,False,kabsch_exclude_4A,tmalign
kabsch_exclude_4A,9hkm_C,3,1512,0.5181571157259877,0.6994063145092894,0.3134603295710085,2.481262435515722,1.2024493100850477,0.669482879521488,0.5841330661973421,0.46651985693043074,1.080769509650006,tmalign,3,1512,22425.794479472297,,,21797.134385850695,22738.41842518682,22567.295868808782,22565.278029096888,22390.193167159494,22411.663975220537,22410.58320571089,,False,kabsch_exclude_4A,tmalign
kabsch_exclude_4A,6o4b_G,1035,526729,0.3176412247936895,0.7389244536698778,0.19263775474651817,0.38565951793150144,0.2102038411929438,0.19753894448314596,0.19556793477911996,0.3434913384843432,0.26649231537421086,tmalign,1035,526729,1631.908341277011,0.5243453114766109,0.9969329155220994,1589.633613881968,1595.3667846475553,1596.451167887732,1613.5635259032224,1637.8369310395237,1606.5704046720004,1606.3039123566261,0.8042951607755813,False,kabsch_exclude_4A,tmalign
kabsch_exclude_4A,3dl5_C,76,38544,0.23976655310563172,0.7405173623961511,0.14381927564712743,0.5026824954701098,0.20849015307338797,0.13198569079243405,0.15219561897105546,0.24872368346863813,0.24881552835512508,tmalign,76,38544,14061.45527977839,0.44339025276379296,0.9997060252861618,14663.73869938181,17997.691879746493,8263.4898925531,6670.620374857013,14748.328307392332,12468.77383078615,12468.525015257794,0.8558867496390343,False,kabsch_exclude_4A,tmalign
kabsch_exclude_4A,2xhn_B,2,1016,0.13782415861689198,,,0.13368284578124684,0.11400732677429916,0.1226909532956779,0.09376174195383033,0.1451078189642659,0.12185013735386403,tmalign,2,1016,826.0131820026752,0.5,0.9468503937007874,825.5749528010687,820.7640880740115,821.7742597579957,824.230713535942,826.6737216620792,823.8035471662193,823.6816970288655,,False,kabsch_exclude_4A,tmalign
kabsch_exclude_4A,3jtq_B,4,2088,0.11031548963534964,0.977482555018787,0.3126819667160391,0.15494859342773756,0.06652970192953944,0.07945147314323829,0.11313128372233722,0.11145109903143133,0.10510243025085678,tmalign,4,2088,856.910876571397,0.4693045563549161,0.9987406473467124,818.1706975301107,813.7763129472733,805.3201183172373,802.151811538204,862.9697800391699,820.477744074399,820.3726416441481,0.6860586806306733,False,kabsch_exclude_4A,tmalign
kabsch_exclude_4A,6k0q_A,8,4472,0.12028913191420339,0.6766121809225258,0.003859621317344262,0.0691564812635382,0.06736143004370503,0.06743033012630893,0.08461996008744081,0.13005239771074728,0.08372411984634806,tmalign,8,4472,165.44231058377605,0.5912512030371977,0.9912384888539194,157.56824254989624,158.5936540282599,159.91647983999815,159.28790559942863,166.80668063515202,160.43459253054698,160.35086841070063,0.9873788675365751,False,kabsch_exclude_4A,tmalign
kabsch_exclude_4A,6bl6_B,47,26973,1.500061777736549,0.5805552015984587,0.4752191399012442,1.357412032069678,0.9995818072482228,1.203131461645892,1.3140554455908806,1.5375430965031325,1.282344768611561,tmalign,47,26973,21742.072475380315,0.8588097052417206,0.9999216823407289,21475.24664817634,22788.040527367823,22812.360423122685,23163.8795934735,21566.22938187902,22361.151314803872,22359.86897003526,0.5247025424394847,False,kabsch_exclude_4A,tmalign
kabsch_exclude_4A,5vec_B,6,3384,0.14641019439596648,0.8549554467304694,0.23932228415592147,0.16194844121734303,0.13755849481870733,0.25161023690928647,0.20756906151097823,0.13451718465391882,0.17864068382204676,tmalign,6,3384,1218.0830407411358,0.5,0.9955673758865248,1082.9889176686604,1109.2448762893678,1133.396431416641,1135.8387168552858,1234.1117319112225,1139.1161348282355,1138.9374941444134,0.7562450917306033,False,kabsch_exclude_4A,tmalign
kabsch_exclude_4A,3o98_B,1,603,0.15392975102967982,0.9568106312292359,0.037037037037037035,0.06113457679748533,0.14187182079661975,0.13153860281253682,0.16759827435016633,0.15466884884837212,0.13136242472103604,tmalign,1,603,274.29490946717624,0.5,0.9734660033167496,264.6136112213135,261.9451172568581,262.97268867492676,261.1213879776001,276.5535606171863,265.44127314957694,265.3099107248559,0.9364289662797125,False,kabsch_exclude_4A,tmalign
kabsch_exclude_4A,4bl2_B,38,24318,0.595640558830322,0.679107021897402,0.31610683495003394,0.4491666966158411,0.4859627359938857,0.43776521569816396,0.443303975852786,0.6164542760604964,0.48653058004423466,tmalign,38,24318,1368.5220146751642,0.1705308240332743,0.9971475296735419,772.4168691427811,827.5288602240776,798.7142048079905,782.244783282375,1449.2738239689359,926.0357082852321,925.5491777051878,0.6810406947235079,False,kabsch_exclude_4A,tmalign
kabsch_exclude_4A,5hgv_C,4,2738,0.23944838281443317,0.6463959019392609,0.002934880520059602,0.29128912432740134,0.2607674374732943,0.215229439831871,0.23092155086324195,0.24038779900023868,0.24771907029920945,tmalign,4,2738,708.174621367072,0.24325821943110454,0.9829978364314926,716.5616806745529,717.1328010161718,719.8475689024532,722.094460505328,706.7092437044646,716.4691509605942,716.221431890295,0.980062955911433,False,kabsch_exclude_4A,tmalign
kabsch_exclude_4A,9sd5_A,1,686,0.11546153710943269,0.7934701492537313,0.26342484617216,0.09358792503674823,0.38075391793002694,0.10941162814075749,0.070534838403159,0.11402631197745601,0.15366292429762954,tmalign,1,686,223.08023403960743,0.5076726342710998,0.9669710041188434,233.97123877207437,233.35495887200037,234.04852295046052,230.7342053068445,221.7819918802629,230.77818355632854,230.6245206320309,0.7035461579466834,False,kabsch_exclude_4A,tmalign
kabsch_exclude_4A,6zy0_A,1,701,0.1130084548512216,0.9957142857142858,0.25,0.09397695958614354,0.16123316809535027,0.09470339984663072,0.09551877555038248,0.11487488762883101,0.1120614381414676,tmalign,1,701,4634.8378505734,,,4487.91015625,4586.973089599609,4472.0039574407765,4505.193588256836,4656.846769158336,4541.785512141111,4541.67345070297,,False,kabsch_exclude_4A,tmalign
kabsch_exclude_4A,4ok4_B,8,5728,0.22999252419344504,0.7044691464415037,0.16213508860723633,0.24093140584106246,0.2235983485636646,0.20508227466295162,0.17830136918381556,0.2358792285047321,0.21675852535124526,tmalign,8,5728,1533.426470426416,0.8333697552447553,0.9996371363178365,1487.5801009337108,1523.0407751292398,1518.945625964393,1552.3046439475395,1532.7817113687775,1522.930571468732,1522.7138129433808,0.8375020477106001,False,kabsch_exclude_4A,tmalign
kabsch_exclude_4A,8f79_A,12,8602,1.857060240580549,0.5714095563770216,0.7500378544761753,2.8089092804325952,2.3729632776230574,2.0225929482416674,1.7780488242084782,1.8508507508108156,2.1666730162633225,tmalign,12,8602,74069.94292606939,,,71202.24574788411,71749.61240641277,73743.40482584636,72461.85935465495,74145.69847101731,72660.5641611631,72658.39748814683,,False,kabsch_exclude_4A,tmalign
kabsch_exclude_4A,3zwb_B,7,5067,0.194800362450065,0.8255846345940515,0.14097527327700415,0.13779918991384052,0.14995647945574353,0.13351236181580914,0.1618398254244064,0.20191084937489556,0.15700374119693902,tmalign,7,5067,79.01944644647118,0.42935399585548245,0.9950057357864742,64.52234558832077,63.54044589996338,63.105887839224486,63.12518680616639,81.58016655690297,67.1748065381156,67.01780279691866,0.8540304625094701,False,kabsch_exclude_4A,tmalign
kabsch_exclude_4A,3wfz_C,4,2978,0.1076659548543256,0.6511140235910878,0.017375103547304278,0.09185969332853954,0.053917123174125496,0.12468541570706293,0.07326347035048274,0.11039342503822276,0.0908238255196867,tmalign,4,2978,148.3054630549861,0.4024149740198394,0.9749743781967254,153.0887654622396,152.48958307865894,152.18540019262582,149.25065307838653,147.93197493262528,150.98927534890726,150.89845152338756,0.9575992746494211,False,kabsch_exclude_4A,tmalign
kabsch_exclude_4A,9m80_B,4,3344,0.394807853166161,0.8358212454788727,0.4271747578821612,0.09323754285772644,0.21711376096521104,0.2568775415420532,0.2988394302911721,0.4087468635076993,0.2549630278327724,tmalign,4,3344,34251.37752489154,,,33299.56565348307,33220.36839076451,32990.13713747956,33515.4142873953,34355.56327597767,33476.209749020025,33475.954785992195,,False,kabsch_exclude_4A,tmalign
kabsch_exclude_4A,1h7x_D,22,22372,0.18679286084521177,0.8507774099752425,0.12735276538265425,1.8481590350468953,2.0334738681231403,0.6715243913945687,0.128587330799244,0.15080038298356854,0.9665090016694833,tmalign,22,22372,2427.701473952471,0.7938654652710087,0.9993278140238308,2402.1019416288896,2424.560968942879,2412.614625051202,2336.1559700423213,2432.9801440201036,2401.6827299370793,2400.7162209354096,0.8719750486411765,False,kabsch_exclude_4A,tmalign
